ULAND;UJAHR;UMONAT;USTUNDE;UWOCHENTAG;UKATEGORIE;UART;UTYP1;IstRad;IstPKW;IstFuss;IstKrad;IstSonstig;LICHT;STRZUSTAND;XGCSWGS84;YGCSWGS84
2;2017;3;12;7;3;2;6;0;1;0;0;0;0;0;9.421332365;52.01728376
2;2017;2;5;6;3;5;3;1;1;0;0;0;2;1;9.733898481;52.41361821
2;2017;2;14;6;3;2;6;0;1;0;0;0;0;0;9.714239939;51.660907
2;2017;2;8;6;3;8;7;1;0;0;0;0;0;1;10.09487061;51.68724185
2;2017;3;12;7;3;5;3;1;1;0;0;0;0;0;10.56411702;52.11760599
2;2017;3;8;7;3;3;7;0;1;0;0;1;0;0;11.05291758;52.22118722
2;2017;2;9;6;3;4;6;0;1;0;0;1;0;1;9.098513937;52.20637655
2;2017;2;11;6;3;0;1;0;1;0;0;0;0;1;9.294551694;52.28803809
2;2017;2;18;6;3;5;3;0;1;0;0;0;2;1;10.01724529;52.16153554
2;2017;2;22;6;3;9;1;0;1;0;0;0;2;2;9.764495055;51.5798425
2;2017;2;13;6;3;5;3;0;1;0;0;0;0;0;9.939874714;51.5245893
2;2017;3;15;6;3;2;6;0;1;0;0;0;0;0;8.156850921;52.32537327
2;2017;2;9;6;3;2;6;0;1;0;0;0;0;1;9.939338113;51.55632567
2;2017;3;15;6;3;9;7;0;1;0;0;0;0;0;8.043683108;52.20521757
2;2017;3;6;6;3;8;1;0;1;0;0;0;2;1;8.036997444;52.14963615
2;2017;3;19;6;3;0;7;1;0;0;0;0;2;1;7.671898133;52.51392723
2;2017;3;16;6;3;3;2;1;1;0;0;0;0;0;7.575756328;53.13573924
2;2017;3;7;6;2;5;3;1;1;0;0;0;0;2;7.487383201;53.30382734
2;2017;3;7;6;2;9;1;0;1;0;0;0;0;1;7.667752277;52.896224
2;2017;3;5;6;3;9;1;0;1;0;0;0;1;2;7.650413169;53.00698873
2;2017;3;15;6;3;2;2;0;1;0;0;0;0;1;7.079420118;52.30092537
2;2017;3;11;6;3;5;3;1;1;0;0;0;0;0;7.061545987;52.44275742
2;2017;3;7;6;3;5;3;1;1;0;0;0;0;1;7.284426023;52.85694969
2;2017;2;8;6;3;5;3;0;1;0;0;0;0;1;9.940777656;51.52063661
2;2017;2;19;6;2;1;5;0;1;0;0;1;2;1;10.19638863;52.33328421
2;2017;2;7;6;3;2;6;0;1;0;0;0;0;1;10.15913571;51.85735669
2;2017;2;11;6;3;8;1;0;1;0;0;0;0;1;10.53747736;51.91114569
2;2017;2;12;6;3;8;1;0;1;0;0;0;0;2;10.80059765;52.49784151
2;2017;2;12;6;3;4;2;0;1;0;0;0;0;1;10.80056094;52.4976999
2;2017;2;14;6;3;2;6;0;1;0;0;0;0;0;10.72464138;52.37550707
2;2017;2;13;6;3;2;6;0;1;0;0;0;0;0;10.73337335;52.33744266
2;2017;2;11;6;3;3;6;0;1;0;0;1;0;0;10.88883792;52.28877593
2;2017;3;13;6;3;5;3;0;1;0;0;0;0;0;7.314648408;52.86024104
2;2017;2;12;6;3;2;6;0;1;0;0;0;0;1;10.50879905;52.27287421
2;2017;2;7;5;3;8;1;0;0;0;0;1;0;1;8.157530304;52.16785968
2;2017;3;7;6;2;4;6;0;1;0;0;0;0;1;7.530777435;53.58300023
2;2017;3;14;6;3;5;2;0;1;0;0;0;0;0;7.839677004;53.45117593
2;2017;3;7;6;2;9;1;0;1;0;0;0;1;2;8.207738693;52.93465445
2;2017;3;7;6;2;8;1;0;1;0;0;0;1;1;7.668305011;53.59422151
2;2017;3;7;6;2;8;1;0;1;0;0;0;0;2;7.858348037;53.61438744
2;2017;3;7;6;3;0;7;0;0;0;1;0;0;2;7.161038177;53.40875242
2;2017;2;18;5;2;0;4;0;1;1;0;0;2;1;7.945155302;52.67500153
2;2017;2;6;5;3;5;3;0;1;0;0;1;2;1;8.012183007;52.29550784
2;2017;2;13;5;3;5;3;1;1;0;0;0;0;1;7.622202276;53.1407151
2;2017;3;7;6;3;9;1;0;1;0;0;0;1;1;7.294530517;53.61806755
2;2017;2;18;5;3;2;2;0;1;0;0;0;0;1;7.291941475;53.17926269
2;2017;3;17;6;3;8;1;0;0;0;1;0;1;0;7.593643271;53.50971079
2;2017;3;7;6;3;8;1;0;1;0;0;0;0;1;7.932981518;52.69856748
2;2017;3;22;6;3;8;1;0;1;0;0;0;2;1;7.950236425;53.5624242
2;2017;3;15;6;2;6;4;0;1;1;0;0;0;0;8.091717286;53.57455139
2;2017;3;7;6;3;9;1;0;1;0;0;0;0;2;8.075851015;53.57523352
2;2017;3;6;6;2;8;1;0;1;0;0;0;1;2;8.880564818;53.34343871
2;2017;3;19;6;3;2;6;0;1;0;0;1;2;1;9.017020797;53.02712744
2;2017;3;7;6;3;8;1;0;1;0;0;0;0;2;8.592400147;52.86484212
2;2017;3;7;6;3;5;3;1;1;0;0;0;0;1;8.644552908;53.04799389
2;2017;2;15;5;3;9;1;0;1;0;0;0;0;1;6.959992699;52.54859724
2;2017;2;14;5;3;0;2;0;1;0;0;0;0;1;7.081529399;52.36957658
2;2017;2;6;5;3;5;3;0;1;0;0;0;2;1;7.26409157;52.84425063
2;2017;2;13;5;3;2;6;0;1;0;0;0;0;1;7.295537399;52.71380091
2;2017;2;7;5;3;2;6;0;1;0;0;0;1;1;7.30784859;52.59783434
2;2017;2;14;5;3;1;5;0;1;0;0;0;0;1;7.41229466;52.60149358
2;2017;2;17;5;3;5;3;0;1;0;0;0;1;1;7.498020432;53.58701421
2;2017;2;23;5;2;9;1;0;1;0;0;0;2;1;7.666457814;53.66443555
2;2017;2;9;5;3;4;2;0;1;0;0;0;0;1;7.839677004;53.45117593
2;2017;3;7;6;3;5;2;1;1;0;0;0;0;0;8.819038561;53.43461863
2;2017;2;6;5;3;5;3;0;1;0;0;1;2;1;7.281224661;53.51834534
2;2017;3;7;6;3;4;6;0;1;0;0;0;0;2;9.877948932;53.38314406
2;2017;2;15;5;3;2;6;0;1;0;0;0;0;1;7.478950364;53.46679938
2;2017;3;6;6;3;8;7;0;1;0;0;0;0;2;9.972207898;53.29587853
2;2017;2;10;5;3;2;2;0;1;0;0;0;0;1;8.12340591;52.58812425
2;2017;2;14;5;3;5;2;0;1;0;0;0;0;1;8.127857539;53.3483203
2;2017;2;16;5;3;4;2;0;1;0;0;0;0;1;8.707333553;53.18696385
2;2017;2;15;5;3;2;6;0;1;0;0;0;0;1;7.86275762;53.29310483
2;2017;3;7;6;3;8;1;0;1;0;0;0;1;2;9.830194299;53.28648619
2;2017;3;9;6;3;2;6;0;1;0;0;1;0;0;9.593900751;53.49782383
2;2017;3;9;6;3;2;6;0;1;0;0;0;0;0;9.345809654;53.59137818
2;2017;3;9;6;3;2;6;0;1;0;0;1;0;0;9.379059569;53.59428949
2;2017;3;13;6;3;2;6;0;1;0;0;0;0;0;9.692792768;52.67558085
2;2017;3;10;6;3;2;6;0;1;0;0;0;0;0;9.69046263;52.68215121
2;2017;3;8;6;3;9;1;0;1;0;0;0;2;2;9.919400158;52.91230573
2;2017;3;7;6;2;9;1;0;1;0;0;0;0;2;9.792896533;53.00980419
2;2017;2;6;5;3;2;2;0;1;0;0;0;1;1;8.823892186;52.92651446
2;2017;3;7;6;2;4;1;0;1;0;0;0;0;2;9.378771532;53.3475542
2;2017;3;5;6;3;5;3;0;1;0;0;0;2;0;9.28403985;53.28443138
2;2017;3;7;6;3;5;3;0;1;0;0;0;0;1;9.144148082;53.48772637
2;2017;2;8;5;3;4;2;0;1;0;0;1;0;1;8.839305229;52.68068248
2;2017;2;16;5;2;0;7;0;1;0;0;0;0;1;8.638111264;53.04337605
2;2017;2;19;5;3;5;3;1;1;0;0;0;2;1;9.704106411;53.47783799
2;2017;2;18;5;3;8;1;0;1;0;0;0;2;1;9.746261637;53.48523046
2;2017;3;11;6;3;2;2;0;1;0;0;0;0;0;9.23799441;53.07368507
2;2017;2;18;5;3;2;2;0;1;0;0;0;2;1;9.307052368;53.61349041
2;2017;2;11;5;1;8;7;0;1;0;0;0;0;1;9.173108846;53.57250683
2;2017;3;21;6;2;3;6;0;1;0;0;0;2;1;9.22364713;53.14244021
2;2017;2;15;5;2;4;2;1;1;0;0;0;0;1;9.597322702;52.86214219
2;2017;2;16;5;3;2;6;0;1;0;0;0;0;1;9.844813618;52.98685163
2;2017;2;16;5;3;2;6;0;1;0;0;0;0;1;9.578445134;52.98463257
2;2017;3;20;6;3;5;2;1;1;0;0;0;2;1;9.39774112;53.10668498
2;2017;2;17;5;3;8;1;0;0;0;1;0;0;1;9.270742867;53.06551599
2;2017;3;7;6;2;8;1;0;1;0;0;0;0;2;10.53089168;53.13113194
2;2017;2;10;5;3;2;6;0;1;0;0;0;0;1;10.42627599;53.26914604
2;2017;3;7;6;3;9;1;0;1;0;0;0;0;2;10.48931075;53.04496099
2;2017;3;6;6;2;9;1;0;1;0;0;0;0;2;10.49797637;52.95208033
2;2017;3;7;6;3;9;1;0;1;0;0;0;1;2;10.57622881;52.94294846
2;2017;3;6;6;3;9;1;0;1;0;0;0;0;2;10.50357317;52.9907361
2;2017;2;14;5;3;8;1;0;1;0;0;0;0;1;9.467113227;52.33320102
2;2017;3;18;6;3;6;4;0;1;1;0;0;2;0;10.3855088;53.2948892
2;2017;2;20;5;3;5;3;0;1;0;0;0;2;1;9.599888445;52.43514212
2;2017;2;19;5;3;7;7;1;0;0;0;0;2;1;9.72868923;52.54022106
2;2017;2;18;5;3;8;1;0;1;0;0;0;2;1;9.664423362;52.47540699
2;2017;3;13;6;3;5;3;0;1;0;0;1;0;0;10.52844402;53.28932948
2;2017;3;19;6;3;4;6;0;1;0;0;0;2;0;9.961436059;52.8108173
2;2017;2;23;5;3;9;1;0;1;0;0;0;2;1;9.83073856;52.29875647
2;2017;2;16;5;3;4;7;0;1;1;0;1;0;1;10.11425714;52.34727847
2;2017;2;9;5;2;5;3;0;1;0;0;0;0;1;9.728155523;52.57836107
2;2017;2;6;5;3;2;6;0;1;0;0;1;1;1;9.638179912;52.41633635
2;2017;2;8;5;3;2;6;0;1;0;0;0;0;1;9.444447435;52.36809603
2;2017;2;18;5;3;3;2;0;1;0;0;1;1;1;10.33658913;51.65075371
2;2017;2;7;5;3;9;7;0;1;0;0;0;2;1;10.21294202;51.77494106
2;2017;2;13;5;3;2;2;0;1;0;0;0;0;1;9.126418615;52.29596101
2;2017;3;10;6;3;5;3;0;1;0;0;0;0;0;9.733295188;52.48216463
2;2017;2;11;5;3;8;1;0;1;0;0;0;0;1;9.432129206;52.21463081
2;2017;3;15;6;3;2;2;0;1;0;0;0;0;0;9.734396505;52.47499436
2;2017;2;7;5;3;3;6;0;1;0;0;1;2;1;9.353261675;52.10144811
2;2017;3;13;6;3;5;3;1;1;0;0;0;0;0;9.858262137;52.38738925
2;2017;3;8;6;2;5;3;1;1;0;0;0;0;0;9.827064826;52.34289767
2;2017;3;7;6;3;5;3;0;1;0;0;1;0;1;9.632320748;52.41129154
2;2017;3;10;6;3;2;6;0;1;0;0;0;0;0;9.76442024;52.58448768
2;2017;3;7;6;3;3;1;0;1;0;0;0;0;1;9.874227156;52.42480701
2;2017;3;13;6;3;2;6;0;1;0;0;0;0;0;9.421230453;52.34574265
2;2017;3;6;6;2;4;1;0;1;0;0;1;1;2;10.14938526;51.69632542
2;2017;3;6;6;3;9;1;0;1;0;0;0;1;2;10.30329112;51.68703695
2;2017;3;13;6;3;5;3;0;1;0;0;0;0;0;9.871354414;51.80445039
2;2017;2;23;5;3;8;1;0;0;0;1;0;2;1;9.739497114;51.54580443
2;2017;3;16;6;3;3;6;0;1;0;0;1;0;0;10.12874637;51.88048168
2;2017;2;15;5;3;5;3;0;1;0;0;0;0;1;9.910971249;51.58366062
2;2017;3;13;6;3;5;3;0;1;0;0;0;0;0;9.232347235;51.98649545
2;2017;2;7;5;3;2;6;0;1;0;0;0;0;1;9.640705084;51.36989128
2;2017;3;23;6;3;5;2;0;1;0;0;0;2;0;9.355902186;52.1071172
2;2017;2;8;5;3;4;2;0;1;0;0;0;1;1;9.939715166;51.51397326
2;2017;2;13;5;2;4;6;0;1;0;0;0;0;1;10.96415932;52.15831992
2;2017;2;17;5;2;5;2;1;1;0;0;0;0;0;10.54008757;52.16163951
2;2017;3;7;6;3;0;1;0;0;0;1;0;0;1;9.380984306;52.15276379
2;2017;2;6;5;3;2;6;0;1;0;0;1;1;1;10.2319104;52.29608272
2;2017;3;8;6;3;2;6;0;1;0;0;0;0;1;9.755849188;51.39646321
2;2017;2;8;5;3;3;6;0;1;0;0;0;0;1;10.42808382;52.17856851
2;2017;2;10;5;3;2;6;0;1;0;0;0;0;1;10.53213391;52.38623026
2;2017;3;16;6;3;5;2;0;1;0;0;1;0;0;9.933816302;51.53835503
2;2017;2;14;4;3;9;1;0;1;0;0;0;0;1;8.453575423;52.19874576
2;2017;3;14;6;3;2;6;0;1;0;0;0;0;0;9.888440813;51.5551829
2;2017;2;8;4;3;6;6;0;1;1;0;0;0;1;7.972287811;52.34566811
2;2017;3;6;6;3;9;1;0;0;0;0;1;0;2;11.04535579;52.24867131
2;2017;2;8;4;3;9;1;0;1;0;0;1;0;1;7.553379084;53.30017912
2;2017;3;7;6;3;0;1;0;0;0;1;0;0;1;10.26367349;52.08069641
2;2017;2;7;4;3;8;1;0;1;0;0;0;2;1;7.531187109;53.20137709
2;2017;3;9;6;3;4;2;0;1;0;0;0;0;0;10.42466217;51.93454212
2;2017;3;6;6;3;9;1;0;0;0;0;1;2;2;10.57657344;52.6873841
2;2017;3;7;6;3;8;1;0;1;0;0;0;0;2;10.54582639;52.62076952
2;2017;3;7;6;2;8;1;0;1;0;0;0;0;2;10.50895127;52.37584598
2;2017;3;20;6;2;5;2;0;1;0;0;0;1;0;10.6280386;52.56490235
2;2017;3;9;6;3;4;2;1;1;0;0;0;0;1;10.49838332;52.45280962
2;2017;3;14;6;3;2;6;0;1;0;0;1;0;0;10.5079918;52.31657688
2;2017;3;15;5;3;2;6;0;1;0;0;1;0;1;8.036536516;52.28105742
2;2017;2;13;4;3;5;3;0;0;0;0;1;0;1;7.281034707;52.27122204
2;2017;2;6;4;3;5;3;0;1;0;0;0;2;1;7.478319237;52.65901167
2;2017;2;13;4;2;6;4;0;1;1;0;0;0;0;7.316025272;53.59829498
2;2017;2;7;4;2;5;3;0;1;0;1;0;1;1;7.72996586;53.42185415
2;2017;2;7;4;2;4;6;0;1;0;0;1;1;1;7.358561181;53.49645743
2;2017;2;16;4;3;4;6;0;1;0;0;1;0;1;8.189013196;52.60382224
2;2017;2;6;4;3;5;3;1;1;0;0;0;2;1;8.31453403;52.83876645
2;2017;2;16;4;3;8;1;0;1;0;0;0;1;1;7.949344985;52.78115587
2;2017;3;5;5;3;8;7;0;1;0;0;0;2;1;7.768256898;53.26415497
2;2017;2;12;4;3;4;2;0;1;0;0;0;0;1;8.15217882;52.8329808
2;2017;3;16;5;2;8;1;0;1;0;0;0;0;1;7.035807713;52.41811965
2;2017;2;7;4;3;4;6;0;1;0;0;0;1;1;8.167383927;53.39082053
2;2017;3;0;5;3;9;1;0;1;0;0;0;2;1;7.436954437;53.07957955
2;2017;3;17;5;3;2;6;0;1;0;0;0;1;1;7.729315394;53.11475572
2;2017;3;16;5;3;2;6;0;1;0;0;0;0;1;8.260075883;52.78252846
2;2017;2;8;4;3;0;5;1;1;0;0;0;0;1;9.147270768;53.13161288
2;2017;2;22;4;2;5;3;1;1;0;0;0;2;0;9.232201857;52.91970481
2;2017;3;15;5;2;4;6;0;1;0;0;0;0;1;8.286493864;52.77167704
2;2017;3;18;5;3;8;1;0;1;0;0;0;2;1;8.006537048;52.84728591
2;2017;3;7;5;3;4;6;1;0;0;0;0;1;1;8.154466542;52.83347731
2;2017;3;14;5;2;4;2;0;1;0;0;0;0;0;8.773209019;53.23038469
2;2017;3;13;5;3;5;3;1;1;0;0;0;0;0;8.713137779;53.22923037
2;2017;3;9;5;3;8;1;0;1;0;0;0;0;1;8.102973849;53.19066915
2;2017;3;7;5;3;2;6;0;1;0;0;0;0;1;8.27840675;53.13688337
2;2017;3;15;5;3;2;6;0;1;0;0;0;0;1;8.193784041;53.15115444
2;2017;2;19;4;3;9;7;0;1;0;0;0;2;1;9.278035825;52.93233482
2;2017;3;16;5;3;5;3;1;1;0;0;0;0;1;8.244836298;53.15491511
2;2017;2;10;4;3;5;3;0;1;0;1;0;0;1;8.193836208;53.14312306
2;2017;3;7;5;3;5;3;1;1;0;0;0;0;1;8.82949689;52.9857745
2;2017;2;7;4;2;4;7;0;1;0;0;0;0;1;8.443369889;53.20464678
2;2017;3;7;5;3;2;2;0;1;0;0;1;1;1;8.434222235;53.48610452
2;2017;3;7;5;3;5;3;0;1;0;0;0;1;1;8.724786631;53.51730122
2;2017;3;13;5;3;5;3;0;1;0;0;0;0;0;9.678304329;53.46243957
2;2017;3;18;5;3;5;3;1;1;0;0;0;2;1;9.659003331;53.49979404
2;2017;3;15;5;3;2;6;0;1;0;0;1;0;0;9.489442767;53.58248749
2;2017;3;17;5;2;2;6;0;1;0;1;0;1;1;9.60038508;52.86328914
2;2017;3;16;5;3;5;3;0;1;0;0;0;0;1;9.482617302;53.16867801
2;2017;3;16;5;3;5;3;0;1;0;0;0;0;0;10.21375225;52.53535296
2;2017;2;18;4;3;5;2;1;1;0;0;0;2;0;8.60070794;53.04930673
2;2017;3;15;5;3;2;6;0;1;0;0;0;0;1;10.05976329;52.62045607
2;2017;2;17;4;3;0;7;0;1;0;0;0;0;0;8.666476328;53.47676461
2;2017;3;10;5;3;2;6;0;1;0;0;0;0;1;9.696791663;52.38003433
2;2017;3;20;5;3;2;6;0;1;0;0;0;2;1;9.696431151;52.37995937
2;2017;2;18;4;2;2;6;0;1;0;0;1;2;0;10.00301933;53.38492273
2;2017;2;7;4;2;6;4;0;1;1;0;0;2;1;9.99198004;53.40984975
2;2017;2;6;4;3;4;6;1;0;0;1;0;2;1;9.643086405;53.47802212
2;2017;2;16;4;3;5;3;1;1;0;0;0;0;0;9.482375864;53.6518662
2;2017;2;19;4;3;5;3;1;1;0;0;0;2;0;9.998078756;53.08903335
2;2017;3;19;5;3;0;7;1;0;0;0;0;2;1;9.712366898;52.40392437
2;2017;2;16;4;3;6;4;0;1;1;0;0;0;1;9.664191555;52.38436536
2;2017;2;22;4;3;3;6;0;1;0;0;0;2;1;9.750006013;52.36078249
2;2017;3;10;5;3;5;3;1;1;0;0;0;0;1;9.439659477;52.41797537
2;2017;2;15;4;3;6;4;0;1;1;0;0;0;1;9.762921942;52.34465537
2;2017;3;7;5;3;1;7;0;1;0;0;1;0;1;9.793599497;52.27496256
2;2017;2;17;4;3;2;7;0;1;0;0;0;1;1;9.716926978;52.28722595
2;2017;3;14;5;3;2;2;0;1;0;0;0;0;1;9.646489581;52.39927969
2;2017;2;13;4;2;0;1;0;0;0;1;0;0;1;9.605998265;52.31441824
2;2017;3;15;5;3;4;6;0;1;0;0;0;0;1;10.04831062;52.46430462
2;2017;3;16;5;2;6;4;0;1;1;0;0;0;1;9.779611434;52.19538755
2;2017;3;15;5;2;5;2;1;1;0;0;0;0;1;9.752056246;52.5282132
2;2017;3;22;5;2;9;1;0;1;0;0;0;2;1;9.416584392;52.33189129
2;2017;3;5;5;3;5;2;0;1;0;0;0;2;1;9.781724913;52.42485698
2;2017;2;16;4;3;8;1;0;1;0;0;0;0;1;9.978902165;52.37503431
2;2017;3;14;5;2;5;3;1;1;0;0;0;0;1;9.138327965;52.45416642
2;2017;2;15;4;3;8;1;0;1;0;0;0;0;1;9.466269262;52.45426699
2;2017;2;7;4;3;8;7;0;0;0;1;0;0;1;9.753873794;52.05500397
2;2017;2;18;4;3;4;6;0;1;0;0;0;2;1;10.07703624;52.104215
2;2017;2;7;4;1;8;7;0;1;0;0;0;1;1;10.11399194;52.16980071
2;2017;2;16;4;3;2;6;0;1;0;0;0;1;1;9.966885923;52.13782833
2;2017;2;10;4;3;2;6;0;1;0;0;0;0;1;9.972401114;52.15637702
2;2017;3;23;5;3;8;1;0;1;0;0;0;2;1;8.747263045;52.46451171
2;2017;3;20;5;3;5;2;0;1;0;0;0;2;1;9.192308112;52.31098431
2;2017;3;10;5;3;9;1;0;1;0;0;0;0;1;9.415682122;52.6520084
2;2017;3;6;5;1;4;6;0;1;0;0;1;1;1;9.738568996;52.16056344
2;2017;3;14;5;3;5;2;0;1;0;0;0;0;1;9.966997821;52.18344651
2;2017;3;22;5;3;8;7;0;1;0;0;0;2;1;9.644091795;52.0004372
2;2017;3;18;5;3;8;1;0;1;0;0;0;1;1;9.297706111;52.12081468
2;2017;2;13;4;3;6;4;0;1;1;0;0;0;1;9.802879192;51.9409874
2;2017;3;8;5;3;4;1;0;1;0;0;0;0;1;9.97218836;51.5471874
2;2017;2;14;4;3;2;2;0;1;0;0;0;0;1;9.351836455;52.09018414
2;2017;3;22;5;3;8;1;0;1;0;0;0;2;1;10.90233681;52.42076569
2;2017;2;7;4;3;8;1;0;0;0;1;0;1;1;9.358084854;52.0598259
2;2017;3;9;5;3;5;3;0;1;0;0;0;0;1;10.61407642;52.20257757
2;2017;2;11;4;2;9;1;0;1;0;0;0;0;1;9.930960063;51.40971052
2;2017;2;13;4;3;5;3;0;1;0;0;0;0;1;9.939730402;51.51416026
2;2017;2;12;4;3;4;6;0;1;0;0;0;0;1;10.89124165;52.42623129
2;2017;2;16;4;3;2;6;0;1;0;0;0;1;1;10.17817905;52.3435862
2;2017;3;9;5;2;5;3;0;1;0;0;0;0;1;10.49382165;52.15242593
2;2017;2;14;4;3;5;3;1;1;0;0;0;0;1;10.21149878;52.3255122
2;2017;2;13;4;3;5;3;0;1;0;0;0;0;1;10.32782296;52.14536201
2;2017;3;10;5;2;8;1;0;0;0;0;1;0;1;10.2926952;52.2833877
2;2017;2;13;4;2;8;1;0;0;0;0;1;0;0;10.82351652;52.48400812
2;2017;3;13;5;2;6;4;0;1;1;0;0;0;1;10.53862466;52.38057752
2;2017;3;8;4;3;2;2;0;1;0;0;1;0;1;8.280654886;52.21137802
2;2017;2;16;4;3;5;3;0;1;0;0;0;0;1;10.36955515;52.51230902
2;2017;3;16;4;3;5;3;0;1;0;0;0;0;0;7.946971527;52.3034888
2;2017;2;16;4;3;8;1;0;1;0;0;0;0;1;10.49038735;52.283476
2;2017;3;20;4;3;4;2;0;1;0;0;0;2;0;7.489518112;53.33329168
2;2017;3;7;4;3;0;7;0;1;0;0;1;0;1;7.61700098;52.80840955
2;2017;3;11;4;3;2;2;0;1;0;0;0;0;0;7.465382827;53.0431764
2;2017;3;13;4;3;2;2;0;1;0;0;0;0;0;7.486126837;53.01601198
2;2017;3;16;4;3;5;3;0;1;0;0;0;0;0;7.100405521;52.29612764
2;2017;2;16;4;3;9;1;0;1;0;0;0;1;1;10.50057765;52.07192949
2;2017;3;17;4;3;0;7;0;0;0;1;0;0;1;7.078065578;52.44055884
2;2017;2;11;4;1;9;6;0;0;0;0;1;0;1;10.65029306;52.30970243
2;2017;3;15;4;2;8;6;0;1;0;0;0;0;1;7.367350022;52.66013557
2;2017;2;0;4;3;3;6;0;1;0;0;1;2;0;10.34970448;52.34004256
2;2017;2;19;3;3;2;2;0;1;0;1;0;2;0;8.413991627;52.21280095
2;2017;3;11;2;3;2;6;0;1;0;0;1;0;0;7.937088005;52.55655444
2;2017;3;16;2;3;5;3;1;1;0;0;0;0;0;8.038384569;52.28726424
2;2017;3;7;2;3;2;6;0;1;0;0;0;0;0;7.990438739;52.29595451
2;2017;3;12;2;3;2;6;0;1;0;0;0;0;0;7.459441533;53.15997707
2;2017;3;20;2;2;9;7;0;1;0;0;0;2;0;7.48537137;53.01697665
2;2017;3;19;2;3;5;3;0;1;0;1;0;2;0;7.067158552;52.3965799
2;2017;3;11;2;2;5;3;0;1;0;0;0;0;0;7.341969104;53.57831676
2;2017;3;13;2;2;5;3;0;1;0;0;0;0;0;7.269324364;53.44951576
2;2017;3;6;2;3;3;6;0;1;0;0;1;1;0;7.939977303;52.94351967
2;2017;3;17;2;3;2;6;0;1;0;0;0;0;0;7.93481398;52.70234799
2;2017;3;6;2;2;9;1;0;1;0;0;1;0;0;8.07553338;52.79287068
2;2017;3;15;2;3;5;3;1;0;0;0;1;0;0;8.111043428;53.40885267
2;2017;3;9;2;3;2;6;0;1;0;0;1;0;0;8.589222661;53.21945264
2;2017;3;18;2;2;2;6;0;1;0;0;0;0;0;9.229141813;52.92606038
2;2017;3;15;2;2;5;3;0;1;0;0;1;0;0;8.176487773;53.24206575
2;2017;3;17;2;3;5;3;1;1;0;0;0;0;0;7.917380367;53.25311768
2;2017;3;9;2;3;2;6;0;1;0;0;0;0;0;8.226311685;53.21592702
2;2017;3;8;2;3;6;3;0;1;1;0;0;0;0;7.9966743;53.17992567
2;2017;3;14;2;2;9;1;0;0;0;1;0;0;0;8.69552941;52.74199006
2;2017;3;10;2;3;2;6;0;1;0;0;0;0;0;8.630858802;53.49525819
2;2017;3;13;2;3;2;6;0;1;0;0;0;0;0;8.596963341;53.47116013
2;2017;3;20;2;3;2;6;0;1;0;0;0;2;0;10.02458258;53.39608974
2;2017;3;18;2;3;5;3;0;1;0;0;0;1;0;9.729159198;53.50789057
2;2017;3;10;2;3;5;3;0;1;0;0;1;0;1;9.366427067;53.60236409
2;2017;3;10;2;2;2;6;0;0;0;0;1;0;0;9.696976205;52.66620518
2;2017;3;13;2;3;6;4;0;1;1;0;0;0;0;9.58681618;52.86493843
2;2017;3;13;2;3;5;3;1;1;0;0;0;0;0;9.41230227;53.1095745
2;2017;3;14;2;2;5;3;1;0;0;1;0;0;0;9.41230227;53.1095745
2;2017;3;4;2;2;9;7;0;1;0;0;0;2;0;11.05255733;53.00758317
2;2017;3;14;2;3;2;6;0;1;0;0;1;0;0;9.720548255;52.3385131
2;2017;3;13;2;3;5;3;1;1;0;0;0;0;0;9.697142414;52.3749749
2;2017;3;13;2;3;2;6;0;1;0;0;0;0;0;9.708343299;52.42249195
2;2017;3;16;2;3;2;6;0;1;0;0;1;0;0;9.733541453;52.38437234
2;2017;3;8;2;3;2;6;0;1;0;0;0;0;0;9.794162594;52.35065426
2;2017;3;13;2;2;8;7;0;1;0;0;0;0;0;9.726335511;52.51603499
2;2017;3;13;2;3;5;3;1;1;0;0;0;0;0;9.732923923;52.42360346
2;2017;3;10;2;2;6;7;0;0;1;0;1;0;0;9.664816578;52.38432028
2;2017;3;10;2;3;3;6;0;1;0;0;1;0;0;9.815115943;52.40235777
2;2017;3;12;2;3;8;6;0;0;0;0;1;0;0;9.272536945;52.57657767
2;2017;3;14;2;3;4;2;0;1;0;0;0;0;0;9.234549975;52.32989987
2;2017;3;16;2;3;2;6;0;1;0;0;0;0;0;9.081377236;52.19047251
2;2017;3;22;2;3;9;1;0;1;0;0;0;2;0;9.13054361;52.27088713
2;2017;3;10;2;3;5;3;0;1;0;1;0;0;0;9.780575814;52.08416669
2;2017;3;11;2;3;5;3;0;1;0;0;0;0;0;9.966885923;52.13782833
2;2017;3;11;2;2;6;4;0;1;1;0;0;0;0;9.376861644;52.10358943
2;2017;3;11;2;3;2;2;0;1;0;0;0;0;0;10.15448887;52.38125613
2;2017;3;9;2;3;5;3;0;1;0;0;0;0;0;10.3179704;52.16069108
2;2017;3;7;2;3;2;2;0;1;0;0;0;0;0;10.35164275;52.1526485
2;2017;3;14;1;2;4;6;0;0;0;1;0;0;0;8.162686878;52.22644407
2;2017;3;15;1;3;8;6;0;1;0;1;0;0;0;8.327837867;52.30834378
2;2017;3;5;1;3;8;1;0;1;0;0;0;1;0;8.205707588;52.36220129
2;2017;3;2;1;3;6;6;0;1;1;0;0;2;0;7.76868312;52.54280605
2;2017;3;11;7;3;5;2;0;1;0;0;0;0;0;10.54305244;52.26300553