ULAND;UJAHR;UMONAT;USTUNDE;UWOCHENTAG;UKATEGORIE;UART;UTYP1;IstRad;IstPKW;IstFuss;IstKrad;IstSonstig;LICHT;STRZUSTAND;XGCSWGS84;YGCSWGS84
2;2017;3;7;4;3;5;3;1;1;0;0;0;0;0;9.180824907;52.97665755
2;2017;3;18;4;3;2;6;0;1;0;0;0;2;1;8.190265283;53.14490686
2;2017;3;22;4;3;5;3;0;1;0;0;0;2;1;9.02564474;53.06028151
2;2017;3;17;4;3;3;6;0;1;0;0;0;0;1;8.213563398;52.82392099
2;2017;3;6;4;3;2;7;0;1;0;0;0;1;0;8.338242743;53.0671454
2;2017;3;9;4;3;8;1;0;1;0;0;0;0;0;8.662362284;53.72185264
2;2017;3;16;5;3;2;2;0;1;0;0;1;0;0;7.399176077;52.59169344
2;2017;3;21;4;2;4;1;0;1;0;0;0;2;2;9.540867566;53.50218698
2;2017;3;14;4;3;2;6;0;1;0;0;0;0;1;9.328302318;53.74998859
2;2017;3;8;5;3;2;2;0;1;0;0;0;0;0;7.245583374;53.5657458
2;2017;3;6;5;2;5;2;0;1;0;1;0;0;0;7.230968618;53.60333561
2;2017;3;12;5;3;2;6;0;1;0;0;0;0;0;7.486014721;53.46902838
2;2017;3;8;5;3;2;6;0;1;0;0;0;0;0;9.018432955;53.01561532
2;2017;3;13;5;2;5;2;0;0;0;0;1;0;0;9.297017108;52.8551252
2;2017;3;16;5;3;2;6;0;1;0;0;0;0;0;8.194133191;53.15309655
2;2017;3;12;4;2;8;1;0;1;0;0;0;0;0;10.79014287;53.26760173
2;2017;3;18;4;3;5;3;1;1;0;0;0;2;1;10.05785717;52.62035539
2;2017;3;15;4;3;5;2;0;1;0;0;0;0;1;9.608541181;52.34342148
2;2017;3;23;5;3;8;7;0;1;0;1;0;2;0;8.007273045;53.21155089
2;2017;3;14;4;3;5;3;0;1;0;0;0;0;1;9.599676068;52.43521174
2;2017;3;13;5;3;2;6;0;1;0;0;1;0;0;8.215152238;53.11826349
2;2017;3;16;5;3;5;3;1;1;0;0;0;0;0;8.724565245;53.03683064
2;2017;3;10;5;2;8;7;0;1;0;0;0;0;0;8.183084086;52.96291434
2;2017;3;8;5;3;2;6;0;1;0;0;0;0;0;8.741127151;53.01148424
2;2017;3;7;5;3;3;2;0;1;0;1;0;0;0;8.642677769;53.07503555
2;2017;3;12;5;3;5;3;1;1;0;0;0;0;0;8.688904059;53.85099506
2;2017;3;15;5;3;2;6;0;1;0;0;0;0;0;9.313570035;53.6109682
2;2017;3;16;5;3;5;3;1;1;0;0;0;0;0;10.74065745;53.28465087
2;2017;3;10;5;3;8;6;0;1;0;0;1;0;0;10.21873356;52.52851833
2;2017;3;15;4;3;6;4;0;1;1;0;0;0;1;10.0178665;52.43769464
2;2017;3;21;4;2;9;1;0;1;0;0;0;2;1;9.57358727;52.43118102
2;2017;3;20;4;2;4;2;0;1;0;0;0;2;1;9.833196481;51.82088761
2;2017;3;22;4;3;8;7;0;1;0;0;0;2;1;9.283411279;52.38164854
2;2017;3;11;4;3;5;3;0;1;0;0;1;0;0;9.071574653;52.26538562
2;2017;3;1;4;3;8;1;0;1;0;0;0;2;1;10.06092048;52.16503264
2;2017;3;17;4;3;9;6;0;1;0;0;0;1;1;10.04205546;52.13062242
2;2017;3;9;4;3;3;6;0;1;0;0;0;0;0;10.05416805;52.12596893
2;2017;3;14;4;2;5;3;0;1;0;0;0;0;1;9.923769403;51.58311168
2;2017;3;16;5;3;6;7;0;1;1;0;0;0;0;9.832300816;52.38608684
2;2017;3;17;4;2;5;3;0;1;0;0;0;1;1;10.49222047;52.59238296
2;2017;3;15;5;3;2;6;0;1;0;1;0;0;0;9.728051993;52.33620327
2;2017;3;19;3;3;4;2;1;1;0;0;0;2;1;8.428200787;52.31724265
2;2017;3;11;5;3;5;3;1;1;0;0;0;0;0;9.736304345;52.30683849
2;2017;3;18;3;3;5;3;0;1;0;0;0;2;0;8.429862303;52.31089722
2;2017;3;14;3;3;5;3;0;1;0;1;0;0;0;7.355212527;53.39792953
2;2017;3;11;3;3;8;6;0;1;0;0;1;0;0;8.221154701;52.70778266
2;2017;3;7;3;3;6;4;0;0;1;0;1;0;0;8.518648251;53.23480551
2;2017;3;12;5;3;2;6;0;1;0;0;0;0;0;9.663094414;52.31563235
2;2017;3;8;5;3;2;6;0;1;0;0;0;0;0;9.462383863;52.51304343
2;2017;3;0;5;3;8;1;0;1;0;0;0;2;0;9.539861933;52.4599946
2;2017;3;15;5;3;4;6;0;1;0;0;0;0;0;9.851480071;52.47276796
2;2017;3;16;5;2;9;1;0;0;0;1;0;0;0;9.731556679;52.4294175
2;2017;3;15;5;3;2;6;0;1;0;0;1;0;0;9.404634093;52.33162141
2;2017;3;16;5;3;2;6;0;1;0;0;1;0;0;10.01241375;52.38425039
2;2017;3;8;5;3;2;6;0;1;0;0;1;0;0;10.14089909;51.69329096
2;2017;3;16;3;3;9;7;0;1;0;0;0;0;0;9.053837522;53.00522238
2;2017;3;17;5;3;5;3;1;1;0;0;0;0;0;9.126523506;52.29605497
2;2017;3;19;5;3;5;3;0;1;0;0;1;2;1;9.370103184;52.31314107
2;2017;3;7;5;2;5;3;1;0;0;1;0;0;0;9.220530283;52.65958444
2;2017;3;7;3;3;2;6;0;1;0;0;1;0;0;8.432450489;53.05936877
2;2017;3;11;3;3;1;5;0;1;0;0;0;0;0;8.363101326;53.57411251
2;2017;3;17;3;2;9;1;0;1;0;0;0;1;0;8.371572231;52.93668739
2;2017;3;8;3;3;9;7;0;1;0;0;0;0;0;8.718770698;53.63910462
2;2017;3;10;5;3;5;3;0;1;0;0;0;0;0;10.1241132;52.00899053
2;2017;3;8;3;3;5;3;0;1;0;0;0;0;1;9.95921262;53.30044518
2;2017;3;17;3;3;1;5;0;1;0;0;0;0;0;9.676906405;53.46112418
2;2017;3;16;5;2;8;1;0;1;0;0;0;0;0;9.822290729;51.9339685
2;2017;3;19;3;3;5;3;1;1;0;0;0;1;0;9.39408229;53.10257341
2;2017;3;19;3;3;4;6;0;1;0;0;0;2;0;10.57656085;53.04270515
2;2017;3;22;3;3;8;1;0;1;0;0;0;2;0;10.26142464;53.0969878
2;2017;3;9;5;3;3;6;0;1;0;1;0;0;0;9.931720681;51.54491008
2;2017;3;15;3;2;5;3;0;1;0;0;0;0;0;10.42750568;53.29809561
2;2017;3;17;5;3;2;6;0;1;0;1;0;0;0;10.37273648;52.25876403
2;2017;3;14;3;3;5;2;0;1;0;0;0;0;0;10.07977524;52.63683853
2;2017;3;13;5;3;2;2;0;1;0;0;0;0;0;10.2592144;52.30073416
2;2017;3;7;5;3;2;6;0;1;0;0;0;0;0;10.23164741;52.12303481
2;2017;3;10;4;3;5;3;0;1;0;0;1;0;0;8.346717208;52.19268047
2;2017;3;6;4;3;2;6;0;1;0;0;1;0;0;8.061483253;52.23539623
2;2017;3;17;3;3;5;2;0;1;0;0;1;0;0;9.778113911;52.37144395
2;2017;3;13;4;2;4;2;0;1;0;0;0;0;0;8.309627806;52.43731476
2;2017;3;8;3;3;9;1;0;1;0;0;0;0;1;9.688502083;52.24430052
2;2017;3;16;3;3;2;6;0;1;0;0;0;0;0;9.630485217;52.33064549
2;2017;3;11;3;2;5;2;1;0;0;0;1;0;0;9.735842386;52.39937198
2;2017;3;13;4;3;2;6;0;1;0;0;1;0;0;7.070861336;52.55857913
2;2017;3;14;4;2;4;2;0;1;0;0;0;0;0;6.873678967;52.62509552
2;2017;3;12;3;2;5;3;0;1;0;1;0;0;0;9.109111224;52.22262972
2;2017;3;8;3;3;2;6;0;1;0;0;0;0;1;10.09171636;51.68811062
2;2017;3;7;3;3;9;1;0;1;0;0;0;1;1;9.848695967;51.67084344
2;2017;3;6;3;3;5;2;1;1;0;0;0;0;0;9.142027555;52.35556866
2;2017;3;2;3;2;8;1;0;1;0;0;0;2;1;9.314257045;52.28612158
2;2017;3;18;3;3;2;7;0;1;0;0;0;2;0;9.901957317;52.05114467
2;2017;3;7;3;3;3;1;0;1;0;0;1;1;1;9.891050476;52.15944075
2;2017;3;16;3;3;2;6;0;1;0;0;0;0;1;9.879646045;51.52547316
2;2017;3;20;4;1;6;4;0;1;1;0;0;1;0;7.498606816;52.65134326
2;2017;3;9;3;3;2;6;0;1;0;0;0;0;1;9.93143601;51.55725892
2;2017;3;11;4;2;4;2;0;1;0;0;1;0;0;7.79024355;53.64391845
2;2017;3;18;3;3;2;5;0;1;0;0;0;1;0;10.54053012;52.17215242
2;2017;3;0;4;3;0;1;0;1;0;0;0;2;0;7.321126871;53.56796997
2;2017;3;16;4;3;2;6;0;1;0;1;0;0;0;7.686636112;53.38622838
2;2017;3;7;4;3;5;3;0;1;0;0;0;0;0;7.927104021;52.8614645
2;2017;3;18;4;2;5;3;0;1;0;1;0;0;0;7.955739096;52.91814993
2;2017;3;14;4;3;2;6;0;1;0;0;0;0;0;7.937916469;53.56587602
2;2017;3;15;4;3;1;6;0;1;0;1;0;0;0;9.303398083;52.83993334
2;2017;3;17;4;3;8;7;0;1;0;1;0;0;1;9.251917273;52.90902971
2;2017;3;17;4;3;2;6;0;1;0;1;1;0;0;8.877920959;53.00982651
2;2017;3;13;4;3;2;2;0;1;0;0;0;0;0;8.870997498;52.9880701
2;2017;3;15;3;2;3;1;0;1;0;0;0;0;1;10.36671557;52.09824226
2;2017;3;5;4;3;5;3;0;1;0;0;0;2;0;8.726712641;53.03566575
2;2017;3;15;3;3;8;1;0;1;0;0;0;0;0;10.24060841;52.3609892
2;2017;3;17;4;2;6;4;0;1;1;0;0;0;0;8.803643563;52.90805898
2;2017;3;15;3;2;2;6;0;1;0;0;0;0;0;10.15422997;51.8835613
2;2017;3;18;4;3;2;6;0;1;0;1;0;0;0;8.445877619;53.43615368
2;2017;3;22;2;2;5;3;1;1;0;0;0;2;1;8.371901746;52.18557592
2;2017;3;5;2;3;5;3;0;1;0;0;1;2;0;7.492568596;53.00760774
2;2017;3;19;2;3;4;1;1;1;0;1;0;2;0;7.532621952;52.46796095
2;2017;3;16;4;3;2;2;0;1;0;0;1;0;0;8.301567629;53.25351712
2;2017;3;12;2;3;5;3;0;1;0;0;0;0;0;8.400733803;52.7975184
2;2017;3;10;4;3;2;6;0;1;0;0;0;0;0;8.444067847;53.35069776
2;2017;3;18;2;3;2;2;0;1;0;0;0;2;1;9.219401532;52.91784684
2;2017;3;12;2;3;2;6;0;1;0;0;1;0;0;7.986706282;53.19283494
2;2017;3;14;4;3;2;6;0;1;0;0;0;0;0;8.595134591;53.60211566
2;2017;3;17;2;3;8;1;0;1;0;0;0;0;1;8.305041273;52.47086789
2;2017;3;16;4;3;5;3;0;1;0;0;0;0;0;8.753103658;53.61136902
2;2017;3;19;2;3;8;1;0;1;0;0;0;2;1;8.44348222;53.15303731
2;2017;3;16;4;3;2;6;1;1;0;0;0;0;0;9.877373424;53.27533317
2;2017;3;18;2;3;8;1;0;1;0;0;0;1;1;8.244543731;53.04756994
2;2017;3;11;4;2;8;1;0;1;0;0;0;0;0;9.199649106;53.13333949
2;2017;3;15;2;3;5;3;0;1;0;0;0;0;1;8.653281919;53.47403226
2;2017;3;0;4;3;2;6;0;1;0;0;1;2;0;9.707319157;53.35795227
2;2017;3;7;4;3;2;6;0;1;0;0;0;0;0;9.967589624;52.80408943
2;2017;3;18;4;2;5;3;1;1;0;0;0;2;0;10.08335808;52.62630981
2;2017;3;19;4;3;2;6;0;1;0;0;0;2;0;9.623890824;52.42541657
2;2017;3;13;4;3;2;6;0;1;0;0;0;0;0;9.713419309;52.36193252
2;2017;3;12;4;3;2;6;0;1;0;0;0;0;0;9.749452305;52.36924053
2;2017;3;15;4;3;5;3;0;1;0;0;0;0;0;9.515555774;52.41157429
2;2017;3;14;4;3;2;6;0;1;0;0;0;0;0;9.636604666;52.33177951
2;2017;3;16;2;3;0;6;0;1;0;0;1;0;1;8.62397294;53.61518284
2;2017;3;16;2;3;2;6;0;1;0;0;0;0;1;8.668946651;53.82691963
2;2017;3;20;2;3;4;2;0;1;0;0;0;2;0;9.787840051;53.46010501
2;2017;3;10;2;3;5;3;0;1;0;0;0;0;1;9.560958508;53.46486166
2;2017;3;6;2;3;9;1;0;1;0;0;0;0;1;9.423155756;53.43591138
2;2017;3;11;2;2;0;6;0;0;0;0;1;2;1;9.192974273;53.56738134
2;2017;3;15;2;3;2;6;0;1;0;0;0;0;1;9.42358432;53.59463082
2;2017;3;15;2;3;2;6;0;1;0;0;0;0;0;9.689164722;52.686557
2;2017;3;16;4;3;2;2;0;1;0;0;0;0;0;9.735648977;52.46739397
2;2017;3;14;2;3;2;6;0;1;0;0;0;0;1;9.409389133;53.1114006
2;2017;3;11;4;2;2;6;0;1;0;0;1;0;0;9.783336142;52.52512501
2;2017;3;13;2;3;2;6;0;1;0;0;0;0;0;9.714961585;52.36187825
2;2017;3;1;4;2;0;7;0;0;0;0;1;2;0;9.705104957;52.43024331
2;2017;3;15;4;3;5;3;0;1;0;0;0;0;0;9.966915786;51.66571232
2;2017;3;12;4;3;6;3;0;1;1;0;0;0;0;8.950151039;52.49989568
2;2017;3;20;2;3;2;2;0;1;0;0;0;2;1;9.810745135;52.38263381
2;2017;3;18;2;3;2;6;0;1;0;0;0;1;1;9.775991706;52.37111435
2;2017;3;6;4;3;4;6;0;1;0;0;0;0;0;9.284232873;52.35800822
2;2017;3;16;4;3;0;1;1;0;0;0;0;0;0;9.389389923;52.33852237
2;2017;3;18;4;3;2;6;0;0;0;1;1;0;0;9.185262932;52.73670808
2;2017;3;13;4;3;8;7;0;1;0;0;0;0;0;9.775916995;52.16581705
2;2017;3;8;4;2;8;1;0;1;0;0;0;0;0;9.207845131;51.97899748
2;2017;3;7;4;3;4;6;0;1;0;0;1;0;0;9.37737332;52.10472024
2;2017;3;17;4;3;5;3;0;1;0;0;0;0;0;9.755990663;51.57100406
2;2017;3;7;4;3;5;3;1;0;0;0;1;0;0;9.9338211;51.5383147
2;2017;3;10;2;3;2;2;0;1;0;0;0;0;1;9.856655834;52.38850666
2;2017;3;13;4;3;3;6;0;1;0;0;1;0;0;10.80349521;52.43737581
2;2017;3;11;2;3;5;3;1;1;0;0;0;0;0;9.799412237;52.40954299
2;2017;3;15;4;3;5;3;0;1;0;0;0;0;0;10.93311588;52.59899267
2;2017;3;15;2;3;5;3;0;1;0;0;0;0;0;9.419143375;52.42926844
2;2017;3;15;4;2;5;2;1;1;0;0;0;0;0;10.54282163;52.61230085
2;2017;3;13;4;3;5;2;1;1;0;0;0;0;0;10.51193695;52.55477515
2;2017;3;20;3;3;8;1;0;1;0;0;0;2;0;8.275626251;52.2264054
2;2017;3;6;3;3;5;3;0;1;0;0;0;0;0;8.31651827;52.20175422
2;2017;3;22;3;2;9;1;0;1;0;0;0;2;0;8.25577529;52.35496018
2;2017;3;7;3;3;5;3;1;1;0;0;0;0;0;7.981081725;52.63852942
2;2017;3;12;3;3;2;2;0;1;0;0;0;0;0;8.057058027;52.25871992
2;2017;3;13;3;3;3;2;1;0;0;0;1;0;0;7.462166379;53.28649728
2;2017;3;18;2;3;2;2;0;1;0;0;0;2;1;9.647801666;52.3968624
2;2017;3;14;3;3;2;6;0;1;0;0;0;0;0;7.504318941;52.37272066
2;2017;3;7;2;3;2;2;0;1;0;0;0;0;1;9.609767614;52.43194413
2;2017;3;9;3;3;8;7;0;1;0;0;0;0;0;8.13544557;53.54307291
2;2017;3;5;3;2;5;3;0;1;0;0;0;2;0;8.092378137;53.57462507
2;2017;3;13;2;3;2;7;0;1;0;0;1;0;0;9.722781637;52.33751031
2;2017;3;11;2;2;5;3;0;1;0;0;0;0;0;9.759664886;52.33513702
2;2017;3;7;2;3;2;6;0;1;0;0;0;1;1;9.806706908;52.33645892
2;2017;3;14;2;3;5;3;1;1;0;0;0;0;0;9.273144363;52.38293609
2;2017;3;5;2;3;2;6;0;1;0;0;0;2;1;9.210741448;52.31942389
2;2017;3;11;3;3;2;6;0;1;0;0;1;0;0;9.077352028;53.0566576
2;2017;3;6;2;3;5;3;0;1;0;0;0;2;1;9.099565542;52.83872261
2;2017;3;15;2;3;5;3;1;0;0;0;1;0;0;9.219080146;52.65612789
2;2017;3;14;3;1;5;3;0;1;0;0;0;0;0;8.839333481;52.68069525
2;2017;3;7;2;3;0;7;0;1;0;1;0;0;1;9.29121816;51.98237072
2;2017;3;17;3;3;1;5;0;1;0;0;1;0;0;8.58303205;52.55139735
2;2017;3;17;2;3;2;6;0;1;0;0;0;0;0;9.931216553;51.52960184
2;2017;3;15;3;2;9;6;0;0;0;1;0;0;0;8.253002694;53.01012399
2;2017;3;17;2;3;2;7;0;1;0;1;0;0;0;9.871632575;51.58765307
2;2017;3;9;3;3;3;2;1;1;0;0;0;0;0;8.632972666;53.05272088
2;2017;3;18;3;3;2;6;0;1;0;0;0;1;1;8.594805614;53.6080173
2;2017;3;17;3;3;2;6;0;1;0;0;0;0;0;10.03476786;53.42882929
2;2017;3;17;3;3;2;6;0;1;0;0;1;0;0;10.02785316;53.40519811
2;2017;3;10;3;3;2;6;0;1;0;0;0;0;0;9.922925995;53.40244234
2;2017;3;12;2;3;5;3;0;1;0;0;1;0;1;9.8884532;51.55510631
2;2017;3;11;3;3;0;6;0;1;0;0;0;0;0;9.748798667;53.35003978
2;2017;3;7;2;2;8;1;0;1;0;0;0;0;1;9.882799343;51.56762103
2;2017;3;14;2;3;2;6;0;1;0;0;0;0;1;10.75193637;52.45989537
2;2017;3;10;2;3;2;6;0;1;0;0;0;0;0;10.60052369;52.2470254
2;2017;3;23;2;3;9;1;0;1;0;0;0;2;1;10.73284449;52.13877107
2;2017;3;19;2;3;6;2;0;1;1;0;0;2;1;10.37325175;52.26064412
2;2017;3;7;2;3;2;2;0;1;0;1;0;0;1;10.15448887;52.38125613
2;2017;3;6;3;3;5;3;0;0;0;1;1;0;0;9.757823711;53.53300541
2;2017;3;16;3;3;2;2;0;1;0;0;0;0;0;9.359094616;53.50646148
2;2017;3;6;3;2;2;6;0;1;0;0;1;1;0;9.693783783;52.67310971
2;2017;3;12;3;3;5;3;1;1;0;0;0;0;0;9.835995225;52.99118456
2;2017;3;6;3;3;5;2;1;1;0;0;0;1;0;9.846709334;52.9907084
2;2017;3;15;3;3;2;6;0;1;0;0;0;0;0;9.228026009;53.11353106
2;2017;3;12;3;2;8;6;0;1;0;0;0;0;0;9.301478883;53.20432433
2;2017;3;19;2;2;4;2;0;1;0;1;0;2;1;10.26145428;52.33786106
2;2017;3;11;3;3;2;2;0;1;0;0;0;0;0;10.80777472;52.93136656
2;2017;3;18;2;3;5;2;1;1;0;0;0;2;1;10.20520256;52.30402818
2;2017;3;8;3;3;8;6;0;1;0;0;1;0;0;11.11397374;53.04409946
2;2017;3;16;2;3;2;6;0;1;0;0;0;1;1;10.51848923;52.2900113
2;2017;3;19;3;3;5;2;1;1;0;0;0;2;0;9.771411144;52.33497786
2;2017;3;22;1;3;2;6;0;1;0;0;0;2;1;8.065916522;52.22641443
2;2017;3;20;1;3;0;6;0;1;0;0;0;2;1;7.178013563;52.27569262
2;2017;3;8;1;2;9;1;0;1;0;0;0;0;1;7.174400914;52.88199748
2;2017;3;13;1;3;2;6;0;1;0;0;0;0;0;8.038826614;53.52400732
2;2017;3;8;3;3;6;4;0;1;1;0;0;0;0;9.430884209;52.57106948
2;2017;3;3;1;2;9;7;0;1;0;0;0;2;0;8.633717796;53.20623329
2;2017;3;17;1;3;3;6;0;1;0;0;0;1;0;9.706466331;53.33321647
2;2017;3;7;3;3;6;4;0;1;1;0;0;0;0;9.797404023;52.47614675
2;2017;3;0;1;2;7;7;1;0;0;0;0;2;0;9.878761154;53.27173436
2;2017;3;14;3;3;3;2;0;1;0;1;0;0;0;10.09490087;52.48545923
2;2017;3;16;3;3;8;7;0;0;0;0;1;0;0;9.702542156;52.43044166
2;2017;3;5;1;3;2;6;0;1;0;0;0;2;1;9.343521462;53.58768808
2;2017;3;7;3;2;8;1;0;1;0;0;0;0;0;9.181881785;52.06664102
2;2017;3;20;1;3;8;7;0;1;0;0;0;2;1;9.605061712;52.88811473
2;2017;3;8;3;3;5;3;1;1;0;0;0;0;0;9.351654912;52.12068851
2;2017;3;16;3;3;2;2;0;1;0;0;1;0;0;9.645098318;51.42648249
2;2017;3;22;3;3;5;3;1;1;0;0;0;2;0;9.931269273;51.54755701
2;2017;3;10;3;2;2;6;0;0;0;0;1;0;0;9.878348327;51.50666498
2;2017;3;8;3;3;8;1;0;1;0;0;0;0;0;10.57981891;52.13778926
2;2017;3;15;1;3;6;4;0;1;1;0;0;0;0;9.214056388;53.3732564
2;2017;3;10;3;2;9;1;0;1;0;0;0;0;0;10.41958993;52.41003838
2;2017;3;11;1;3;7;7;0;1;0;0;0;0;0;9.186434768;53.49933875
2;2017;3;13;2;2;4;2;0;1;0;1;0;0;0;8.149686907;52.16421681
2;2017;3;17;1;3;5;2;0;1;0;0;0;0;0;9.743289999;52.36819361
2;2017;3;12;3;3;9;1;0;1;0;0;0;0;0;9.859884213;53.0803273
2;2017;3;0;3;3;8;7;0;1;0;0;0;2;0;9.33819276;53.27857677
2;2017;3;15;3;3;1;5;0;1;0;0;0;0;0;9.16020283;53.479064
2;2017;3;17;3;2;2;6;0;1;0;0;1;0;0;9.352945106;53.23466905
2;2017;3;15;3;3;2;6;0;1;0;0;0;0;0;10.31096098;53.03583298
2;2017;3;16;3;3;3;2;1;1;0;0;0;0;0;9.787011459;52.37216366
2;2017;3;7;3;3;2;6;0;1;0;0;0;0;0;9.660585532;52.17130354
2;2017;3;9;3;3;6;2;0;1;1;0;0;0;0;9.607125944;52.30786204
2;2017;3;18;3;3;2;6;0;1;0;0;0;0;0;9.669163657;52.34614001
2;2017;3;16;3;3;5;3;0;1;0;0;0;0;0;9.584818028;52.58465722
2;2017;3;7;3;3;4;6;0;1;0;0;0;0;0;9.473409548;52.50531948
2;2017;3;19;3;3;5;3;0;1;0;0;0;0;0;9.431535995;52.31909496
2;2017;3;15;3;3;2;6;0;1;0;0;0;0;0;9.409265751;52.33408055
2;2017;3;14;3;3;3;6;0;1;0;0;1;0;0;9.58567343;52.44071504
2;2017;3;8;3;3;5;3;0;1;0;0;0;0;0;9.857452422;52.49788597
2;2017;3;17;3;2;4;2;0;0;0;1;1;0;0;10.0241607;52.43296236
2;2017;3;16;3;3;2;6;0;1;0;0;0;0;0;9.719195455;52.34816629
2;2017;4;5;2;2;9;1;0;1;0;0;0;2;0;11.15234458;53.01313623
2;2017;3;13;3;3;5;2;0;1;0;0;0;0;0;9.670741967;52.44132585
2;2017;3;10;3;3;2;6;0;1;0;0;1;0;0;9.504953784;52.40645221
2;2017;3;19;3;3;5;3;1;1;0;0;0;0;0;10.18642714;51.66222195
2;2017;4;6;2;3;2;6;0;1;0;0;0;1;0;9.92950542;52.59259805
2;2017;3;15;3;3;1;5;0;1;0;0;0;0;0;9.781747109;51.94249252
2;2017;3;17;3;2;8;1;0;1;0;0;0;0;0;9.208344182;52.09806278
2;2017;4;20;2;3;5;3;1;1;0;0;0;2;0;9.944574244;52.33379448
2;2017;3;15;3;3;4;6;0;1;0;0;0;0;0;9.386527965;52.08043523
2;2017;3;16;3;3;0;6;0;1;0;1;0;0;0;9.502157984;52.0464316
2;2017;3;16;3;3;2;6;0;1;0;0;0;0;0;9.355901113;52.10723613
2;2017;3;20;3;3;3;6;0;1;0;0;0;2;0;9.938654734;51.5564198
2;2017;3;14;3;2;5;3;1;1;0;0;0;0;0;10.99456307;52.24867824
2;2017;3;7;3;3;2;6;0;1;0;0;0;0;0;10.34065257;52.40029764
2;2017;3;23;3;3;8;1;0;1;0;0;0;2;0;10.32341145;52.13529365
2;2017;3;11;3;3;2;6;0;0;0;0;1;0;0;10.4189097;52.33526747
2;2017;3;7;3;2;2;6;0;0;0;0;1;1;0;10.47826801;52.32373572
2;2017;4;9;2;3;2;6;0;1;0;0;0;0;1;9.907640633;52.35711196
2;2017;3;8;3;2;0;7;1;0;0;0;0;0;0;10.46301045;52.3065345
2;2017;4;22;2;3;2;6;0;1;0;0;1;2;0;9.859503632;52.45965262
2;2017;3;21;2;2;5;3;1;1;0;0;0;2;0;8.070245639;52.19493269
2;2017;4;8;2;3;2;6;0;1;0;0;0;0;0;9.730984807;52.38249886
2;2017;4;16;2;3;2;6;0;1;0;1;0;0;0;9.931645426;52.17046012
2;2017;4;6;2;2;5;3;0;1;0;1;0;2;0;9.746733562;51.97965347
2;2017;4;9;2;3;8;1;0;1;0;0;0;0;0;9.250793571;52.18636971
2;2017;3;18;2;3;8;1;0;0;0;1;0;0;0;8.082105913;52.38310824
2;2017;4;6;2;3;5;2;0;1;0;0;0;2;0;9.335371443;52.07975162
2;2017;4;18;2;3;9;1;0;1;0;0;0;0;0;10.09144677;51.57921872
2;2017;3;11;2;3;2;6;0;1;0;0;0;0;0;7.225701575;53.34167603
2;2017;4;9;2;3;1;5;0;1;0;0;0;0;0;10.24836264;51.51597674
2;2017;4;11;2;3;5;3;1;1;0;0;0;0;0;10.62103808;52.27041264
2;2017;3;17;2;2;4;6;1;0;0;0;0;0;0;7.040700657;52.30637247
2;2017;4;15;2;3;5;3;0;1;0;0;0;0;0;10.35093913;52.15223487
2;2017;3;14;2;3;4;6;0;1;0;0;1;0;0;6.979929065;52.51016068
2;2017;4;0;2;3;8;1;0;1;0;0;0;2;0;10.56826659;52.49321452
2;2017;3;8;2;3;2;6;0;1;0;0;0;0;0;6.972917123;52.50534277
2;2017;3;10;2;2;6;2;0;1;1;0;0;0;0;7.230158473;52.79333445
2;2017;3;16;2;3;2;6;0;1;0;0;0;0;0;7.507445759;53.49904867
2;2017;3;12;2;3;3;6;0;1;0;0;1;0;0;7.495898604;53.4904322
2;2017;3;10;2;2;4;2;0;1;0;1;0;0;0;7.996809482;52.99767722
2;2017;4;15;1;2;4;6;0;1;0;1;0;0;0;7.890390723;52.44527248
2;2017;3;10;2;2;5;3;1;1;0;0;0;0;0;7.97368604;53.41817147
2;2017;4;14;1;2;8;6;0;1;0;0;0;0;0;7.993213359;52.54068639
2;2017;3;16;2;3;3;2;0;1;1;0;0;0;0;8.138064814;53.39420514
2;2017;4;18;1;3;4;2;0;1;0;0;0;0;0;7.730899722;53.28555942
2;2017;4;11;1;2;2;6;0;1;0;0;1;0;0;7.607809993;53.25480601
2;2017;4;3;1;3;8;1;0;1;0;0;0;2;1;6.965880156;52.50598832
2;2017;4;12;1;3;2;6;1;0;0;0;0;0;0;7.025739133;52.46249371
2;2017;4;10;1;3;0;1;0;0;0;1;0;0;0;7.31169581;52.53025134
2;2017;3;7;2;3;8;7;0;1;0;0;0;0;0;7.864764101;53.67801132
2;2017;3;7;2;3;8;1;0;1;0;0;0;2;1;7.940234164;53.61083539
2;2017;3;10;2;2;5;3;0;1;0;0;1;0;0;8.821222002;53.1937642
2;2017;3;12;2;1;5;2;0;1;0;0;1;0;0;9.11072828;53.08197648
2;2017;3;17;2;3;2;6;0;1;0;0;0;0;0;9.031539959;53.02252675
2;2017;4;12;1;3;2;6;0;1;0;0;0;0;0;7.331964979;52.49497166
2;2017;3;23;2;2;8;7;0;1;0;0;0;2;0;8.078365692;53.28940587
2;2017;4;13;1;3;5;2;1;1;0;0;0;0;0;7.340034483;52.51956613
2;2017;3;11;2;2;2;2;0;1;0;0;1;0;0;8.72537687;52.99440362
2;2017;4;11;1;3;5;3;0;1;0;0;1;0;0;7.428387861;53.56159364
2;2017;4;17;1;2;4;6;1;0;0;1;0;0;0;8.071334122;52.51591088
2;2017;4;20;1;2;4;2;0;1;0;1;0;2;0;8.211994556;52.81222062
2;2017;4;14;1;3;5;3;1;1;0;0;0;0;0;7.980878951;53.53239528