ULAND;UJAHR;UMONAT;USTUNDE;UWOCHENTAG;UKATEGORIE;UART;UTYP1;IstRad;IstPKW;IstFuss;IstKrad;IstSonstig;LICHT;STRZUSTAND;XGCSWGS84;YGCSWGS84
2;2017;4;21;1;3;1;6;0;1;0;0;0;2;0;7.939511036;53.56224932
2;2017;4;19;1;2;5;3;1;1;0;0;0;0;0;9.232675803;52.94317387
2;2017;4;14;1;3;4;7;0;1;0;0;0;0;0;7.939863155;53.2356231
2;2017;3;15;2;3;2;6;0;1;0;0;1;0;0;8.712237733;52.92844035
2;2017;4;16;1;3;5;2;0;1;0;1;0;0;0;8.719792736;52.84385302
2;2017;3;6;2;1;8;6;0;1;0;0;0;1;0;8.715816831;52.76485005
2;2017;3;4;2;3;7;7;0;1;0;0;1;2;0;8.611141298;52.52370882
2;2017;3;14;2;3;2;6;0;1;0;0;1;0;0;8.415959435;52.90198729
2;2017;3;16;2;3;9;1;0;0;0;0;1;0;0;8.610100972;53.471523
2;2017;3;10;2;3;3;6;0;1;0;0;0;0;0;9.144013072;53.71254247
2;2017;3;14;2;3;1;7;0;1;0;0;0;0;0;8.666534587;53.74640631
2;2017;3;19;2;2;6;4;0;1;1;0;0;0;0;9.449261974;52.50476751
2;2017;3;8;2;3;4;2;0;1;0;0;0;0;0;9.979467004;53.26794934
2;2017;3;22;2;3;4;2;0;1;0;0;0;2;0;9.471542246;53.53192603
2;2017;4;13;1;2;8;6;0;1;0;0;0;0;0;8.262163872;53.09157845
2;2017;3;16;2;3;2;2;0;1;0;0;1;0;0;9.842115788;53.16275983
2;2017;4;16;1;3;1;5;0;1;0;0;0;0;0;9.928856498;53.367243
2;2017;3;16;2;3;4;6;0;1;0;0;0;0;0;9.867517277;52.98719472
2;2017;4;16;1;3;5;3;0;0;0;1;1;0;0;9.501991551;53.45888673
2;2017;4;17;1;3;5;2;0;1;0;0;0;0;0;9.732122829;53.45428214
2;2017;4;1;1;3;8;1;0;1;0;0;0;2;0;9.448586577;53.5902099
2;2017;4;3;1;2;9;1;0;1;0;0;0;2;0;9.348271289;53.54990504
2;2017;4;14;1;3;2;6;0;1;0;0;0;0;0;9.675440488;52.79651457
2;2017;3;8;2;3;5;3;1;1;0;0;0;0;0;9.28403985;53.28443138
2;2017;4;11;1;3;3;7;0;1;0;0;0;0;0;9.70225652;52.65671761
2;2017;3;6;2;2;9;7;0;1;0;0;0;0;0;10.62690412;52.92334079
2;2017;4;16;1;2;4;2;0;1;0;1;0;0;0;9.633053168;52.90424689
2;2017;4;2;1;2;9;6;0;1;0;0;0;2;0;9.137880995;53.44922344
2;2017;3;9;2;3;2;6;0;1;0;0;0;0;0;9.693097028;52.38175418
2;2017;4;4;1;3;8;1;0;1;0;0;0;2;0;9.198986109;53.4620732
2;2017;3;7;2;3;2;6;0;1;0;0;0;0;0;9.684291154;52.34750333
2;2017;3;17;2;3;5;2;1;1;0;0;0;0;0;9.811866952;52.40946895
2;2017;4;14;1;3;0;3;1;1;0;0;0;0;0;9.379888287;53.09866508
2;2017;3;16;2;3;2;2;0;1;0;0;0;0;0;9.796315177;52.27510582
2;2017;3;16;2;3;2;6;0;1;0;0;0;0;0;9.637017182;52.33191249
2;2017;4;12;1;3;5;3;0;1;0;0;0;0;0;10.58281776;53.0765684
2;2017;4;10;1;3;5;3;1;1;0;0;0;0;0;11.09313332;53.09409826
2;2017;4;12;1;3;5;3;0;0;0;0;1;0;0;9.457232412;52.50338002
2;2017;4;4;1;3;3;1;0;1;0;0;0;2;1;9.891597353;52.36476853
2;2017;4;14;1;2;9;1;0;0;0;1;0;0;0;10.24238381;51.8157206
2;2017;4;5;1;3;9;1;0;1;0;0;0;2;1;9.765301526;51.78204299
2;2017;4;19;1;1;9;1;0;1;0;0;0;0;0;9.248054976;52.54675761
2;2017;4;4;1;3;8;7;0;1;0;0;0;2;1;9.860809547;51.95534327
2;2017;4;14;1;3;9;1;0;1;0;0;0;0;0;10.14380842;52.10400303
2;2017;3;10;2;3;5;3;0;1;0;0;0;0;0;9.629432417;52.54936415
2;2017;4;14;1;3;2;6;0;1;0;0;0;0;0;10.14432335;52.10389686
2;2017;3;14;2;3;5;2;0;1;0;0;0;0;0;9.846572561;52.43079583
2;2017;3;9;2;3;4;2;1;1;0;0;0;0;0;10.09710855;52.48285432
2;2017;3;16;2;2;6;4;0;0;1;0;1;0;0;9.847104462;52.43412954
2;2017;4;17;1;3;9;6;0;1;0;1;0;0;0;9.213360603;51.99600565
2;2017;3;16;2;2;6;4;0;0;1;0;1;0;0;9.80840493;52.40878586
2;2017;4;14;1;2;8;1;1;0;0;0;0;0;0;9.770203196;51.41583965
2;2017;3;14;2;3;2;6;0;1;0;0;0;0;0;10.3333123;51.66047785
2;2017;4;17;1;2;5;3;1;1;0;0;0;0;0;10.22074071;52.26200512
2;2017;4;8;1;3;3;6;0;1;0;0;0;0;1;10.36319331;52.33961131
2;2017;4;13;7;2;4;6;0;1;0;1;0;0;0;8.167310024;52.16394761
2;2017;4;12;7;3;6;7;0;1;1;0;0;0;0;8.049145601;52.16098556
2;2017;4;12;7;3;3;6;0;1;0;1;0;0;0;7.50405687;53.35514125
2;2017;4;9;7;3;2;6;0;1;0;0;0;0;0;7.311753877;53.17445822
2;2017;4;2;7;3;8;1;0;1;0;0;0;2;0;7.512308759;53.27529982
2;2017;3;6;2;2;5;3;1;1;0;0;0;1;0;9.960621082;51.70359129
2;2017;4;18;7;3;2;6;0;1;0;0;0;0;1;7.431721052;53.08011887
2;2017;3;8;2;3;2;2;0;1;0;0;1;0;0;8.725043245;52.49742488
2;2017;4;9;7;3;5;7;0;1;0;0;0;0;0;7.331681278;52.52195907
2;2017;3;5;2;3;5;2;0;1;0;0;0;2;0;9.188529027;52.22335827
2;2017;3;17;2;3;3;6;0;1;0;1;0;0;0;9.320342587;52.28522142
2;2017;3;17;2;2;4;2;0;1;0;1;0;0;0;9.313457622;52.28598977
2;2017;4;19;7;3;8;1;0;0;0;0;1;1;0;7.432898031;52.41024765
2;2017;3;16;2;3;5;3;0;1;0;1;0;0;0;9.21287035;52.77922716
2;2017;3;9;2;3;8;7;0;1;0;0;0;0;0;10.11552609;52.19480219
2;2017;3;18;2;3;2;6;0;1;0;0;1;0;0;9.792054254;52.00970611
2;2017;3;8;2;3;3;6;0;0;0;0;1;0;0;9.563194805;52.0779738
2;2017;3;15;2;3;2;6;0;1;0;0;0;0;0;9.34387826;52.1150597
2;2017;4;8;7;3;8;7;0;0;0;1;0;0;0;7.614099073;53.62665898
2;2017;4;12;7;3;0;2;0;1;0;0;0;0;1;7.633070061;53.5192432
2;2017;3;15;2;3;2;6;0;1;0;0;0;0;0;9.392175162;52.10768754
2;2017;4;16;7;3;2;6;0;1;0;0;0;0;0;8.035540271;52.9640532
2;2017;3;22;2;3;8;1;0;1;0;0;0;2;0;9.869622234;51.52204989
2;2017;4;11;7;3;5;3;0;1;0;0;0;0;0;8.185732693;53.24610251
2;2017;4;19;7;3;5;3;0;1;0;0;0;1;0;8.850314577;52.97521862
2;2017;4;15;7;3;8;1;0;0;0;1;0;0;0;8.960181362;52.70866377
2;2017;4;14;7;3;2;6;0;1;0;0;0;0;0;8.595454034;53.04468282
2;2017;4;13;7;3;8;7;0;1;0;0;0;0;0;10.08254879;53.18291616
2;2017;4;22;7;3;5;3;0;1;0;0;0;2;1;10.04570419;53.39034568
2;2017;3;18;2;3;2;6;0;1;0;0;1;0;0;9.93959728;51.51336454
2;2017;4;15;7;2;0;7;0;0;0;1;0;0;0;10.15488641;53.19894211
2;2017;3;16;2;3;9;7;0;1;0;0;0;0;0;10.95480664;52.27483085
2;2017;3;21;2;3;5;2;0;1;0;0;0;2;0;10.73149326;52.42276249
2;2017;3;16;2;3;2;6;0;1;0;0;0;0;0;10.84716155;52.41897511
2;2017;3;18;2;3;9;1;0;1;0;0;0;0;0;10.58175473;52.18910456
2;2017;4;14;7;1;5;3;0;1;0;1;1;0;0;9.662851586;53.50551342
2;2017;3;7;2;3;3;6;0;1;0;0;1;0;0;10.50992823;52.24263143
2;2017;4;15;7;2;5;3;0;1;0;1;0;0;0;9.54095573;53.5979687
2;2017;3;10;1;3;8;1;1;0;0;0;0;0;0;8.372389048;52.21477681
2;2017;4;13;7;3;5;2;0;1;0;0;0;0;0;9.715634827;53.47362609
2;2017;4;14;7;3;5;3;1;1;0;0;0;0;0;9.99773639;53.0831602
2;2017;4;12;7;3;2;1;0;1;0;0;0;0;0;9.930522536;52.99975221
2;2017;4;9;7;1;8;7;0;1;0;0;0;0;0;9.035518527;53.20530366
2;2017;4;16;7;3;4;1;0;1;0;1;0;0;0;10.41692918;53.03093452
2;2017;3;11;1;3;5;3;0;1;0;0;0;0;0;7.762398046;52.83690599
2;2017;3;18;1;3;5;3;0;1;0;0;0;0;0;8.024494185;53.49734496
2;2017;3;6;1;3;9;1;0;1;0;0;0;0;0;8.775104157;53.25129002
2;2017;3;0;1;3;9;1;0;1;0;0;0;2;0;9.265431126;52.948346
2;2017;3;19;1;2;3;6;0;0;0;1;0;0;0;8.163748246;53.28344118
2;2017;4;20;7;3;8;7;0;1;0;0;0;2;1;10.28503304;53.02437667
2;2017;3;20;1;2;2;6;0;1;0;0;1;1;0;8.563532987;52.75878927
2;2017;4;7;7;3;9;7;0;0;0;0;1;0;0;9.978913174;52.77379977
2;2017;4;20;7;3;5;2;0;1;0;0;0;1;1;9.69884272;52.34775023
2;2017;4;19;7;3;2;6;0;1;0;0;0;0;0;9.696813325;52.380038
2;2017;4;15;7;3;2;2;0;1;0;0;0;0;0;9.441270135;52.31149705
2;2017;4;18;7;3;6;4;0;1;1;0;0;0;0;9.734297532;52.38734493
2;2017;4;15;7;3;8;1;0;0;0;1;0;0;0;9.816797722;52.2847117
2;2017;3;17;1;3;3;6;0;1;0;0;0;0;0;8.718529815;53.00792629
2;2017;4;16;7;3;3;6;0;1;0;0;0;0;0;9.89192526;52.42943779
2;2017;3;11;1;2;8;1;0;1;0;0;0;0;0;8.717880276;53.56852274
2;2017;4;13;7;2;0;2;1;0;0;1;0;0;0;9.787879887;52.45473839
2;2017;3;20;1;3;5;3;0;1;0;0;0;2;0;9.09612981;53.63634783
2;2017;3;6;1;3;5;3;0;1;0;0;0;0;0;8.981537149;53.77146069
2;2017;3;16;1;3;4;2;1;1;0;0;0;0;0;9.962299834;53.31087743
2;2017;3;17;1;3;8;1;0;0;0;1;0;0;0;9.09357238;53.18919658
2;2017;3;15;1;3;5;3;0;1;0;0;0;0;0;10.37156721;53.19309374
2;2017;3;1;1;3;9;1;0;1;0;0;0;2;0;9.767146965;52.65919898
2;2017;3;16;1;3;4;2;0;1;0;1;0;0;0;9.961576504;52.81073352
2;2017;3;13;1;3;2;6;0;1;0;1;0;0;0;9.827059314;52.35403115
2;2017;4;12;7;3;2;6;0;1;0;0;0;0;0;9.750418265;52.59585252
2;2017;4;10;7;3;2;6;0;1;0;0;1;0;0;9.971020834;52.38963874
2;2017;4;9;7;3;0;6;0;1;0;0;0;0;0;9.968002601;52.38989496
2;2017;4;8;7;3;3;6;0;1;0;0;0;0;0;9.890295539;52.36302982
2;2017;4;1;7;3;8;7;0;1;0;0;0;2;0;9.825299754;52.50476556
2;2017;4;18;7;3;2;2;0;1;0;1;0;0;0;9.636723523;51.67202272
2;2017;4;13;7;2;2;6;0;1;0;0;0;0;0;10.47681518;51.60591727
2;2017;4;15;7;1;4;6;0;1;0;0;0;0;0;9.255230828;52.23248286
2;2017;4;17;7;2;5;3;0;1;0;1;0;0;0;9.175541433;52.28625769
2;2017;4;14;7;3;5;3;1;1;0;0;0;0;0;9.104709573;52.31872964
2;2017;4;15;7;3;0;2;0;1;0;1;0;0;0;9.219109468;52.64156876
2;2017;3;20;1;3;2;2;0;1;0;0;0;2;0;9.678254417;52.43569207
2;2017;4;14;7;2;5;3;0;1;0;1;0;0;0;9.791978765;52.15156915
2;2017;3;13;1;3;2;6;0;1;0;0;0;0;0;9.424307859;52.35018859
2;2017;4;10;7;3;2;6;0;1;0;0;0;0;0;9.972525818;52.11307675
2;2017;3;13;1;2;5;3;0;1;0;1;0;0;0;9.627758612;52.39440233
2;2017;4;12;7;2;5;3;0;1;0;1;0;0;0;9.524290729;52.06141047
2;2017;3;18;1;3;1;2;0;1;0;0;0;0;0;10.33246555;51.64961801
2;2017;3;16;1;2;5;3;0;1;0;0;0;0;0;9.860622547;52.00004076
2;2017;4;14;7;3;9;1;0;1;0;0;0;0;0;9.711627664;51.40366967
2;2017;3;15;1;3;9;7;0;0;0;1;0;0;0;9.281120583;51.9778877
2;2017;3;14;1;3;8;1;0;0;0;1;0;0;1;10.36570925;51.55785842
2;2017;4;14;7;3;3;6;0;1;0;1;0;0;0;9.969468032;51.55152565
2;2017;3;19;1;3;5;2;0;1;0;0;1;1;0;10.66742999;51.6643589
2;2017;3;19;1;3;2;6;0;1;0;0;0;0;0;10.41356497;51.92170588
2;2017;3;3;7;3;9;1;0;1;0;0;0;2;0;7.960968112;52.44037176
2;2017;4;11;7;3;5;3;0;1;0;1;0;0;0;10.85245037;52.23144394
2;2017;4;18;7;2;5;3;1;1;0;0;0;0;0;11.00128068;52.21584605
2;2017;3;16;7;3;5;3;1;0;0;0;1;0;0;8.037078363;52.27177049
2;2017;4;17;7;3;2;2;0;1;0;0;0;0;0;10.52066371;52.16561686
2;2017;3;17;7;3;2;6;0;1;0;0;0;0;0;8.030911804;52.27113058
2;2017;4;11;7;2;5;3;0;1;0;0;0;0;0;10.29008292;52.24080374
2;2017;4;19;7;2;0;7;0;1;0;1;0;0;0;10.24302984;52.30596595
2;2017;3;17;6;3;2;6;0;1;0;0;0;0;0;8.075855276;52.49455564
2;2017;3;14;6;3;5;3;1;1;0;0;0;0;0;8.279857609;52.23571673
2;2017;3;18;6;3;1;5;1;1;0;0;0;0;0;8.056919617;52.25911819
2;2017;3;14;6;2;3;6;0;1;0;0;1;0;0;8.057467653;52.25770803
2;2017;3;7;6;3;3;6;1;1;0;0;0;0;0;8.037712807;52.27571423
2;2017;3;21;6;3;8;7;0;0;0;1;0;2;0;7.582906318;53.24763765
2;2017;3;10;7;3;2;6;0;1;0;0;0;0;0;8.032689961;52.24187376
2;2017;3;15;7;3;2;6;0;1;0;0;0;0;0;7.56760093;53.14022754
2;2017;3;16;6;3;3;2;1;1;0;0;0;0;0;7.295976012;53.1728444
2;2017;3;12;6;3;2;2;0;1;0;0;0;0;0;7.631775296;52.99457036
2;2017;3;17;6;2;5;3;0;1;0;0;0;0;0;7.085878213;52.2977714
2;2017;3;15;7;3;5;3;0;1;0;0;0;0;0;7.181251267;52.28573453
2;2017;3;6;6;3;2;6;0;1;0;0;1;1;0;7.57880123;53.38713103
2;2017;3;13;7;2;2;2;0;1;0;0;1;0;0;7.073119627;52.39156774
2;2017;3;17;6;2;7;7;1;0;0;0;1;0;0;7.536987375;53.48431391
2;2017;3;16;7;3;2;6;0;1;0;0;0;0;0;7.285678149;53.59812472
2;2017;3;11;7;3;2;6;0;1;0;0;0;0;0;7.741808978;53.4186194
2;2017;3;17;7;2;2;6;0;1;0;1;0;0;0;7.564211201;53.51753229
2;2017;3;10;7;3;5;3;1;0;0;0;1;0;0;7.785030073;52.84497004
2;2017;3;16;7;3;2;6;0;1;0;0;0;0;0;8.150395699;52.8516078
2;2017;3;20;7;3;4;6;0;1;0;0;0;2;0;9.146278985;53.13888228
2;2017;3;9;7;3;5;3;0;1;0;0;0;0;0;9.054016306;53.11565409
2;2017;3;20;7;3;3;6;0;1;0;0;1;1;0;8.997394146;53.03405128
2;2017;3;8;7;2;8;1;0;1;0;0;0;0;0;9.32373738;52.94893332
2;2017;3;15;7;3;0;1;0;0;0;1;0;0;0;8.332799185;53.47583211
2;2017;3;17;7;3;5;2;0;1;0;0;0;0;0;8.582071789;53.44130366
2;2017;3;15;6;3;2;2;0;1;0;0;0;0;0;7.942240195;52.96285404
2;2017;3;16;7;3;0;1;0;1;0;0;0;0;0;8.636468192;53.24510979
2;2017;3;11;6;3;2;6;0;1;0;0;0;0;0;8.258810086;52.78580365
2;2017;3;16;7;2;9;1;0;0;0;1;0;0;0;9.183884678;53.77883591
2;2017;3;5;6;3;5;3;1;0;0;0;1;2;0;7.93338666;52.69444964
2;2017;3;18;6;2;2;6;0;1;0;0;0;0;0;7.994985339;52.82308316
2;2017;3;14;6;3;0;6;0;0;0;1;1;0;0;7.984308111;53.58431619
2;2017;3;15;6;2;2;6;0;1;0;0;0;0;0;8.070907967;53.52702426
2;2017;3;18;6;3;2;6;0;1;0;0;0;0;0;8.909386523;53.14903146
2;2017;3;18;7;2;8;1;0;1;0;0;0;1;0;10.20647138;53.28500341
2;2017;3;18;6;2;2;2;0;1;0;0;1;0;0;8.158814389;53.33324615
2;2017;3;13;7;3;5;3;0;1;0;0;0;0;0;10.01244948;53.25865591
2;2017;3;17;6;2;0;6;0;1;0;0;0;0;0;8.267068793;53.23017332
2;2017;3;19;7;3;7;7;0;1;0;0;0;1;0;10.40706912;52.95704825
2;2017;3;18;7;3;8;1;0;0;0;1;0;0;0;10.27041392;53.23053733
2;2017;3;11;7;3;4;7;0;1;0;0;0;0;0;10.57619281;53.34535422
2;2017;3;16;6;3;5;3;1;1;0;0;0;0;0;8.729186563;53.03445728
2;2017;3;10;7;3;2;6;0;1;0;0;0;0;0;10.45652105;53.3425749
2;2017;3;16;7;3;6;4;1;0;1;0;0;0;0;9.945299275;52.33343964
2;2017;3;12;7;3;9;7;0;1;0;0;0;0;0;10.05600014;52.39276107
2;2017;3;9;7;3;4;5;0;1;0;0;0;0;0;9.971271256;52.3690772
2;2017;3;23;7;3;2;6;0;1;0;0;0;2;0;9.697642125;52.37723334
2;2017;3;5;7;3;9;1;0;1;0;0;0;1;0;9.878577891;52.39980647
2;2017;3;14;7;3;9;6;0;1;0;1;0;0;0;9.856998156;51.85685833
2;2017;3;16;6;3;5;3;1;1;0;0;0;0;0;8.82496156;52.90797879
2;2017;3;16;6;2;2;6;0;1;0;0;1;0;0;8.121395072;52.6083223
2;2017;3;16;6;2;5;3;0;1;0;0;0;0;0;8.418791839;53.40339444
2;2017;3;22;6;3;5;3;0;1;0;0;0;2;0;8.483483939;53.51212786
2;2017;3;16;6;2;5;2;0;1;0;1;0;0;0;8.621413048;53.07799423
2;2017;3;23;7;2;9;6;0;1;0;0;0;2;0;9.146182293;52.65356958
2;2017;3;15;7;2;6;4;0;1;1;0;0;0;0;9.935341865;52.17117017
2;2017;3;11;7;2;2;1;0;1;0;0;0;0;0;9.923884653;52.2483451
2;2017;3;16;7;3;5;2;0;1;0;1;0;0;0;9.633840693;51.8822564
2;2017;3;16;6;3;8;7;1;0;0;0;0;0;0;8.530737945;53.09983684
2;2017;3;15;7;3;5;3;1;1;0;0;0;0;0;9.449859484;51.82625181
2;2017;3;8;6;3;5;3;0;1;0;0;0;0;0;8.54457975;53.08200561
2;2017;3;15;6;3;3;6;1;0;0;0;0;0;0;8.438286366;52.91094821
2;2017;3;22;6;2;2;6;0;1;0;0;0;2;0;8.581794045;53.43743594
2;2017;3;20;6;2;5;2;0;1;0;1;0;2;0;9.800365203;53.46430714
2;2017;3;14;7;3;2;2;0;1;0;0;0;0;0;9.249565904;51.98101241
2;2017;3;12;6;3;1;5;0;1;0;0;0;0;0;9.919366369;53.3682388
2;2017;3;17;7;3;2;6;0;1;0;0;0;0;0;9.37938834;52.10516273
2;2017;3;17;6;3;5;3;1;1;0;0;0;0;0;9.41164033;53.69934098
2;2017;3;12;7;3;0;1;0;1;0;0;0;0;0;9.361108127;52.10318768
2;2017;3;16;7;3;9;1;0;1;0;1;0;0;0;9.669027102;51.33343359
2;2017;3;15;7;2;8;1;0;0;0;1;0;0;0;10.06279754;51.5833197
2;2017;3;14;7;2;8;1;0;0;0;1;0;0;0;10.06323229;51.58317069
2;2017;3;12;7;2;6;4;0;1;1;0;0;0;0;10.3609746;52.10269617
2;2017;3;0;7;3;5;3;1;1;0;0;0;2;0;10.2412213;52.25669254
2;2017;3;12;7;1;4;6;0;1;0;0;1;0;0;10.15630166;51.89808183
2;2017;3;12;7;3;2;2;0;1;0;1;0;0;0;10.59827553;52.72454436
2;2017;3;17;6;2;4;6;0;1;0;1;0;0;0;8.391960297;52.18373698
2;2017;3;14;6;3;2;6;0;1;0;0;0;0;0;9.692961548;52.84905073
2;2017;3;9;6;3;3;6;0;1;0;0;0;0;0;9.586228383;52.86128648
2;2017;3;7;6;3;5;3;0;1;0;0;0;0;0;9.25498476;53.2049849
2;2017;3;14;6;3;3;6;0;1;0;0;1;0;0;9.341033531;53.2313864
2;2017;3;16;6;2;8;7;0;1;0;0;0;0;0;10.63231013;52.98601927
2;2017;3;14;6;3;2;6;0;1;0;0;0;0;0;10.123915;52.5433896
2;2017;3;13;6;3;9;7;0;1;0;0;0;0;0;9.537865716;52.34009832
2;2017;3;15;6;3;4;2;0;1;0;1;0;0;0;9.91512552;52.51252762
2;2017;3;15;6;3;2;6;0;1;0;0;0;0;0;9.796814552;52.3475538
2;2017;3;10;6;3;5;2;0;1;0;0;0;0;0;10.33592006;51.65293338
2;2017;3;13;6;3;5;3;1;1;0;0;0;0;0;9.082240378;52.14825797
2;2017;3;8;6;3;4;6;0;1;0;0;1;0;0;9.347201448;52.32150177
2;2017;3;15;6;3;2;6;0;1;0;1;0;0;0;9.210343897;52.69731295
2;2017;3;15;6;2;4;6;0;1;0;1;0;0;0;7.99041455;52.18434463
2;2017;3;12;6;2;5;3;0;1;0;0;1;0;0;9.073028686;52.71009743
2;2017;3;17;6;3;5;2;1;1;0;0;0;0;0;10.00645328;51.95713814
2;2017;3;11;6;3;2;6;0;1;0;0;0;0;0;10.02857059;52.10103853
2;2017;3;16;6;2;2;6;0;1;0;0;0;0;0;9.967062742;52.1835789
2;2017;3;9;6;3;5;2;0;1;0;0;1;0;0;9.506393427;52.08037883
2;2017;3;13;6;2;9;6;0;1;0;1;0;0;0;10.60107397;52.24661639
2;2017;3;16;6;3;2;6;0;1;0;0;0;0;0;10.3667987;52.09860648
2;2017;3;14;6;2;8;1;0;0;0;1;0;0;0;10.34433424;52.30862449
2;2017;3;6;6;2;8;1;0;1;0;0;0;0;0;10.40515798;52.69991724
2;2017;3;7;6;3;5;3;1;1;0;0;0;0;0;8.315175553;52.37079611
2;2017;3;16;6;3;0;1;0;0;0;1;1;0;1;10.75770562;52.68780723
2;2017;3;15;6;3;2;2;0;1;0;0;0;0;0;7.981808426;52.64272512
2;2017;3;16;6;3;2;6;0;1;0;0;1;0;0;10.72279083;52.30024885
2;2017;3;14;6;3;5;3;0;1;0;0;0;0;0;8.047076045;52.26760972
2;2017;3;16;6;2;2;6;0;1;0;0;0;0;0;10.71708682;52.30806845
2;2017;3;14;6;3;2;6;0;1;0;0;0;0;0;7.80853318;53.31817463
2;2017;3;7;6;3;5;2;1;1;0;0;0;0;0;7.525093198;53.25018319
2;2017;3;7;6;3;5;3;0;1;0;1;0;0;0;7.212728125;52.52211503
2;2017;3;17;6;3;2;6;0;1;0;0;0;0;0;7.348268716;53.36859936
2;2017;3;16;6;3;5;3;1;1;0;0;0;0;0;7.467476326;53.47125528
2;2017;3;7;6;3;5;3;1;1;0;0;0;0;0;8.119504936;52.66444735
2;2017;3;15;6;3;2;6;0;1;0;0;0;0;0;10.79613995;52.31265599
2;2017;3;8;6;2;5;3;1;1;0;0;0;0;0;10.52171685;52.23124786
2;2017;3;15;5;3;0;1;1;0;0;0;0;0;0;8.272388836;52.43965212
2;2017;3;20;5;3;5;3;1;1;0;0;0;0;0;7.490960162;53.33699498
2;2017;3;10;5;3;2;6;0;1;0;0;0;0;0;7.212106307;53.38741751
2;2017;3;12;5;2;5;3;1;1;0;0;0;0;0;7.628221513;52.99576294
2;2017;3;14;5;3;2;2;0;1;0;0;0;0;0;7.045180816;52.54719565
2;2017;3;1;5;2;9;1;0;1;0;0;0;2;0;7.228659357;52.67236545
2;2017;3;12;5;3;0;6;0;1;0;0;1;0;0;7.247146373;53.02238336
2;2017;3;15;5;3;5;3;0;1;0;0;1;0;0;7.295403435;53.61940595
2;2017;3;13;6;3;5;3;1;1;0;0;0;0;0;8.046134883;52.8351233
2;2017;3;21;5;3;4;2;1;1;0;0;0;2;0;7.496200439;53.46839617
2;2017;3;12;6;3;5;3;1;1;0;0;0;0;0;8.092458086;53.37688383
2;2017;3;13;6;3;2;6;0;1;0;0;0;0;0;8.193700589;53.15067758
2;2017;3;14;6;3;2;6;0;1;0;0;0;0;0;8.87512853;53.01242106
2;2017;3;17;6;3;4;6;0;1;0;0;0;0;0;8.635951886;53.12270725
2;2017;3;15;6;2;8;6;0;1;0;0;0;0;0;10.36781862;53.29229007
2;2017;3;11;6;3;2;6;0;1;0;0;0;0;0;10.37068076;53.41634338
2;2017;3;14;6;3;2;6;0;1;0;0;0;0;0;9.677974168;52.72705773
2;2017;3;14;6;3;2;6;0;1;0;0;0;0;0;9.677869232;52.72727544
2;2017;3;13;5;3;1;7;1;1;0;0;0;0;0;8.169849729;53.37497771
2;2017;3;13;6;2;6;4;0;1;1;0;0;0;0;9.69495043;52.86617341
2;2017;3;20;6;3;5;3;0;1;0;0;0;2;0;9.205157815;53.36905516
2;2017;3;12;6;3;5;3;0;1;0;0;1;0;0;9.477974281;53.1649515
2;2017;3;13;6;3;2;6;0;1;0;1;0;0;0;9.198217685;53.10917459
2;2017;3;17;6;3;2;6;0;1;0;0;0;0;0;9.41230227;53.1095745
2;2017;3;12;5;3;3;2;1;1;0;0;0;0;0;8.908123525;53.14250418
2;2017;3;18;5;3;2;6;0;1;0;0;0;0;0;9.039551044;53.0099164
2;2017;3;9;5;3;8;7;0;1;0;0;0;0;1;9.062813142;53.05499385
2;2017;3;14;5;3;5;3;0;1;0;0;0;0;0;7.808688181;53.21989011
2;2017;3;7;5;3;0;2;0;1;0;1;0;0;1;7.957564915;53.22792044
2;2017;3;12;5;3;4;1;0;0;0;0;1;0;0;8.086574185;53.23368685
2;2017;3;9;5;3;8;1;0;1;0;0;0;0;1;9.041385414;52.86937416
2;2017;3;16;5;3;2;6;0;1;0;0;1;0;0;8.365779346;53.40020629
2;2017;3;16;5;3;4;6;0;1;0;0;0;0;0;8.445505317;53.541223
2;2017;3;18;5;3;2;6;0;1;0;0;0;0;0;8.190257363;53.0937713
2;2017;3;14;5;3;2;6;0;1;0;0;0;0;0;8.659779234;53.67791183
2;2017;3;13;6;3;2;6;0;1;0;0;0;0;0;10.53816156;53.04776526
2;2017;3;21;6;1;4;6;0;1;0;0;1;2;0;10.98646563;52.88415205
2;2017;3;11;5;3;1;7;0;1;0;0;0;0;0;9.714595387;53.285472
2;2017;3;15;6;3;0;3;1;1;0;0;0;0;0;10.08262631;52.62893273
2;2017;3;15;6;3;5;3;0;1;0;1;0;0;0;9.699462936;52.34736223
2;2017;3;23;6;3;5;7;0;1;0;0;0;2;0;9.708406376;52.36596912
2;2017;3;8;6;3;5;2;0;1;0;0;1;0;0;9.820421411;52.29360446
2;2017;3;13;6;3;2;6;0;1;0;0;0;0;0;9.777094414;52.26946763
2;2017;3;8;6;3;2;2;0;1;0;0;0;0;0;9.619979202;52.35497834
2;2017;3;16;6;3;5;2;0;1;0;0;1;0;0;9.525353431;52.46105881
2;2017;3;19;6;3;5;2;1;1;0;0;0;2;0;9.715835257;52.45861042
2;2017;3;15;6;3;5;2;1;1;0;0;0;0;0;9.710398221;52.43175143
2;2017;3;11;5;3;2;2;0;1;0;0;0;0;0;9.715646255;53.28298817
2;2017;3;16;5;3;9;1;0;1;0;0;1;0;0;9.608194941;53.51167522
2;2017;3;6;5;3;2;6;0;1;0;0;0;1;1;9.505001715;53.10637671