ULAND;UJAHR;UMONAT;USTUNDE;UWOCHENTAG;UKATEGORIE;UART;UTYP1;IstRad;IstPKW;IstFuss;IstKrad;IstSonstig;LICHT;STRZUSTAND;XGCSWGS84;YGCSWGS84
2;2017;4;20;2;3;2;6;0;1;0;0;1;1;0;10.21477681;52.30891346
2;2017;4;5;1;3;7;7;0;1;0;0;0;1;0;10.61597555;52.04873051
2;2017;4;12;2;2;0;7;0;1;0;0;1;0;0;10.45484136;53.22658812
2;2017;4;15;1;3;8;1;0;0;0;1;0;0;1;10.25958504;52.33255104
2;2017;4;19;7;3;9;6;0;1;0;0;0;1;0;8.04120202;52.3881926
2;2017;4;7;5;2;7;7;0;1;0;0;1;0;0;8.248740761;52.21561945
2;2017;4;18;6;3;2;7;0;1;0;0;1;0;0;9.509739484;52.40919066
2;2017;4;18;6;3;8;1;0;0;0;1;0;0;0;10.2365167;51.8197784
2;2017;4;19;5;2;0;1;0;0;0;1;0;0;0;8.410120441;52.26517836
2;2017;4;13;6;3;0;7;0;0;0;1;0;0;0;9.219704562;52.33324906
2;2017;4;21;5;3;2;6;0;1;0;1;0;2;0;8.055628985;52.20557163
2;2017;4;14;6;3;3;7;0;1;0;0;1;0;0;10.02750373;52.13409367
2;2017;4;18;6;3;2;6;0;1;0;0;0;0;0;9.919788335;51.55520258
2;2017;4;21;7;3;4;2;0;1;0;0;0;2;1;8.122910786;52.30443563
2;2017;4;14;7;2;2;6;1;0;0;0;1;0;0;7.672415459;52.62432074
2;2017;4;18;5;3;0;1;0;0;0;1;0;0;0;8.091336074;52.25674573
2;2017;4;17;7;3;5;2;0;1;0;0;0;0;0;7.605725174;52.95281948
2;2017;4;19;5;3;5;3;0;1;0;0;0;0;0;8.035081123;52.27154347
2;2017;4;10;7;3;0;7;1;0;0;0;0;0;0;7.090200869;52.42132426
2;2017;4;3;6;3;5;3;0;1;0;0;0;2;0;9.940771888;51.52066387
2;2017;4;16;7;3;5;3;0;1;0;1;0;0;0;7.13196688;52.78717337
2;2017;4;14;6;3;2;6;0;1;0;0;1;0;0;10.33934016;52.48110786
2;2017;4;6;6;3;2;6;0;1;0;0;0;0;0;10.58966404;52.44731036
2;2017;4;9;6;2;9;1;0;1;0;0;0;0;0;10.68764867;52.54405271
2;2017;4;17;5;3;3;5;0;1;0;0;0;0;0;8.127290989;52.30635664
2;2017;4;8;7;3;8;1;0;1;0;0;0;0;1;7.929786091;53.45286406
2;2017;4;13;5;3;3;2;1;1;0;0;0;0;0;8.162854827;52.2647171
2;2017;4;9;7;3;2;6;0;1;0;0;0;0;0;7.325116551;53.59705691
2;2017;4;15;5;3;9;1;0;1;0;0;0;0;0;7.841688707;52.42004954
2;2017;4;9;7;3;5;3;0;1;0;0;1;0;1;7.99680912;52.99767743
2;2017;4;18;7;3;5;3;0;1;0;0;0;0;0;8.031578952;52.82696965
2;2017;4;12;7;2;5;3;0;1;0;0;1;0;0;7.823278062;52.86480972
2;2017;4;13;7;3;5;2;0;1;0;1;0;0;0;7.925794045;53.66379206
2;2017;4;13;7;3;5;3;0;1;0;0;0;0;0;8.189867826;53.13363926
2;2017;4;10;7;3;5;3;1;1;0;0;0;0;0;7.320352391;52.51705782
2;2017;4;11;7;3;8;1;0;1;0;0;0;0;1;8.828606646;52.87826325
2;2017;4;18;7;2;2;2;0;1;0;0;0;1;0;8.637735768;53.67941272
2;2017;4;19;1;3;2;6;0;1;0;0;0;0;0;9.745117286;52.36742134
2;2017;4;15;7;3;4;6;0;1;0;0;0;0;0;9.724939568;53.47995546
2;2017;4;12;1;3;5;2;0;1;0;0;0;0;0;7.192337773;52.81250915
2;2017;4;10;7;3;2;6;0;1;0;0;0;0;1;9.672614535;52.78910914
2;2017;4;10;5;3;1;3;1;1;0;0;0;0;0;8.096344375;52.25468871
2;2017;4;7;5;3;2;6;0;1;0;0;0;0;1;8.102026162;52.25168382
2;2017;4;7;5;3;2;6;0;1;0;0;0;0;0;8.002628002;52.26901623
2;2017;4;7;5;3;5;2;1;0;0;0;1;0;1;8.054255342;52.2653558
2;2017;4;12;5;3;5;3;1;1;0;0;0;0;0;7.228105534;52.30138013
2;2017;4;8;5;3;5;3;1;1;0;0;0;0;0;7.234043481;52.71358754
2;2017;4;13;5;3;5;3;1;1;0;0;0;0;0;7.613042768;53.63633892
2;2017;4;18;5;2;5;3;0;1;0;0;0;0;0;7.211394388;53.56371765
2;2017;4;14;5;2;8;1;0;1;0;0;0;0;0;7.135149909;53.52040138
2;2017;4;10;5;2;4;2;0;1;0;0;0;0;0;8.077585571;52.2604409
2;2017;4;7;5;3;5;3;1;1;0;0;0;0;0;7.730272878;53.4213121
2;2017;4;11;5;3;3;2;0;1;0;0;1;0;0;7.797879544;53.30065532
2;2017;4;13;5;3;2;6;0;1;0;0;1;0;0;7.876573546;52.99693606
2;2017;4;19;5;2;5;3;0;1;0;0;1;0;0;8.009077451;52.95409081
2;2017;4;13;5;3;8;7;0;0;0;0;1;0;0;8.758503755;53.17123688
2;2017;4;8;7;2;2;6;0;1;0;0;0;0;1;9.505069792;53.27906684
2;2017;4;10;5;2;2;6;0;1;0;0;0;0;0;9.181623411;52.99914415
2;2017;4;15;5;3;2;6;0;1;0;0;1;0;0;8.199973601;53.15923948
2;2017;4;17;5;3;5;2;0;1;0;0;0;0;0;7.43760382;53.08801203
2;2017;4;15;5;3;5;2;1;0;0;0;1;0;0;7.922373993;53.25776093
2;2017;4;12;5;3;1;5;0;1;0;0;0;0;0;7.98382509;53.19199595
2;2017;4;5;5;1;6;4;0;1;1;0;0;1;0;7.348593487;52.96832241
2;2017;4;1;5;3;4;6;1;0;0;0;0;2;0;8.21481902;53.14648328
2;2017;4;11;5;3;5;3;0;1;0;0;0;0;0;8.58838946;52.54915794
2;2017;4;14;5;3;5;2;0;1;0;0;1;0;0;7.305161245;52.63357102
2;2017;4;14;5;3;2;6;0;1;0;0;1;0;0;8.454584765;53.23290529
2;2017;4;15;5;2;4;2;0;1;0;0;0;0;0;7.281239491;52.6000057
2;2017;4;20;5;3;4;7;0;1;0;0;1;1;0;8.349589049;53.0218433
2;2017;4;15;5;2;5;3;0;1;0;0;1;0;0;10.21994462;53.34458161
2;2017;4;13;5;3;2;6;0;1;0;0;1;0;0;7.239114764;52.88958456
2;2017;4;15;7;3;6;7;0;1;1;0;0;0;0;10.58991313;53.07988006
2;2017;4;18;5;3;5;3;1;1;0;0;0;0;0;10.22371491;53.35232262
2;2017;4;12;7;3;9;7;0;1;0;0;0;0;1;10.40616693;53.18193453
2;2017;4;16;5;3;2;6;0;1;0;0;0;0;0;10.20683552;53.35247153
2;2017;4;12;7;3;2;6;0;1;0;0;0;0;1;10.29427819;53.23038423
2;2017;4;8;5;2;9;1;0;1;0;0;0;0;0;9.144944246;53.44504297
2;2017;4;12;7;3;5;3;0;1;0;0;0;0;0;9.529854362;52.44527729
2;2017;4;22;7;3;5;3;0;1;0;0;0;2;0;9.842152568;52.56429294
2;2017;4;4;7;3;2;6;0;1;0;0;1;2;0;9.474594908;52.3870116
2;2017;4;10;7;3;3;6;0;1;0;0;0;0;1;9.695876601;52.43052256
2;2017;4;17;7;3;9;1;0;0;0;1;0;0;1;9.609065985;52.72786037
2;2017;4;4;7;2;5;3;1;1;0;0;0;2;1;9.731121533;52.38360157
2;2017;4;21;1;3;3;6;0;1;0;0;0;2;0;10.12020814;52.11823119
2;2017;4;3;7;3;9;1;0;1;0;0;0;2;0;9.939417999;51.82715488
2;2017;4;0;5;2;4;6;0;1;0;0;0;2;1;9.252913857;53.11636055
2;2017;4;21;5;3;7;7;1;0;0;0;0;2;0;11.04330577;53.14146766
2;2017;4;13;5;3;4;6;0;1;0;0;1;0;0;10.53157199;53.36515448
2;2017;4;17;5;3;2;6;0;1;0;0;0;0;0;10.23246498;52.73177444
2;2017;4;15;5;3;2;6;0;1;0;0;0;0;0;9.758438201;52.56645089
2;2017;4;17;5;3;2;2;0;1;0;0;0;0;0;9.798689503;52.45539356
2;2017;4;8;5;3;5;3;0;1;0;0;0;0;0;9.859266946;52.48745189
2;2017;4;14;2;3;8;1;0;1;0;0;0;0;0;7.916850349;52.56740546
2;2017;4;16;5;2;5;3;0;1;0;1;0;0;0;9.891459322;52.31281877
2;2017;4;20;5;3;2;6;0;1;0;0;0;2;0;9.899331719;52.38644229
2;2017;4;15;3;2;2;6;0;1;0;0;0;0;0;9.349852548;52.10146878
2;2017;4;11;5;3;5;3;0;1;0;0;0;0;0;9.743383665;52.36829194
2;2017;4;15;7;3;3;2;0;1;0;0;0;0;0;9.138765483;52.34883157
2;2017;4;13;5;2;6;4;0;1;1;0;0;0;0;9.850676658;52.25984456
2;2017;4;14;7;3;4;6;0;0;0;1;1;0;1;9.437427504;51.78793481
2;2017;4;8;7;2;5;3;0;1;0;0;0;0;1;9.242191328;51.98423657
2;2017;4;17;7;3;2;6;0;1;0;0;0;0;0;9.351477928;52.09051539
2;2017;4;12;7;3;2;6;0;1;0;0;0;0;1;9.871305123;51.58827685
2;2017;4;1;7;3;8;1;0;1;0;0;0;2;0;9.864163659;51.54959386
2;2017;4;5;7;2;8;1;0;1;0;0;0;2;1;10.69898791;52.64714675
2;2017;4;10;7;2;5;3;0;1;0;0;0;0;0;9.399845665;53.59407907
2;2017;4;22;6;2;7;1;1;0;0;0;0;2;0;8.030175081;52.20852692
2;2017;4;11;6;3;2;6;0;1;0;0;0;0;0;7.303477256;52.9797226
2;2017;4;13;1;2;8;7;0;1;0;0;0;0;0;9.13375354;52.84695511
2;2017;4;17;5;3;8;1;0;0;0;1;0;0;0;9.515390693;51.91537849
2;2017;4;2;6;3;9;1;0;1;0;0;0;2;0;7.187178001;52.27461263
2;2017;4;7;6;1;8;7;0;1;0;0;1;0;0;9.156448776;53.08054046
2;2017;4;19;1;3;5;2;0;1;0;0;0;0;0;8.321812143;53.12493271
2;2017;4;6;6;2;9;7;0;1;0;0;0;1;0;9.322541333;52.78379528
2;2017;4;7;2;3;5;3;1;1;0;0;0;0;0;10.55699677;52.17773605
2;2017;4;3;6;2;8;7;0;1;0;0;0;2;0;8.979518848;53.04407761
2;2017;4;3;6;3;9;7;0;1;0;0;0;2;0;9.278767088;52.93427423
2;2017;4;11;5;3;5;3;0;1;0;0;1;0;0;9.252465533;52.16682546
2;2017;4;16;5;3;8;1;1;1;0;0;0;0;0;9.714605282;51.45721111
2;2017;4;13;5;2;8;1;0;1;0;0;0;0;0;10.1153196;51.83179356
2;2017;4;8;5;3;5;3;0;1;0;0;0;0;0;10.81667058;52.31243517
2;2017;4;7;5;3;9;1;0;1;0;0;0;0;1;10.62370753;52.20311825
2;2017;4;14;5;3;2;1;1;0;0;0;0;0;0;10.54181341;52.16911656
2;2017;4;16;5;3;0;6;0;1;0;1;0;0;0;10.33648738;52.13985613
2;2017;4;10;5;3;4;2;0;1;0;0;0;0;0;10.35281107;52.15568824
2;2017;4;16;5;2;5;3;0;1;0;1;0;0;0;7.329367032;52.3257529
2;2017;4;5;4;3;8;1;0;1;0;0;0;2;0;7.818019301;52.3805977
2;2017;4;8;5;3;5;3;0;1;0;0;0;0;0;7.262566793;52.54489791
2;2017;4;12;4;3;2;6;0;1;0;0;0;0;0;7.565633103;53.14422423
2;2017;4;21;4;3;8;1;0;0;0;1;0;2;0;7.356265302;53.09371635
2;2017;4;12;6;3;5;3;0;1;0;1;0;0;0;8.201868864;53.23559707
2;2017;4;16;6;3;8;7;0;1;0;0;0;0;0;8.899800912;52.99918436
2;2017;4;13;4;3;2;2;0;1;0;0;0;0;0;7.303334413;52.53353157
2;2017;4;21;6;3;5;3;0;1;0;0;0;2;0;8.824020449;52.94577891
2;2017;4;11;6;3;4;6;0;1;0;0;1;0;0;8.436845796;53.54387164
2;2017;4;4;6;3;9;1;0;1;0;0;0;2;0;8.53126965;53.40193364
2;2017;4;18;6;3;5;3;1;1;0;0;0;0;1;9.697831395;53.4802152
2;2017;4;13;6;3;2;6;0;1;0;0;0;0;0;9.694220118;52.67210753
2;2017;4;10;6;3;2;6;0;1;0;0;0;0;0;9.586349953;53.32236885
2;2017;4;15;6;3;0;1;0;1;0;0;0;0;0;10.51613597;52.90640335
2;2017;4;11;6;2;9;7;0;1;0;0;0;0;0;10.35889131;53.22020624
2;2017;4;12;6;3;5;2;0;1;0;1;0;0;0;9.96894835;52.80000215
2;2017;4;5;4;3;2;1;0;1;0;0;0;2;1;7.368013302;53.47783136
2;2017;4;7;4;3;5;3;0;1;0;1;0;0;0;7.745709623;52.9789003
2;2017;4;7;4;3;5;3;0;1;0;0;0;1;1;7.795235056;52.83227264
2;2017;4;14;5;3;1;1;0;1;0;0;1;0;0;7.573096383;53.39246707
2;2017;4;12;6;3;2;7;0;1;0;0;1;0;0;9.460485128;52.37777477
2;2017;4;11;5;3;2;6;0;1;0;0;0;0;0;7.507118514;53.44563745
2;2017;4;9;6;3;2;6;0;1;0;0;0;0;0;9.76021212;52.58746912
2;2017;4;16;4;3;5;3;1;1;0;0;0;0;0;8.002266342;52.88987647
2;2017;4;10;4;2;5;3;1;1;0;0;0;0;0;7.974194225;53.40993532
2;2017;4;15;4;3;2;6;0;1;0;0;0;0;0;8.730037806;53.23084302
2;2017;4;13;4;3;2;6;0;1;0;0;0;0;0;9.132938191;52.92516129
2;2017;4;15;4;3;4;6;1;0;0;0;0;0;0;9.246302163;52.92470285
2;2017;4;14;6;2;4;6;0;1;0;1;0;0;0;9.749177616;51.81175079
2;2017;4;10;4;3;2;6;0;1;0;0;0;0;0;8.102204171;53.39885947
2;2017;4;9;6;2;5;3;0;1;0;0;0;0;0;9.273728968;52.66157537
2;2017;4;21;6;3;4;6;0;1;0;0;0;2;1;9.963069783;52.03151452
2;2017;4;14;6;3;5;3;1;1;0;0;0;0;0;11.04260979;52.21587595
2;2017;4;18;6;3;2;6;0;1;0;0;0;0;0;10.35478134;52.03445261
2;2017;4;13;6;3;2;2;0;1;0;0;0;0;0;10.47870329;52.17388583
2;2017;4;2;7;3;9;1;0;1;0;0;0;2;1;9.696164098;52.38000932
2;2017;4;1;6;3;8;1;0;1;0;0;0;2;0;10.47260627;51.92658873
2;2017;4;16;5;3;2;6;0;1;0;0;0;0;0;8.035067951;52.40173209
2;2017;4;6;7;3;1;7;1;1;0;0;1;0;1;8.080486413;52.27561805
2;2017;4;12;5;2;3;6;0;1;0;0;1;0;0;8.03431795;52.43778553
2;2017;4;2;1;2;8;1;0;0;0;1;0;2;1;10.75293804;53.28361413
2;2017;4;11;5;3;5;3;0;1;0;0;0;0;0;7.982625203;52.19713315
2;2017;4;15;5;3;2;2;0;1;0;0;1;0;0;8.218427126;52.33988702
2;2017;4;18;4;3;5;3;1;1;0;0;0;0;0;7.885522185;53.20266814
2;2017;4;17;4;3;2;6;0;1;0;0;0;0;0;7.985776538;53.19236028
2;2017;4;17;4;3;2;2;0;1;0;0;1;0;0;8.140931541;53.12618972
2;2017;4;15;4;3;5;3;1;1;0;0;0;0;0;8.163307624;53.14162027
2;2017;4;8;4;2;5;3;0;1;0;0;1;0;0;8.356344889;53.39938551
2;2017;4;16;4;3;5;3;0;1;0;0;0;0;0;8.210494076;52.90554793
2;2017;4;11;3;3;5;3;0;1;0;1;0;0;1;10.59176233;52.15146655
2;2017;4;14;4;3;9;1;0;1;0;0;0;0;0;8.638093549;53.40988745
2;2017;4;9;4;3;5;3;0;1;0;0;0;0;0;8.663043164;53.38174932
2;2017;4;16;4;3;5;3;0;1;0;0;0;0;0;8.596867532;53.59573616
2;2017;4;7;5;3;5;3;0;1;0;0;1;0;1;7.828991636;52.47550473
2;2017;4;8;5;1;5;3;1;1;0;0;0;0;0;8.020875161;52.95521675
2;2017;4;14;4;1;5;3;1;1;0;0;0;0;0;8.874979366;53.80418172
2;2017;4;6;4;3;6;4;0;1;1;0;0;0;0;9.693905973;52.86583088
2;2017;4;21;5;3;3;6;0;1;0;0;0;2;1;8.097182813;52.25417411
2;2017;4;16;5;3;0;7;0;1;0;0;0;0;0;8.056001729;52.26560394
2;2017;4;14;5;3;2;6;0;1;0;0;1;0;0;8.028098518;52.28901462
2;2017;4;14;5;3;0;7;1;0;0;0;0;0;0;8.041887532;53.38865952
2;2017;4;12;5;3;5;3;1;1;0;0;0;0;0;8.023301409;52.29131561
2;2017;4;10;5;3;0;7;0;1;0;0;1;0;0;7.57258564;53.07878021
2;2017;4;6;5;2;5;3;1;1;0;0;0;0;0;8.086751272;53.52903152
2;2017;4;15;5;2;5;2;0;1;0;0;0;0;0;8.082010806;53.15985202
2;2017;4;9;5;2;5;3;1;1;0;0;0;0;0;7.575355447;53.13573443
2;2017;4;14;4;3;5;3;1;1;0;0;0;0;0;9.592540347;52.86035337
2;2017;4;9;4;2;3;2;1;0;0;0;1;0;0;9.505027014;53.27883943
2;2017;4;17;4;3;4;6;0;0;0;0;1;0;0;9.584886373;52.98630162
2;2017;4;13;5;3;5;2;1;1;0;0;0;0;0;7.339794241;52.51956828
2;2017;4;14;4;3;8;1;0;0;0;1;0;0;0;11.35609572;53.04718938
2;2017;4;18;5;3;5;3;0;1;0;1;0;0;1;8.784929821;53.23135777
2;2017;4;9;5;3;2;6;0;1;0;0;0;0;1;8.15537436;53.27956496
2;2017;4;17;5;3;2;6;0;1;0;1;0;0;0;7.809106702;53.22067601
2;2017;4;14;5;3;5;3;1;0;0;0;0;0;0;8.231612156;53.13644276
2;2017;4;8;5;3;5;3;0;1;0;0;0;0;0;8.871310187;52.98909932
2;2017;4;14;5;2;2;6;0;1;0;0;1;0;0;8.36999046;53.40029413
2;2017;4;18;5;3;5;2;0;1;0;0;0;0;0;8.42690128;53.31704744
2;2017;4;3;7;3;8;1;0;0;0;0;1;2;1;8.849290616;53.7996194
2;2017;4;8;5;3;8;1;0;1;0;0;0;0;1;8.389193907;53.19603735
2;2017;4;10;5;2;4;6;0;1;0;0;0;0;0;8.471421419;53.10652612
2;2017;4;11;4;3;5;2;1;1;0;0;0;0;0;10.42745339;53.29791159
2;2017;4;18;4;3;2;6;0;1;0;0;0;0;1;9.614386932;52.43836993
2;2017;4;7;4;2;2;2;0;1;0;0;0;0;0;9.076184685;52.51411033
2;2017;4;16;4;3;5;2;1;0;0;0;1;0;0;9.21755668;52.63020565
2;2017;4;16;4;3;5;3;0;1;0;0;1;0;0;9.727084611;52.11570366
2;2017;4;12;4;2;5;3;0;1;0;1;0;0;0;10.22571447;52.18892106
2;2017;4;7;2;3;2;6;0;1;0;0;0;0;0;8.270168003;52.76222328
2;2017;4;7;4;3;2;6;0;1;0;0;0;0;0;9.978358713;52.14949178
2;2017;4;6;4;3;5;3;0;1;0;0;0;0;0;9.953651658;51.51672583
2;2017;4;9;3;3;2;6;0;1;0;0;0;0;1;10.54001509;52.26803547
2;2017;4;17;4;3;0;6;1;1;0;0;0;0;0;10.79751452;52.7006301
2;2017;4;17;5;3;2;6;0;1;0;0;0;0;0;9.828481662;53.37196485
2;2017;4;17;4;3;2;2;0;1;0;1;0;0;0;10.6451784;52.39464792
2;2017;4;8;5;3;2;6;0;1;0;0;1;0;0;9.789527207;53.42437261
2;2017;4;7;4;3;2;6;0;1;0;0;1;0;0;10.17805531;52.35840029
2;2017;4;4;5;2;9;1;0;1;0;0;0;2;1;9.282227579;53.72039082
2;2017;4;19;3;2;3;6;0;1;0;0;1;0;0;7.959936913;52.43387995
2;2017;4;13;5;3;5;2;0;1;0;0;0;0;0;8.068048621;53.09012795
2;2017;4;16;5;3;4;2;0;1;0;0;0;0;0;8.731716166;52.83777284
2;2017;4;7;3;3;2;2;0;1;0;0;0;0;0;7.839776161;52.41986592
2;2017;4;16;5;1;8;1;0;1;0;0;0;0;0;8.443608309;53.20722436
2;2017;4;16;3;3;3;6;1;0;0;0;1;0;0;8.036789465;52.28063745
2;2017;4;12;3;3;2;6;0;1;0;0;0;0;0;8.036017624;52.29646269
2;2017;4;11;5;2;5;2;0;1;1;0;0;0;1;9.432311008;53.59508794
2;2017;4;10;5;3;5;3;0;1;0;0;1;0;0;9.827610729;53.03140851
2;2017;4;17;5;3;2;6;0;1;0;0;0;0;0;8.613560085;53.44673642
2;2017;4;10;5;3;4;2;0;1;0;0;1;0;0;9.275727414;53.29895181
2;2017;4;14;5;1;8;1;0;1;0;0;0;0;0;9.440575875;53.00884175
2;2017;4;9;5;3;5;3;0;1;0;0;0;0;0;9.287942463;53.17881759
2;2017;4;17;5;2;4;2;0;1;0;0;0;0;0;11.1301524;53.10350631
2;2017;4;21;5;3;2;6;0;1;0;1;0;2;1;9.813418171;52.36543975
2;2017;4;17;5;3;2;2;0;1;1;0;0;0;0;9.768807568;52.33808136
2;2017;4;17;3;3;2;2;0;1;0;0;0;0;0;8.024541216;52.29075626
2;2017;4;22;5;3;3;6;0;1;0;0;0;2;0;9.30204695;52.25439068
2;2017;4;22;5;3;2;6;0;1;0;0;0;2;0;9.947432996;52.39149931
2;2017;4;21;5;3;2;6;0;1;0;0;0;2;0;9.818555568;52.42763287
2;2017;4;15;3;3;3;2;0;1;0;1;0;0;0;7.603351649;53.33131788
2;2017;4;22;3;3;0;7;0;1;0;0;0;2;0;7.642447755;53.30695812
2;2017;4;15;3;3;5;3;1;1;0;0;0;0;0;7.196557955;52.34290812
2;2017;4;11;3;2;4;6;1;0;0;0;0;0;0;7.083861245;52.44035541
2;2017;4;15;5;3;5;2;0;1;0;1;0;0;0;9.720560206;52.4586699
2;2017;4;7;3;3;4;1;0;1;0;0;0;0;0;7.163341179;52.54164831
2;2017;4;18;3;2;5;3;0;1;0;1;0;0;0;7.611630282;52.56349344
2;2017;4;16;5;3;0;1;1;0;0;0;0;0;0;9.755442447;52.37011384
2;2017;4;7;2;3;5;3;0;1;0;0;1;0;0;10.17900151;52.20867363
2;2017;4;12;3;3;5;3;1;0;0;0;1;0;0;7.952014333;52.80723464
2;2017;4;9;3;3;5;2;1;1;0;0;0;0;0;7.751173932;52.73526255
2;2017;4;16;2;3;2;6;0;1;0;0;0;0;1;8.458858365;53.2406313
2;2017;4;20;3;3;5;3;0;1;0;1;0;0;0;8.186047033;52.82803723
2;2017;4;13;5;3;2;6;1;0;0;0;0;0;0;9.732241725;52.36910841
2;2017;4;13;2;3;2;6;0;1;0;0;1;0;0;8.049515253;52.26719437
2;2017;4;15;3;3;2;6;0;1;0;0;0;0;0;7.992088925;52.82048593
2;2017;4;11;5;3;5;2;1;1;0;0;0;0;0;9.731563259;52.36940174
2;2017;4;5;3;3;5;3;0;1;0;0;0;1;1;11.07272922;52.21984905
2;2017;4;10;3;3;2;6;0;1;0;0;1;0;0;7.985682389;52.82336098
2;2017;4;8;5;3;2;6;0;1;0;0;0;0;1;9.631418987;52.42015794
2;2017;4;9;5;3;0;1;0;0;0;1;0;0;1;10.03550048;51.8883476
2;2017;4;16;5;3;5;2;0;1;0;0;0;0;0;10.03507874;51.88854888
2;2017;4;7;5;2;8;1;0;0;0;0;1;0;1;9.267615087;52.39469524
2;2017;4;8;3;2;5;3;0;1;0;1;0;0;0;8.026725397;53.38827702
2;2017;4;15;5;3;2;6;0;1;0;0;0;0;1;9.470791879;52.2037308
2;2017;4;11;3;3;5;3;0;1;0;0;0;0;0;8.11307477;53.52826786
2;2017;4;18;5;3;2;1;0;0;0;1;1;0;0;8.879232296;53.6036926
2;2017;4;16;3;2;8;1;0;1;0;0;0;0;0;8.593722188;53.27466681
2;2017;4;7;5;3;2;6;0;1;0;0;0;0;0;8.575357041;53.37371102
2;2017;4;14;3;3;2;6;0;1;0;0;0;0;0;8.194320844;53.15406214
2;2017;4;14;5;2;9;1;0;1;0;0;0;0;1;9.553204043;52.07288994
2;2017;4;7;5;3;4;2;0;1;0;0;0;0;0;9.915446208;51.53532801
2;2017;4;17;3;3;4;6;0;1;0;0;0;0;0;7.767859847;53.24172819
2;2017;4;9;3;3;2;6;0;1;0;0;1;0;0;8.053406797;53.18121568
2;2017;4;14;3;3;2;6;0;1;0;0;0;0;0;8.222482104;53.13170153
2;2017;4;17;3;2;5;2;0;0;0;1;1;0;0;8.78570534;52.9989719
2;2017;4;16;3;2;5;2;0;0;0;1;1;0;0;8.659726496;52.8106575
2;2017;4;17;3;3;5;3;1;1;0;0;0;0;0;8.624642287;53.03508331
2;2017;4;17;3;2;1;7;0;1;0;1;0;0;0;10.18955728;53.39504168
2;2017;4;9;3;3;2;2;0;1;0;0;0;0;1;9.926126974;51.53336601
2;2017;4;6;3;3;4;3;0;1;0;0;1;0;0;9.793797973;53.29261479
2;2017;4;2;5;3;2;6;0;1;0;0;1;2;1;9.91541541;51.65924873
2;2017;4;8;3;3;5;3;0;1;0;0;0;0;0;9.461096069;52.89747429
2;2017;4;14;5;3;2;6;0;1;0;0;0;0;0;10.81767849;52.41345181
2;2017;4;9;3;3;8;1;0;1;0;0;0;0;0;9.476212414;52.8153553
2;2017;4;20;5;3;9;1;0;0;0;1;0;0;0;10.51152733;52.05221648
2;2017;4;23;5;3;0;7;0;1;0;0;0;2;0;10.30137985;52.39934153
2;2017;4;14;5;3;2;6;0;1;0;0;0;0;1;10.38433938;52.21464082
2;2017;4;17;5;3;2;6;0;1;0;0;0;0;0;8.644763116;53.22789702
2;2017;4;16;4;3;2;6;0;1;0;0;1;0;1;8.075550811;52.49443376
2;2017;4;15;4;2;3;6;0;1;0;0;1;0;1;8.340316029;52.19338195
2;2017;4;15;5;2;5;3;0;1;1;0;0;0;0;9.421512029;53.59012787
2;2017;4;16;4;3;5;3;0;1;0;1;0;0;1;8.167970045;52.23553175
2;2017;4;4;4;2;8;1;0;1;0;0;0;2;0;8.17624996;52.26477994
2;2017;4;20;4;3;2;6;0;1;0;0;0;1;0;8.009915515;52.08373851
2;2017;4;12;4;2;6;4;1;0;1;0;0;0;0;7.837383159;52.41889814
2;2017;4;16;3;3;2;6;0;1;0;0;0;0;0;10.44096463;53.32441474
2;2017;4;20;4;3;5;3;0;1;0;0;1;1;1;7.932965207;52.55643593
2;2017;4;15;3;2;9;1;0;1;0;0;0;0;0;9.928855836;52.60474698
2;2017;4;15;4;3;2;6;0;1;0;0;0;0;1;7.996625715;52.26687367
2;2017;4;15;3;3;0;7;1;0;0;0;1;0;0;10.07446878;52.62390621
2;2017;4;10;4;2;8;1;0;1;0;0;0;0;0;7.277494001;53.244625
2;2017;4;16;3;3;3;6;1;0;0;0;0;0;0;9.751679013;52.35860512
2;2017;4;6;3;3;4;2;1;1;0;0;0;1;0;9.862030333;52.38106739
2;2017;4;16;3;3;5;3;1;1;0;0;0;0;0;9.717768807;52.39561694
2;2017;4;16;4;3;5;3;0;1;0;0;1;0;1;7.53959507;52.9131507
2;2017;4;11;3;3;2;6;0;1;0;0;0;0;0;9.724600098;52.24295037
2;2017;4;6;4;2;9;1;0;1;0;0;0;0;0;7.586359395;52.58751046
2;2017;4;22;1;3;8;1;0;1;0;0;0;2;0;9.161623359;53.52283224
2;2017;4;19;3;3;5;2;0;1;0;0;0;0;0;9.604548681;52.33506423
2;2017;4;8;3;3;2;6;0;1;0;0;0;0;0;9.908354539;52.35732529
2;2017;4;16;4;2;5;3;0;1;0;0;0;0;1;7.492481429;52.36038574
2;2017;4;15;2;3;2;6;0;1;0;0;0;0;0;10.56100277;51.88496022
2;2017;4;16;3;3;6;4;0;1;1;0;0;0;0;9.797247338;52.47592121
2;2017;4;15;4;3;2;6;0;1;0;0;0;0;1;7.784009899;53.58521998
2;2017;4;9;2;3;2;2;0;1;0;0;0;0;0;9.731531895;52.3695902
2;2017;4;15;3;3;2;6;0;1;0;0;0;0;0;9.841261622;52.42334967
2;2017;4;13;4;3;2;6;0;1;0;0;0;0;1;7.694388919;53.55295589
2;2017;4;10;3;2;8;1;1;0;0;0;0;0;0;9.719749962;52.36764285