ULAND;UJAHR;UMONAT;USTUNDE;UWOCHENTAG;UKATEGORIE;UART;UTYP1;IstRad;IstPKW;IstFuss;IstKrad;IstSonstig;LICHT;STRZUSTAND;XGCSWGS84;YGCSWGS84
2;2017;4;20;4;3;8;6;0;1;0;0;0;2;1;7.706824921;53.11058001
2;2017;4;10;3;3;5;2;1;1;0;0;0;0;0;9.761931928;52.37051522
2;2017;4;7;4;3;5;3;0;1;0;0;0;0;0;8.275962151;52.53124501
2;2017;4;15;4;3;2;6;0;1;0;0;0;0;1;8.06030006;53.54048233
2;2017;4;22;4;3;5;3;0;1;0;0;0;2;1;8.802557976;53.22081734
2;2017;4;15;4;3;4;2;0;1;0;0;0;0;1;9.14121718;53.11372256
2;2017;4;15;4;3;4;6;0;1;0;0;1;0;1;8.315267684;53.54838336
2;2017;4;13;4;3;5;3;0;1;0;0;1;0;1;8.495024066;53.50704722
2;2017;4;18;4;3;5;2;0;1;0;0;1;0;1;8.709318048;53.51587322
2;2017;4;15;4;3;5;3;0;1;0;0;0;0;1;9.102053757;53.73230968
2;2017;4;12;3;3;8;1;0;0;0;1;0;0;0;10.461384;51.6965702
2;2017;4;7;3;3;5;3;0;1;0;0;0;0;0;9.900593526;52.06499787
2;2017;4;13;3;3;1;7;0;1;0;0;0;0;0;9.974664709;52.16548462
2;2017;4;14;3;3;4;2;0;1;0;1;0;0;0;9.634405748;51.92937315
2;2017;4;17;3;3;2;6;0;1;0;0;1;0;0;9.515266249;52.1228332
2;2017;4;6;3;3;4;2;0;1;0;1;0;1;0;9.701656687;51.42239985
2;2017;4;17;3;3;8;1;0;0;0;1;0;0;0;10.06709666;51.58301641
2;2017;4;8;2;3;4;2;0;1;0;0;1;0;0;6.947826856;52.51635374
2;2017;4;7;3;3;2;6;0;1;0;0;0;0;0;10.36573846;52.09366817
2;2017;4;16;4;3;5;3;0;1;0;1;0;0;1;9.56874611;53.54454516
2;2017;4;7;3;3;5;3;0;1;0;0;0;0;1;10.23591599;52.33173997
2;2017;4;9;2;3;0;1;0;0;0;1;0;0;1;8.060604735;52.2432785
2;2017;4;18;4;2;2;6;0;1;0;1;0;1;1;9.461700815;53.68358408
2;2017;4;13;2;2;8;7;0;1;0;0;0;0;0;8.264754738;52.24932762
2;2017;4;19;4;3;5;3;0;0;0;1;1;0;1;9.565758577;52.73670907
2;2017;4;17;4;3;2;2;0;1;0;0;0;0;1;9.158812798;53.48200947
2;2017;4;12;4;3;5;2;0;1;0;0;0;0;0;10.55406435;53.36351864
2;2017;4;12;2;3;5;3;1;0;0;1;0;0;0;8.279857609;52.23571673
2;2017;4;20;5;3;2;6;0;1;0;0;0;0;0;9.734490903;52.86682431
2;2017;4;14;2;2;4;3;1;1;0;0;0;0;0;8.129694081;52.1808097
2;2017;4;4;4;3;5;3;0;1;0;0;0;2;0;9.668118038;52.34376456
2;2017;4;12;4;3;5;3;1;1;0;0;0;0;0;9.574043089;52.42172045
2;2017;4;15;4;3;2;6;0;1;0;0;0;0;0;9.907989552;52.35708248
2;2017;4;11;4;3;5;3;1;1;0;0;0;0;0;9.801390647;52.48041566
2;2017;4;14;5;3;2;7;0;1;0;0;1;0;0;9.731158941;52.6189076
2;2017;4;6;4;3;8;1;0;1;0;0;0;1;1;10.0775783;52.47824956
2;2017;4;13;4;3;5;3;0;1;0;0;0;0;0;10.34798782;51.65378891
2;2017;4;6;5;3;5;3;0;1;0;0;0;0;0;9.692807675;52.85653449
2;2017;4;22;4;3;8;1;0;1;0;0;0;2;1;9.972726222;51.93670697
2;2017;4;16;4;2;0;1;0;0;0;1;0;0;1;9.304589823;52.06668774
2;2017;4;11;2;3;4;2;0;1;0;0;0;0;0;8.226077226;52.34553727
2;2017;4;18;4;3;8;1;0;0;0;0;1;0;1;9.420553235;52.22524235
2;2017;4;18;2;3;5;3;0;1;0;0;0;0;0;8.020850634;52.39813061
2;2017;4;20;4;3;0;3;0;1;0;1;0;2;1;9.36771442;52.10407669
2;2017;4;22;2;3;5;3;0;1;0;0;0;2;0;7.750059563;53.30520853
2;2017;4;18;4;3;8;1;0;1;0;0;0;0;1;9.338297475;51.99842217
2;2017;4;14;4;3;2;6;0;1;0;0;0;0;0;9.387832534;52.10283944
2;2017;4;12;4;2;4;6;0;1;0;0;0;0;0;10.09641004;51.55093954
2;2017;4;22;5;2;5;3;0;1;0;1;0;2;0;9.41230227;53.1095745
2;2017;4;7;4;3;4;1;0;1;0;0;0;0;0;10.4938532;51.98822669
2;2017;4;13;4;3;2;6;0;1;0;0;0;0;0;10.57075053;52.49653434
2;2017;4;6;4;3;5;3;0;1;0;0;0;1;0;10.57050403;52.49652065
2;2017;4;18;3;3;5;3;0;1;0;0;0;0;0;8.230039048;52.32416195
2;2017;4;23;3;3;8;1;0;1;0;0;0;2;0;8.313605765;52.36821696
2;2017;4;18;2;3;5;3;0;1;0;0;0;0;0;7.615869988;52.81619144
2;2017;4;14;3;3;5;3;0;1;0;0;0;0;0;8.430072473;52.36313549
2;2017;4;11;2;2;2;6;0;1;0;0;0;0;0;7.352857946;53.10190641
2;2017;4;12;3;3;5;3;0;1;0;0;1;0;0;8.356870625;52.32418728
2;2017;4;10;3;3;0;6;0;1;0;0;1;0;0;8.033154083;52.27134701
2;2017;4;7;2;3;5;3;0;1;0;0;1;0;0;7.404675716;52.93596577
2;2017;4;8;2;3;2;6;0;1;0;0;0;0;0;7.181977069;52.54929865
2;2017;4;13;2;2;5;2;1;0;0;0;0;0;0;7.307082436;52.68488602
2;2017;4;10;2;3;2;6;0;1;0;0;0;0;0;7.369622591;52.5686464
2;2017;4;17;2;3;2;6;0;1;0;0;0;0;0;8.056843986;52.84011547
2;2017;4;10;3;3;5;3;0;1;0;0;0;0;0;7.427162357;52.98918685
2;2017;4;17;2;2;5;3;0;1;0;1;0;0;0;8.058295687;52.95148937
2;2017;4;17;2;2;5;3;1;1;0;0;0;0;0;8.014124331;53.50628107
2;2017;4;15;3;3;4;2;0;1;0;0;0;0;0;7.23976371;52.29929064
2;2017;4;17;2;2;5;3;1;1;0;0;0;0;0;9.329586975;52.43536793
2;2017;4;12;2;3;5;3;1;1;0;0;0;0;0;8.594166143;53.22589462
2;2017;4;18;3;3;2;6;0;1;0;0;0;0;0;7.113855219;52.38999126
2;2017;4;10;2;3;2;6;0;1;0;0;0;0;0;8.802026349;53.02204424
2;2017;4;15;2;3;0;7;0;1;0;0;0;0;0;9.245569927;52.95886468
2;2017;4;8;3;3;5;3;1;1;0;0;0;0;0;7.098803308;52.42147248
2;2017;4;16;2;2;3;6;1;1;0;0;0;0;0;8.054853099;52.27698516
2;2017;4;13;2;3;5;3;0;1;0;0;0;0;0;9.238041054;52.91298443
2;2017;4;16;3;3;4;6;1;0;0;0;0;0;0;7.767879538;53.58615985
2;2017;4;14;3;3;0;6;0;1;0;0;0;0;0;9.3610541;52.10513314
2;2017;4;22;3;3;9;1;0;1;0;0;0;2;1;7.334204856;53.59402376
2;2017;4;12;3;3;5;3;0;1;0;0;1;0;0;7.103307981;53.43070223
2;2017;4;5;3;2;9;7;0;0;0;0;1;0;0;8.098615053;52.59797854
2;2017;4;19;3;3;5;2;1;1;0;0;0;0;1;8.946943836;53.15883049
2;2017;4;11;2;3;2;6;0;1;0;0;0;0;0;8.113867579;53.57515494
2;2017;4;7;3;3;5;3;0;1;0;0;0;0;0;9.007252781;52.9516878
2;2017;4;17;2;3;5;3;0;1;0;0;0;0;0;7.791418488;53.22734708
2;2017;4;17;5;3;2;6;0;1;0;0;0;0;0;10.12938239;52.62122121
2;2017;4;14;2;3;2;6;0;1;0;0;0;0;0;8.214830887;53.1465595
2;2017;4;6;2;2;0;6;0;1;0;1;0;0;0;8.738837785;52.99517202
2;2017;4;17;5;3;2;6;0;1;0;0;1;0;0;9.746380391;52.21158644
2;2017;4;11;2;3;2;6;0;1;0;0;0;0;0;8.828143219;52.91541801
2;2017;4;5;2;3;0;7;0;0;0;0;1;1;0;8.600245998;53.03496425
2;2017;4;0;2;3;2;6;0;1;0;0;1;2;0;8.62462992;52.97680026
2;2017;4;9;3;3;9;7;0;1;0;0;0;0;0;8.934982298;52.98325343
2;2017;4;19;3;3;0;7;0;1;0;0;0;1;0;9.230909118;52.93548803
2;2017;4;17;3;3;2;2;0;1;0;0;0;0;0;8.624314987;52.78640844
2;2017;4;18;3;3;2;2;0;1;0;0;0;1;0;8.451387057;52.61364634
2;2017;4;21;3;3;5;3;0;1;0;0;0;2;1;8.892668699;53.79585379
2;2017;4;16;3;3;5;2;1;1;0;0;0;0;0;9.882222394;53.33102915
2;2017;4;6;3;3;4;2;0;1;0;0;0;0;1;8.982401455;53.41593263
2;2017;4;19;2;2;9;1;0;0;0;1;0;0;0;8.278847455;52.99038088
2;2017;4;12;3;3;5;3;0;1;0;0;0;0;1;9.259703582;53.14441829
2;2017;4;15;2;3;5;2;1;1;0;0;0;0;0;8.609184783;53.04924261
2;2017;4;7;3;3;2;6;0;1;0;0;0;0;0;10.24318138;53.17464687
2;2017;4;20;2;3;9;7;0;1;0;0;1;1;0;8.689895337;53.1969815
2;2017;4;18;3;3;2;6;0;1;0;0;0;0;0;9.718384326;52.34604084
2;2017;4;10;2;3;2;2;0;1;0;0;1;0;0;9.799561113;53.38283343
2;2017;4;16;2;3;8;1;0;1;0;0;0;0;1;10.0564325;53.42555586
2;2017;4;17;2;3;4;1;0;1;0;0;0;0;0;10.26107865;53.40988923
2;2017;4;14;2;3;5;3;0;1;0;0;0;0;0;9.678275636;53.46241342
2;2017;4;20;3;3;5;3;0;1;0;1;0;2;0;9.766135674;52.34082122
2;2017;4;6;2;3;7;7;0;0;0;1;0;0;0;9.737401719;53.52304687
2;2017;4;7;2;2;9;1;0;1;0;0;0;0;0;9.992501801;53.04085379
2;2017;4;12;3;3;5;3;1;1;0;0;0;0;0;9.629043018;52.26462798
2;2017;4;13;1;3;2;2;0;0;0;1;0;0;0;8.303690345;53.0696039
2;2017;4;12;2;3;9;1;0;1;0;0;0;0;0;9.817641611;53.03341216
2;2017;4;0;3;3;8;7;0;1;0;0;0;2;0;9.854427956;52.54938309
2;2017;4;19;3;3;5;3;1;1;0;0;0;0;0;9.722959423;52.37892932
2;2017;4;7;2;3;5;3;0;1;0;0;0;0;0;10.34006552;52.18640718
2;2017;4;18;2;3;2;6;0;1;0;0;0;0;0;9.140503012;53.48880707
2;2017;4;11;3;3;2;6;0;1;0;0;0;0;0;9.847192989;52.27442283
2;2017;4;13;2;3;9;7;0;1;0;0;0;0;0;10.50587378;52.88707714
2;2017;4;10;2;3;2;6;0;1;0;0;1;0;0;9.116710229;53.49462459
2;2017;4;10;3;3;9;1;0;0;0;0;1;0;0;9.7934406;51.78576543
2;2017;4;15;2;2;9;7;0;1;0;0;0;0;1;7.342601053;52.95435628
2;2017;4;7;3;3;5;3;0;1;0;1;0;1;0;9.922271619;51.52598202
2;2017;4;18;3;3;5;3;0;1;0;0;0;0;0;10.17097982;52.30659472
2;2017;4;9;3;2;2;2;0;1;0;0;0;0;0;10.60238722;52.14714032
2;2017;4;21;3;2;9;1;0;1;0;0;0;2;0;10.33017626;52.07234819
2;2017;4;7;2;2;8;1;0;0;0;1;0;0;0;8.249848786;52.3482116
2;2017;4;7;2;3;8;1;0;0;0;1;0;0;0;10.60061519;53.12958913
2;2017;4;12;2;3;2;6;0;0;0;1;0;0;0;8.052036365;52.27581263
2;2017;4;9;2;3;3;2;0;1;0;0;0;0;0;10.95646333;53.19916889
2;2017;5;10;1;2;5;3;0;1;0;1;0;0;0;9.650397373;51.65474609
2;2017;5;11;3;3;5;3;1;1;0;0;0;0;0;9.274677265;53.3006195
2;2017;5;12;1;3;2;6;0;1;0;0;0;0;0;9.928491172;53.00398169
2;2017;5;16;5;3;5;3;0;1;0;0;0;0;1;9.855529422;52.49194836
2;2017;5;15;1;3;3;2;0;1;0;0;0;0;0;9.3002235;52.84369394
2;2017;5;18;5;3;8;1;0;1;0;0;0;0;1;9.881462988;52.43367757
2;2017;5;8;2;3;2;6;0;1;0;0;1;0;0;10.51120309;52.31571619
2;2017;5;21;3;3;8;1;0;1;0;0;0;2;1;9.077501922;53.22625023
2;2017;5;17;5;3;5;3;1;1;0;0;0;0;1;9.827115985;52.34409285
2;2017;5;8;2;3;2;6;0;1;0;0;1;0;0;10.02952224;52.42903441
2;2017;5;16;3;3;5;3;1;1;0;0;0;0;0;10.5976517;53.07730198
2;2017;5;15;3;3;2;2;0;1;0;0;0;0;1;9.978465452;52.37516416
2;2017;5;12;3;3;5;3;0;1;0;0;0;0;1;10.04395991;52.30727545
2;2017;5;8;5;3;2;6;0;1;0;0;0;0;1;9.418865585;53.13027409
2;2017;5;20;3;3;7;1;0;0;0;0;1;2;1;9.790358075;52.55867998
2;2017;5;19;3;2;8;1;0;1;0;0;0;0;1;9.68288739;52.37311103
2;2017;5;6;3;1;8;1;0;1;0;0;0;0;0;9.311266251;52.50434265
2;2017;5;15;3;3;8;1;0;1;0;0;0;0;1;9.545756815;51.66202157
2;2017;5;8;3;3;9;1;0;1;0;0;0;0;1;10.24467763;52.19620409
2;2017;5;16;3;3;0;1;0;1;0;0;0;0;1;9.297675538;51.96578217
2;2017;5;14;3;3;8;1;0;1;0;0;0;0;1;9.686492585;51.44755416
2;2017;5;17;3;3;8;1;0;1;0;0;0;0;1;10.09394442;51.54507538
2;2017;5;14;3;3;8;1;0;1;0;0;0;0;1;9.855886472;51.55760614
2;2017;5;14;3;3;8;1;0;1;0;0;0;0;1;9.907600528;51.6091172
2;2017;5;16;3;3;5;3;0;1;0;0;0;0;0;7.724474821;52.4865819
2;2017;5;18;3;3;8;1;0;1;0;0;0;0;1;10.62892168;52.32052214
2;2017;5;17;4;3;2;2;0;1;0;0;1;0;0;10.69943544;52.1587099
2;2017;5;10;6;3;9;1;0;1;1;0;0;0;0;8.073462238;52.2829926
2;2017;5;15;7;2;2;6;0;1;0;0;0;0;0;9.721659528;52.48364921
2;2017;5;17;3;3;8;1;0;1;0;0;0;0;1;10.84131392;52.25075031
2;2017;5;16;7;3;2;6;0;1;0;0;0;0;0;8.201463239;53.16013281
2;2017;5;15;3;3;8;1;0;1;0;0;0;0;1;10.46794723;52.02062197
2;2017;5;9;5;3;5;3;0;0;0;1;1;0;0;9.134563829;52.24220902
2;2017;5;14;7;3;5;2;0;1;0;0;0;0;0;7.599078159;53.23962399
2;2017;5;14;3;3;3;5;0;1;0;1;0;0;1;10.46299482;52.30655026
2;2017;5;4;2;3;2;6;0;1;0;0;0;2;0;8.440257338;52.19885398
2;2017;5;18;5;3;0;6;0;1;0;0;1;0;1;9.970595965;52.15004721
2;2017;5;17;1;2;8;1;0;1;0;0;0;0;0;9.928074235;51.53036366
2;2017;5;12;2;3;1;5;0;1;0;0;0;0;0;7.849884046;53.5790517
2;2017;5;2;2;3;9;1;0;1;0;0;0;2;0;7.641593233;53.41377663
2;2017;5;19;5;3;9;1;0;1;0;0;0;0;1;9.574626205;52.14415179
2;2017;5;20;2;3;4;6;1;1;0;0;0;1;0;8.066773342;52.50811836
2;2017;5;16;2;3;2;6;0;1;0;0;0;0;0;7.997571237;52.82581818
2;2017;5;16;5;3;2;6;0;1;0;0;0;0;1;9.355556602;52.07022021
2;2017;5;15;2;3;3;6;1;1;0;0;0;0;0;8.136374246;53.39628522
2;2017;5;15;5;3;3;2;1;0;0;0;1;0;0;9.915163779;51.53530093
2;2017;5;15;2;3;4;6;0;1;0;0;0;0;0;9.219670517;52.92311993
2;2017;5;17;2;3;2;6;0;1;1;0;0;0;0;8.608791311;52.77273037
2;2017;5;10;6;3;2;2;0;1;0;0;0;0;1;9.684760593;52.86184978
2;2017;5;14;2;3;5;3;0;1;0;1;0;0;0;8.981237229;52.82946764
2;2017;5;4;2;2;9;1;1;0;0;0;0;2;0;8.641706859;52.80266013
2;2017;5;14;2;3;2;6;0;1;0;0;0;0;0;8.353031348;53.06167043
2;2017;5;13;2;3;5;2;0;1;0;1;0;0;0;8.318857929;53.00929856
2;2017;5;6;2;3;8;1;0;1;0;0;0;0;0;8.586568064;53.3046657
2;2017;5;14;2;2;8;1;0;0;0;1;0;0;0;8.83578877;53.63248904
2;2017;5;13;7;3;8;1;0;1;0;0;0;0;0;8.842448195;53.25298154
2;2017;5;13;7;3;5;3;0;1;0;0;0;0;0;7.623255499;53.11217642
2;2017;5;11;2;3;0;7;0;0;0;1;1;0;0;9.074900748;53.68892551
2;2017;5;17;1;3;5;2;0;1;0;0;0;0;0;9.888440813;51.5551829
2;2017;5;17;2;3;0;1;1;0;0;0;0;0;0;8.719015757;53.85014771
2;2017;5;5;5;2;4;6;0;1;0;0;1;1;0;11.00473603;52.1857424
2;2017;5;13;1;2;2;6;0;1;0;1;0;0;0;9.964348523;52.31592773
2;2017;5;18;2;3;5;3;1;1;0;0;0;0;0;9.878864127;53.31426963
2;2017;5;8;5;3;5;3;0;1;0;0;0;0;1;10.7230808;52.29616158
2;2017;5;11;1;3;2;6;0;1;0;0;0;0;0;9.129139839;53.6772078
2;2017;5;18;2;3;5;7;1;1;0;0;0;0;0;9.588760726;53.50024137
2;2017;5;12;5;2;9;1;0;1;0;0;0;0;1;10.54017775;52.15633679
2;2017;5;19;1;3;5;3;0;1;0;0;0;1;0;7.542923774;53.30216875
2;2017;5;16;2;3;2;6;0;1;0;0;0;0;0;9.929003922;52.98787728
2;2017;5;12;5;3;4;2;0;1;0;0;0;0;1;10.29439905;52.14399976
2;2017;5;9;2;3;3;2;1;1;0;0;0;0;0;9.693905973;52.86583088
2;2017;5;17;4;3;2;6;0;1;0;0;0;0;0;8.348348094;52.20734104
2;2017;5;12;2;3;6;6;0;1;1;0;0;0;0;9.582918678;52.89582939
2;2017;5;15;2;2;5;2;0;1;0;1;0;0;0;9.995657942;53.07819644
2;2017;5;14;2;3;8;1;0;0;0;1;0;0;0;9.126866468;53.31867037
2;2017;5;0;2;2;2;6;0;1;0;0;0;2;0;9.211850956;53.12264451
2;2017;5;17;2;2;0;7;0;0;0;1;0;0;0;10.75460484;52.87011084
2;2017;5;3;2;3;9;1;0;1;0;0;0;2;1;7.797879544;53.30065532
2;2017;5;5;2;3;0;1;1;0;0;0;0;1;0;9.718072627;52.36718916
2;2017;5;16;2;3;9;1;0;0;0;1;0;0;0;9.590066908;52.21181265
2;2017;5;12;2;3;5;2;1;1;0;0;0;0;0;9.663417014;52.31587766
2;2017;5;17;2;2;5;3;0;1;0;0;0;0;0;10.05144033;52.3069617
2;2017;5;15;2;3;2;6;0;1;0;0;0;0;0;9.70183732;52.43048024
2;2017;5;15;2;3;3;7;0;1;0;0;0;0;0;10.17727911;52.03955631
2;2017;5;10;3;3;8;1;0;0;0;0;1;0;0;10.17437773;52.62692571
2;2017;5;8;2;3;4;7;0;1;0;0;0;0;0;9.966457808;52.18242343
2;2017;5;17;3;3;2;6;0;1;0;0;1;0;0;8.222431205;53.1700347
2;2017;5;19;4;3;5;3;0;1;0;0;0;0;0;10.52733029;52.33057608
2;2017;5;7;6;3;0;7;1;0;0;0;0;0;0;7.879314274;53.19825352
2;2017;5;19;6;2;9;1;0;1;0;0;0;1;0;7.241625875;53.04113826
2;2017;5;18;2;3;8;1;0;1;0;0;0;0;0;9.559030009;51.89141266
2;2017;5;17;7;2;8;1;0;1;0;0;0;0;0;10.722164;52.34815605
2;2017;5;16;2;3;5;3;0;1;0;1;0;0;0;10.97796212;52.29936547
2;2017;4;17;1;3;5;3;1;1;0;0;0;0;0;8.40090977;52.23716357
2;2017;4;18;1;3;0;4;0;0;1;0;1;0;0;8.313085745;52.36623313
2;2017;4;15;1;2;2;7;0;1;0;1;0;0;0;7.977522485;52.29740867
2;2017;4;10;1;3;5;3;0;1;0;0;0;0;0;7.592120745;53.29909938
2;2017;5;17;6;3;2;6;0;1;0;0;0;0;0;9.401715578;52.33311412
2;2017;4;19;1;2;5;2;0;1;0;1;0;0;0;7.751037901;53.26833498
2;2017;4;17;1;3;2;2;0;1;0;1;0;0;0;6.854086871;52.60569189
2;2017;4;20;1;3;5;3;0;1;0;0;0;0;0;7.102839516;52.74637483
2;2017;4;23;1;2;5;3;0;1;0;0;0;2;0;7.974471568;53.00406668
2;2017;4;18;1;3;2;2;0;1;0;0;0;0;0;8.097899349;52.91111348
2;2017;4;18;1;3;5;3;0;1;0;0;0;0;0;8.057379435;53.51171582
2;2017;5;10;7;3;2;6;0;1;0;0;0;0;0;9.880827818;51.52571967
2;2017;5;0;7;3;3;6;0;1;0;0;1;2;0;9.686833597;52.69716595
2;2017;4;3;1;3;9;1;0;1;0;0;0;2;0;8.123831447;53.37319063
2;2017;5;14;7;3;2;2;0;0;0;1;1;0;0;7.060792797;52.30562334
2;2017;4;15;1;1;5;3;0;1;0;0;0;0;0;7.93558699;53.23904902
2;2017;5;6;4;3;2;6;0;1;0;0;0;0;1;8.067670184;52.18895588
2;2017;5;15;1;3;0;7;0;0;0;1;1;0;1;10.49174843;52.28445611
2;2017;4;18;1;2;5;3;0;1;0;0;0;0;0;8.828085013;52.91986811
2;2017;5;17;4;3;6;7;0;1;1;0;0;0;0;8.171805762;52.38183473
2;2017;5;12;1;2;5;3;1;1;0;0;0;0;0;9.804416532;52.40803957
2;2017;4;15;1;3;8;1;0;0;0;1;0;0;0;8.679137548;52.89142748
2;2017;4;19;1;2;6;6;0;0;1;0;1;0;0;8.365618868;53.51189421
2;2017;5;10;4;3;5;3;0;1;0;0;0;0;0;7.934168332;52.40075445
2;2017;5;19;1;2;2;6;0;1;0;0;0;0;0;9.471544481;53.58365642
2;2017;4;17;1;3;0;7;0;0;0;1;0;0;0;8.415805121;52.9020741
2;2017;5;6;4;3;2;6;0;1;0;0;0;0;0;8.008677065;52.27430045
2;2017;4;12;1;3;8;1;0;0;0;1;0;0;0;8.399398941;53.11287245
2;2017;5;15;4;3;2;6;0;1;0;0;0;0;0;7.988669084;52.25386352
2;2017;5;11;2;3;2;6;0;1;0;0;1;0;1;8.845096588;52.89912248
2;2017;5;12;2;3;2;6;0;1;0;0;1;0;0;8.220216602;52.72247649
2;2017;5;13;6;3;2;6;0;1;0;0;0;0;0;10.51644831;52.16123909
2;2017;4;18;1;3;9;1;0;0;0;1;0;0;0;10.28474498;53.32786872
2;2017;4;18;1;3;5;3;1;1;0;0;0;0;0;9.691141844;53.54009242
2;2017;4;22;1;3;8;1;0;1;0;0;0;2;0;9.492784155;53.58224641
2;2017;4;13;1;3;2;6;0;1;0;0;0;0;0;9.679631002;52.80923034
2;2017;4;13;1;3;2;6;0;1;0;0;0;0;0;9.668627421;52.74524019
2;2017;4;4;1;3;8;1;0;1;0;0;0;2;1;9.819252951;52.96295939
2;2017;5;6;3;3;2;2;0;1;0;1;0;0;0;8.41563333;52.18096618
2;2017;5;14;6;2;4;2;0;1;0;1;0;0;0;7.666272744;53.35299296
2;2017;5;0;7;3;2;6;0;1;0;0;0;2;0;10.34541039;52.17063979
2;2017;4;10;1;3;5;2;1;1;0;0;0;0;0;9.158789205;53.48291652
2;2017;5;12;7;3;2;6;0;1;0;0;0;0;0;9.470175723;52.38378114
2;2017;4;16;1;2;0;2;0;1;0;1;0;0;0;11.22065318;53.13018446
2;2017;5;14;4;3;3;2;1;1;0;0;0;0;0;8.054692453;52.2643981
2;2017;5;11;7;3;2;6;0;1;0;0;0;0;0;8.216891165;52.81036935
2;2017;4;22;1;3;6;6;0;1;1;0;0;2;0;10.30819182;53.11896732
2;2017;5;15;4;2;0;1;1;0;0;0;0;0;0;6.841873493;52.60633107
2;2017;5;23;7;3;4;2;0;1;0;0;0;2;0;7.225701575;53.34167603
2;2017;4;22;1;3;9;1;0;1;0;0;0;2;0;9.713375457;52.4222402
2;2017;4;15;1;3;0;1;0;0;0;1;0;0;0;9.720717593;52.31674152
2;2017;5;13;4;3;2;2;0;1;0;0;0;0;0;7.047417306;52.45360497
2;2017;5;15;1;3;0;1;0;0;0;1;0;0;0;9.432154007;51.92047947
2;2017;4;17;1;2;8;1;0;0;0;1;0;0;0;9.606139209;52.64256283
2;2017;4;9;1;2;5;2;0;1;0;1;0;0;0;9.824155351;52.28548903
2;2017;5;21;4;3;0;7;1;0;0;0;0;1;0;7.529734994;52.68704039
2;2017;4;6;1;2;9;1;0;1;0;0;0;0;0;9.575692537;52.39188678
2;2017;5;19;4;3;3;6;0;1;0;0;1;0;0;7.2510716;53.00165172
2;2017;4;16;1;1;8;1;0;0;0;1;0;0;0;9.139988995;52.44495338
2;2017;4;18;1;3;0;1;1;0;0;0;0;0;0;9.001958325;52.49744859
2;2017;4;3;1;3;8;1;0;1;0;0;0;2;0;9.174360563;52.35617983
2;2017;5;11;2;3;1;5;0;1;0;0;1;0;1;9.60021886;52.5753941
2;2017;4;11;1;2;0;1;0;0;0;1;0;0;0;9.148403028;52.65010082
2;2017;5;16;2;3;8;1;0;1;0;0;0;0;0;8.367256684;52.93768756
2;2017;5;11;2;3;4;6;0;1;0;0;1;0;1;8.782868082;53.22961053
2;2017;5;18;5;3;5;3;1;1;0;0;0;0;1;8.096563935;53.52867268
2;2017;5;5;5;3;5;3;0;1;0;1;0;0;0;8.055532699;52.2055539
2;2017;4;22;1;3;9;7;0;1;0;0;0;2;0;9.236884049;52.64320086
2;2017;5;17;4;3;2;2;0;1;0;0;0;0;0;7.943275316;53.4575279
2;2017;4;15;1;3;8;1;0;0;0;1;0;0;0;10.11563804;52.05375363
2;2017;5;13;4;3;5;3;1;1;0;0;0;0;0;8.128654135;52.57961827
2;2017;4;18;1;3;4;2;0;1;0;0;0;0;0;9.997252457;52.14673338
2;2017;4;20;1;3;8;1;0;0;0;1;0;0;0;9.638957518;51.96636143
2;2017;4;13;1;2;2;2;0;0;0;1;0;0;0;9.435239358;51.91247085
2;2017;4;10;1;3;0;7;0;1;1;0;0;0;0;9.639751446;52.02598961
2;2017;4;14;1;3;8;6;0;1;0;1;0;0;0;9.715580254;51.52066498
2;2017;5;17;2;2;2;6;0;1;0;0;0;0;0;8.054533057;53.52582144
2;2017;4;17;1;3;2;6;0;1;0;0;0;0;0;10.21740799;51.61548268
2;2017;4;15;1;2;5;3;0;1;0;1;0;0;0;10.29811834;51.54463998
2;2017;4;3;1;2;7;7;0;0;0;1;0;2;0;9.846276636;51.52168258
2;2017;4;19;1;2;9;1;0;1;0;0;0;0;0;10.85737107;52.38751182
2;2017;4;19;1;2;5;3;1;0;0;0;0;0;0;10.84960607;52.14083694
2;2017;4;17;1;3;4;1;0;1;0;0;0;0;0;10.62146664;52.1796917
2;2017;5;12;3;3;0;7;0;1;0;0;1;0;0;9.296596272;53.20220404
2;2017;5;19;3;3;5;3;0;1;0;0;0;0;0;9.274066878;53.01188534
2;2017;5;12;6;3;5;3;0;1;0;0;0;0;1;9.697946574;53.48013542
2;2017;5;7;4;2;2;6;0;0;0;1;1;0;0;10.25787197;52.38286695
2;2017;5;8;6;2;8;1;0;1;0;0;0;0;1;9.300643826;52.99277312
2;2017;4;16;1;3;2;2;0;0;0;1;0;0;0;10.59472679;52.06846843
2;2017;5;23;6;3;8;1;0;1;0;0;0;2;0;7.557352076;52.41485053
2;2017;4;12;1;3;5;3;0;1;0;0;0;0;0;10.51774261;52.16152647
2;2017;5;10;7;3;2;2;0;1;0;0;0;0;0;9.953503117;52.15650521
2;2017;4;12;1;3;2;6;0;1;0;0;0;0;0;10.38265184;52.2654467
2;2017;5;9;7;3;2;6;0;1;0;0;0;0;0;9.670405858;52.78161669
2;2017;4;17;1;3;2;2;0;1;0;0;0;0;0;10.3435169;51.84395275
2;2017;4;23;1;3;7;7;0;1;0;0;0;2;0;10.47110948;52.68052768