ULAND;UJAHR;UMONAT;USTUNDE;UWOCHENTAG;UKATEGORIE;UART;UTYP1;IstRad;IstPKW;IstFuss;IstKrad;IstSonstig;LICHT;STRZUSTAND;XGCSWGS84;YGCSWGS84
2;2017;5;17;4;3;5;3;1;1;0;0;0;0;0;8.249354975;52.66804099
2;2017;5;22;7;3;0;1;1;0;0;0;0;2;0;7.051584653;52.25865836
2;2017;4;12;1;1;2;2;0;1;0;1;0;0;0;10.44792937;52.37686763
2;2017;4;17;1;3;2;6;0;1;0;0;0;0;0;10.55306972;52.31324044
2;2017;5;15;4;3;2;2;0;1;0;0;0;0;0;8.175014157;52.7254221
2;2017;4;9;1;3;2;6;0;1;0;0;0;0;0;10.32288864;52.33806704
2;2017;5;18;4;3;6;4;0;1;1;0;0;0;0;8.036566937;52.84508026
2;2017;4;19;1;3;5;2;0;1;0;0;0;0;0;10.56897583;52.34217884
2;2017;4;15;7;3;8;7;0;1;0;0;0;0;0;8.080692484;52.49928311
2;2017;5;13;1;2;8;1;0;1;0;0;0;0;0;8.293738855;52.31574513
2;2017;5;12;2;1;0;3;0;1;0;1;0;0;0;9.841235977;52.22490978
2;2017;5;8;2;3;5;3;1;1;0;0;0;0;1;9.396749336;53.10817519
2;2017;5;21;7;3;2;6;0;1;0;0;0;2;0;10.15724187;52.00217947
2;2017;4;19;7;2;5;3;0;1;0;0;0;0;0;8.212215066;52.42457265
2;2017;5;14;7;3;2;6;0;1;0;0;0;0;0;9.831471957;53.3309542
2;2017;4;20;7;3;9;1;0;1;0;0;0;1;0;7.913553224;52.51456514
2;2017;5;13;4;3;2;2;0;1;0;1;0;0;0;8.792028747;53.21811693
2;2017;5;15;7;3;2;6;0;1;0;0;0;0;0;7.45815211;53.24852038
2;2017;4;18;7;3;2;2;0;1;0;0;1;0;0;7.437575694;53.08798925
2;2017;5;16;4;3;2;2;0;1;0;0;1;0;0;9.037293756;53.01089316
2;2017;5;12;1;3;5;3;0;0;0;1;0;0;0;10.51567311;52.04896241
2;2017;4;5;7;2;9;1;0;1;0;0;0;2;1;7.037601721;52.56757174
2;2017;4;8;7;3;5;7;0;1;0;0;1;0;0;7.17802542;52.72006801
2;2017;5;17;4;3;5;3;1;1;1;0;0;0;0;8.109973107;53.25272222
2;2017;5;12;1;2;4;6;1;1;0;0;0;0;0;9.78108839;52.28112028
2;2017;4;16;7;3;4;6;1;0;0;0;0;0;0;7.297220981;52.50966026
2;2017;4;11;7;3;2;6;0;1;0;0;0;0;0;7.299184501;52.50983104
2;2017;5;5;4;3;5;3;0;1;0;0;1;0;1;8.227466024;53.13540432
2;2017;4;9;7;2;2;2;0;1;0;1;0;0;0;7.31913992;52.34488608
2;2017;5;8;4;3;9;1;0;1;0;0;0;0;1;8.929250028;52.79868495
2;2017;4;15;7;3;2;6;0;1;0;1;0;0;0;8.088950863;53.39189369
2;2017;5;20;4;3;9;1;0;1;0;0;0;0;0;8.221787475;53.33978663
2;2017;4;14;7;2;4;6;0;1;0;0;0;0;0;8.896963882;53.21314272
2;2017;4;20;7;3;3;6;0;1;0;0;0;1;0;8.193395078;53.1501556
2;2017;5;12;2;3;2;6;0;1;0;0;0;0;1;9.594704699;52.85853092
2;2017;4;12;7;3;1;7;0;1;0;1;0;0;0;8.229672221;53.13593075
2;2017;5;18;2;2;5;3;1;1;0;0;0;0;0;8.828322723;52.91609441
2;2017;5;7;2;3;2;6;0;1;0;0;0;0;0;7.345659996;52.51761051
2;2017;5;14;5;2;9;6;0;1;0;0;1;0;1;7.34506721;53.04983539
2;2017;5;14;6;3;3;6;0;1;0;0;0;0;0;10.72450009;52.07682639
2;2017;5;16;7;3;2;2;0;1;0;0;0;0;0;8.733507193;53.01019633
2;2017;4;19;7;2;9;6;0;1;0;0;0;0;0;10.33712804;53.30394242
2;2017;4;12;7;3;2;6;0;1;0;0;1;0;0;9.803719157;53.37592115
2;2017;5;8;3;3;4;7;0;1;0;0;1;0;0;10.47962425;52.14873424
2;2017;5;22;3;3;5;2;0;1;0;0;0;2;0;9.725288437;52.45979292
2;2017;5;17;7;2;5;3;0;1;0;1;0;0;0;8.840492881;52.91378428
2;2017;5;8;6;3;4;2;0;1;0;0;1;0;1;9.745644701;52.20933068
2;2017;5;7;3;3;5;2;1;1;0;0;0;0;0;8.182860712;53.22362189
2;2017;5;18;7;2;5;2;1;1;0;0;0;0;0;8.499628149;52.7092379
2;2017;5;13;6;3;5;2;0;1;0;0;0;0;0;9.275138257;53.06459849
2;2017;5;8;7;3;2;6;0;1;0;0;1;0;1;8.45210845;52.66333232
2;2017;5;12;3;3;2;6;0;1;0;0;0;0;0;8.13162628;52.30881294
2;2017;4;9;7;1;6;2;0;1;1;0;0;0;0;10.02072813;53.41799677
2;2017;5;10;6;3;5;3;0;1;0;0;1;0;1;8.876878418;52.68409794
2;2017;5;17;7;3;2;6;0;1;0;0;0;0;1;8.315838695;53.39805753
2;2017;4;11;7;3;0;3;0;1;0;1;0;0;1;9.682670677;53.53232602
2;2017;5;7;6;3;0;6;1;1;0;0;0;0;1;7.180754339;53.61023328
2;2017;5;5;7;3;5;3;1;1;0;0;0;1;0;8.639698333;53.04752967
2;2017;4;19;7;3;9;1;0;1;0;0;0;0;0;9.730543246;52.93618002
2;2017;5;13;7;3;9;1;0;1;0;0;0;0;0;10.3915467;52.16497556
2;2017;4;16;7;2;8;6;0;0;0;1;1;0;0;10.87309301;53.14136072
2;2017;4;16;7;2;4;2;0;1;0;0;0;0;1;10.34552745;53.19348126
2;2017;5;18;7;3;2;2;0;1;0;0;0;0;0;9.552665005;52.44078107
2;2017;4;13;7;3;2;6;0;1;0;0;0;0;0;9.603113377;52.46274588
2;2017;4;22;7;3;0;6;0;1;0;0;0;2;0;9.728051993;52.33620327
2;2017;5;17;4;2;5;3;0;1;0;1;0;0;0;8.252588769;53.05368412
2;2017;4;12;7;2;2;6;0;1;0;1;0;0;0;9.787815207;52.31867527
2;2017;5;15;4;3;5;2;0;1;0;0;0;0;0;8.623384854;53.03405596
2;2017;4;15;7;3;2;6;0;1;0;0;0;0;0;9.095876142;52.60390355
2;2017;4;15;7;3;0;7;1;0;0;0;0;0;0;10.03590507;52.19364011
2;2017;4;21;7;3;9;6;0;1;0;0;0;1;0;9.744908289;52.07392253
2;2017;4;4;7;2;2;6;0;1;0;0;0;2;0;10.18834768;52.05220045
2;2017;4;11;7;2;8;1;0;0;0;1;0;0;0;9.851252728;51.91132383
2;2017;5;16;7;3;8;7;0;1;0;0;0;0;0;8.703793208;53.47794367
2;2017;4;14;7;3;2;6;0;1;0;0;1;0;0;9.360383944;52.10612384
2;2017;5;9;3;3;5;3;0;1;0;0;0;0;0;8.148471998;53.20567814
2;2017;5;14;7;3;0;3;0;0;1;0;1;0;1;10.0647528;53.38913146
2;2017;4;22;7;3;2;6;0;1;0;0;0;2;0;10.99084312;52.22886066
2;2017;5;9;7;3;2;6;0;1;0;0;0;0;0;9.975874876;53.09877624
2;2017;5;9;3;2;2;6;0;0;0;0;1;0;0;8.009982738;52.2600986
2;2017;5;14;7;2;8;1;0;0;0;1;0;0;0;9.541205908;52.87298197
2;2017;5;15;7;3;5;3;0;1;0;0;0;0;1;9.870520611;53.0224128
2;2017;5;16;7;2;4;6;0;1;0;1;0;0;0;9.487653808;53.30888738
2;2017;5;15;6;3;2;2;0;1;0;0;0;0;1;7.819009154;53.5002604
2;2017;5;10;7;3;2;6;0;1;0;0;0;0;0;10.41935859;53.298554
2;2017;4;13;7;3;4;7;0;1;0;1;0;0;0;10.43959255;52.14173225
2;2017;5;8;7;3;5;3;0;1;0;0;0;0;0;10.48550652;52.15066142
2;2017;5;16;7;3;5;2;1;1;0;0;0;0;0;9.551394613;52.32274022
2;2017;4;18;6;3;2;6;0;1;0;0;0;0;1;8.146525194;52.13861678
2;2017;5;10;7;3;2;6;0;1;0;0;0;0;0;10.52068312;53.22906167
2;2017;5;8;7;3;2;6;0;1;0;0;0;0;0;9.45724587;52.50507884
2;2017;4;14;6;2;4;2;0;1;0;0;0;0;0;8.003126158;52.09232979
2;2017;5;14;4;3;8;7;0;1;0;0;0;0;0;10.08425313;53.19088382
2;2017;5;23;7;2;8;1;0;1;0;0;0;2;0;7.262516111;52.34069193
2;2017;4;22;6;2;5;3;0;1;0;0;0;2;0;7.995319088;52.41898938
2;2017;4;20;6;3;4;6;0;1;0;0;0;0;1;8.027980887;52.28907222
2;2017;5;17;4;3;1;5;0;1;0;0;1;0;0;10.03126629;53.42381279
2;2017;5;10;7;3;5;2;1;1;0;0;0;0;0;9.86882739;52.43480613
2;2017;5;16;7;3;8;1;0;0;0;1;0;0;0;8.189898834;52.20912003
2;2017;4;9;6;3;2;6;0;1;0;0;0;0;0;7.405674136;53.20945774
2;2017;4;8;6;2;5;2;0;1;0;0;0;0;0;7.35171977;52.98921106
2;2017;5;7;4;3;5;3;1;1;0;0;0;0;0;10.20667836;53.34787339
2;2017;4;12;6;3;8;1;0;1;0;0;0;0;0;7.43400529;53.06041092
2;2017;4;18;6;3;2;6;0;1;0;0;0;0;0;7.205543968;52.48017538
2;2017;5;10;4;3;2;6;0;1;0;0;0;0;0;9.601845368;53.51892437
2;2017;4;14;6;3;0;7;0;0;0;1;1;0;1;7.356820849;52.3781154
2;2017;5;16;4;3;4;2;0;1;0;0;0;0;0;9.519185809;53.57891041
2;2017;4;6;6;2;5;3;0;1;0;0;0;0;0;7.512194609;52.47925504
2;2017;5;15;2;3;3;6;0;1;0;0;1;0;1;10.36637868;52.0972814
2;2017;4;16;6;3;5;3;1;1;0;0;0;0;0;7.748902492;53.16460556
2;2017;5;12;2;3;2;6;0;1;0;0;0;0;0;9.396713107;52.59696784
2;2017;5;7;2;2;5;3;0;1;0;0;1;0;1;8.283799642;53.06292658
2;2017;5;15;5;3;4;1;0;1;0;0;0;0;1;9.728348816;53.48239607
2;2017;5;14;7;3;0;7;0;0;0;0;1;0;0;9.503675049;52.40572878
2;2017;5;16;2;3;2;6;0;1;0;0;0;0;0;8.058207688;53.52607931
2;2017;5;1;7;2;8;1;0;1;0;0;0;2;0;9.626767601;52.27079411
2;2017;5;22;5;2;8;1;0;1;0;0;0;2;1;8.126089859;52.59512015
2;2017;5;14;7;3;2;5;0;1;0;0;0;0;0;9.116735778;52.50763029
2;2017;5;7;6;3;5;3;0;1;0;0;0;0;1;10.51666683;52.27452809
2;2017;5;1;7;2;8;1;0;0;0;1;0;2;0;9.186320987;52.37192046
2;2017;5;16;2;3;2;2;0;1;0;0;1;0;0;8.213404338;52.26045981
2;2017;5;21;3;2;5;3;0;0;0;0;1;0;0;8.939365296;52.43761286
2;2017;5;23;7;3;1;5;0;1;0;0;0;2;0;9.346788688;52.32798548
2;2017;4;7;6;3;5;3;0;1;0;0;1;0;0;8.18040825;52.69698667
2;2017;4;22;6;3;8;1;0;1;0;0;0;2;0;8.315999931;52.68981252
2;2017;4;19;6;3;8;1;0;1;0;0;0;0;1;8.074749764;52.81056904
2;2017;4;20;6;3;5;3;0;1;0;0;0;0;0;8.014810941;53.39647542
2;2017;5;7;3;3;6;2;0;1;1;0;0;0;0;9.691595126;52.33238104
2;2017;5;21;7;3;8;1;0;1;0;0;0;1;0;9.346788688;52.32798548
2;2017;4;10;6;2;2;7;0;1;0;0;0;0;0;9.195962721;52.99245122
2;2017;5;9;3;3;2;6;0;1;0;0;0;0;0;9.983202888;53.33442677
2;2017;5;13;7;3;2;2;0;0;0;1;0;0;0;9.379948163;51.89741393
2;2017;5;15;7;3;3;6;0;1;0;1;0;0;0;10.40360065;52.06238671
2;2017;5;18;3;2;3;2;0;1;0;0;0;0;0;8.220323528;52.60733778
2;2017;5;16;7;3;5;3;0;1;0;1;0;0;0;10.37831318;52.05106811
2;2017;5;15;6;3;3;6;0;1;0;0;1;0;1;10.03766516;53.35265982
2;2017;5;9;7;3;5;2;0;1;0;0;0;0;0;10.40144397;52.27929812
2;2017;5;11;4;3;5;2;0;1;0;0;0;0;0;10.59109962;52.15654279
2;2017;4;10;6;3;9;7;0;1;0;0;1;0;0;8.127929093;53.16325285
2;2017;5;15;6;3;2;6;0;1;0;0;0;0;0;9.031670264;53.03121013
2;2017;5;5;7;2;9;1;0;1;0;0;0;1;1;10.3540816;52.2054725
2;2017;4;8;6;3;2;6;0;1;0;0;0;0;0;7.825683068;53.22401361
2;2017;5;16;6;3;5;3;0;1;0;0;0;0;0;6.892063059;52.49991308
2;2017;5;18;7;2;8;1;0;0;0;1;0;0;0;10.49308335;51.90421015
2;2017;4;12;6;3;5;3;0;1;0;0;0;0;1;8.114442653;53.13927999
2;2017;5;18;7;3;8;1;0;0;0;1;0;0;0;9.930761661;51.88049612
2;2017;4;15;6;3;5;3;1;1;0;0;0;0;1;8.807084878;53.0291115
2;2017;4;14;6;3;2;6;0;1;0;0;0;2;0;8.799327787;52.96273014
2;2017;5;20;7;1;8;1;0;1;0;0;0;1;0;10.00527526;53.19658347
2;2017;4;14;6;2;5;3;0;1;0;0;1;0;0;8.694318285;52.9785099
2;2017;4;7;6;3;2;6;0;1;0;0;0;0;0;8.799326877;52.96273109
2;2017;5;15;4;3;2;6;0;1;0;0;0;0;0;9.666166694;52.77038341
2;2017;4;19;6;2;4;2;0;1;0;0;0;0;1;9.044974684;52.72671806
2;2017;4;16;6;3;2;2;0;1;0;0;0;0;0;8.468380141;52.61224684
2;2017;5;16;4;3;5;3;0;1;0;0;0;0;0;10.39242362;53.29573501
2;2017;4;20;6;3;5;2;0;1;0;0;1;1;0;8.310780148;53.41503992
2;2017;5;7;4;3;2;2;0;1;0;0;0;0;0;10.10401605;52.556365
2;2017;4;15;6;3;2;6;0;1;0;0;0;0;0;8.364072637;53.18288403
2;2017;5;15;7;1;4;6;0;1;0;0;0;0;0;10.37688315;51.9996377
2;2017;5;16;7;2;0;1;0;0;0;1;0;0;1;10.52432988;52.20920701
2;2017;5;11;1;3;5;3;1;1;0;0;0;0;0;9.201231365;52.92130637
2;2017;5;8;6;3;2;6;0;0;0;0;1;0;1;8.0391351;52.15836913
2;2017;5;15;6;3;2;6;0;1;0;0;0;0;0;8.230319332;52.32247804
2;2017;5;17;1;3;2;6;0;1;0;0;1;0;0;8.107464805;52.29770387
2;2017;5;15;6;3;5;2;0;1;0;0;0;0;0;8.028448274;52.3537996
2;2017;5;16;6;3;9;1;0;1;0;0;0;0;1;8.00279129;52.3636336
2;2017;5;16;2;3;0;3;0;1;0;0;1;0;0;9.811262244;52.33304417
2;2017;5;13;6;3;2;6;0;1;0;0;0;0;1;8.035345031;52.34606051
2;2017;5;22;6;3;2;6;0;1;0;0;0;2;1;8.046457264;52.41444467
2;2017;5;16;2;3;3;6;0;1;0;0;1;0;0;9.962185948;53.07900921
2;2017;5;5;6;3;4;2;0;1;0;0;0;1;1;8.045760867;52.26807474
2;2017;5;18;5;2;5;3;0;1;0;1;0;0;1;10.5526155;52.97435224
2;2017;5;11;6;2;0;1;0;0;0;0;1;0;1;8.043061978;52.28306269
2;2017;5;8;2;3;2;6;0;1;0;0;0;0;1;8.829782648;52.98561568
2;2017;5;15;5;3;2;6;0;1;0;0;0;0;1;8.192928563;53.14670339
2;2017;5;9;6;3;4;2;0;1;0;1;0;0;1;8.054307314;52.2768103
2;2017;5;14;2;2;0;1;0;1;0;0;0;0;0;7.008568043;52.50702098
2;2017;5;7;5;2;8;7;0;1;0;0;0;0;0;7.543324569;52.81476955
2;2017;5;8;6;3;5;3;0;1;0;0;0;0;1;10.78652949;52.25761039
2;2017;5;12;6;3;5;3;1;1;0;0;0;0;1;7.227520954;53.3405434
2;2017;5;13;6;3;5;2;1;1;0;0;0;0;1;7.490924297;53.29803383
2;2017;4;18;6;3;8;6;0;1;0;0;0;0;0;8.657479389;53.6758676
2;2017;5;14;6;3;2;6;0;1;0;0;0;0;1;7.459441533;53.15997707
2;2017;5;18;2;2;5;2;0;1;0;0;0;0;0;9.426079504;53.46207091
2;2017;5;7;6;2;8;1;0;1;0;0;0;0;1;7.567655917;52.83341688
2;2017;5;14;6;3;5;3;0;1;0;0;0;0;1;7.315163603;52.8630837
2;2017;5;9;2;3;5;3;1;1;0;0;0;0;1;8.108094797;53.13940829
2;2017;5;19;6;3;2;6;0;1;0;0;1;0;1;7.171626295;52.79347493
2;2017;5;21;5;2;5;3;0;1;0;0;0;2;1;9.217085844;52.91225744
2;2017;5;15;6;3;8;1;0;1;0;0;0;0;1;7.162909106;52.76631825
2;2017;5;13;2;3;2;2;0;1;0;0;0;0;0;7.410273157;53.05972703
2;2017;5;13;6;3;5;3;1;1;0;0;0;0;0;7.156854507;53.40911019
2;2017;5;16;5;3;2;6;1;1;0;0;0;0;0;8.038278598;52.27754348
2;2017;5;20;6;3;9;1;0;0;0;1;0;0;1;7.525199557;53.53312946
2;2017;5;12;6;3;4;2;0;1;0;0;0;0;0;9.343834065;52.12211662
2;2017;5;11;6;3;2;6;0;1;0;0;1;0;1;7.471548257;53.46759542
2;2017;5;11;6;3;0;4;0;1;1;1;0;0;1;7.482974172;53.47263091
2;2017;4;12;6;3;8;1;0;1;0;0;0;0;1;9.905533785;53.45131436
2;2017;5;16;3;3;4;1;0;1;0;1;0;0;0;10.29927424;51.54417198
2;2017;5;9;3;3;2;2;0;1;0;0;0;0;0;9.433956535;52.42208589
2;2017;5;6;6;3;1;5;0;1;0;0;1;0;1;8.247208603;52.51404944
2;2017;5;9;6;3;8;1;0;1;0;0;0;0;1;9.379013362;52.40366529
2;2017;5;21;3;2;4;2;0;1;0;0;0;1;0;7.885429423;53.2088413
2;2017;4;18;6;3;2;6;0;1;0;0;0;0;1;9.694941518;52.6704505
2;2017;5;10;6;2;6;4;0;0;1;0;1;0;0;9.417774967;52.7977636
2;2017;5;11;6;3;9;7;0;1;0;0;0;0;1;7.999419486;53.64500741
2;2017;5;4;4;3;2;7;0;1;0;0;0;2;0;10.5937716;52.49651214
2;2017;4;14;6;3;2;6;0;1;0;0;0;0;0;9.695020862;52.67026824
2;2017;5;13;6;3;8;1;0;1;0;0;0;0;1;8.153377401;53.21023206
2;2017;5;16;6;3;3;6;1;0;0;0;0;0;0;8.909386523;53.14903146
2;2017;5;15;6;3;5;3;0;1;0;0;0;0;1;7.646202905;53.65809548
2;2017;5;10;7;3;8;7;0;1;0;0;0;0;0;10.75579906;52.15885156
2;2017;4;12;6;3;2;6;0;1;0;0;0;0;0;9.928970248;52.99089179
2;2017;4;14;6;3;2;2;0;1;0;0;0;0;0;9.575443886;52.90858676
2;2017;4;14;6;3;2;6;0;1;0;0;0;0;0;9.599737398;52.8509319
2;2017;4;14;6;3;2;2;0;1;0;0;0;0;0;9.828788101;53.03652719
2;2017;5;7;4;3;2;6;0;1;0;0;0;0;0;9.43453886;52.44286177
2;2017;4;8;6;3;5;3;0;1;0;0;0;0;0;9.828849718;52.99104323
2;2017;5;20;4;3;3;5;0;1;0;0;0;1;0;9.661212738;52.23933812
2;2017;4;11;6;3;5;3;0;1;0;0;1;0;0;9.495573171;53.28031199
2;2017;5;14;6;3;2;6;0;1;0;0;0;0;1;8.733815729;53.18246903
2;2017;5;12;6;3;0;6;0;1;0;0;1;0;0;8.708663353;53.18138105
2;2017;5;13;1;3;9;1;1;0;0;0;0;0;0;10.16928935;52.46539809
2;2017;5;13;6;3;5;3;1;1;0;0;0;0;0;9.017793431;53.01586458
2;2017;5;19;6;3;0;1;0;1;0;0;0;0;0;8.988376136;53.04357432
2;2017;5;12;1;3;9;1;0;1;0;0;1;0;0;8.664462308;53.8199713
2;2017;5;8;6;3;2;6;0;1;0;0;0;0;0;8.872025273;52.98690672
2;2017;5;13;6;3;2;6;0;1;0;0;0;0;1;8.162735696;52.65693891
2;2017;5;0;1;2;9;1;0;1;0;0;0;2;0;7.454516717;53.6484356
2;2017;5;11;6;3;5;3;0;1;0;0;0;0;1;8.3358214;53.5071531
2;2017;5;13;4;3;8;1;0;1;0;0;0;0;0;9.909298719;52.31425504
2;2017;5;14;6;3;2;6;0;1;0;0;0;0;1;8.4507832;53.47120816
2;2017;5;18;2;3;9;1;0;1;0;0;0;0;1;9.882504406;51.55684095
2;2017;5;13;6;3;2;2;0;1;0;0;0;0;1;8.681520274;53.03709629
2;2017;5;14;4;3;2;6;0;1;0;0;0;0;0;9.571751062;52.42278418
2;2017;5;7;6;2;5;3;0;1;0;0;0;0;0;9.670958072;53.51844207
2;2017;5;15;2;3;2;2;0;1;0;0;1;0;1;9.862323552;52.37140446
2;2017;4;10;6;3;4;7;0;1;0;1;0;0;0;9.003379847;53.447179
2;2017;5;15;5;3;2;6;0;1;0;0;0;0;1;9.434388906;52.42166704
2;2017;5;14;6;3;5;3;1;1;0;0;0;0;0;9.617172859;53.43458904
2;2017;5;13;2;3;2;2;0;1;0;0;0;0;0;8.262590456;53.04956446
2;2017;4;19;6;3;5;3;0;1;0;0;1;0;1;10.75698356;52.97167636
2;2017;5;12;5;3;5;3;0;1;0;0;0;0;1;8.586216401;52.90975985
2;2017;4;8;6;3;2;6;0;1;0;0;0;0;0;9.846742157;52.27538549
2;2017;5;15;5;3;5;2;0;1;0;0;0;0;1;8.094535239;52.48150603
2;2017;4;14;6;3;1;5;0;1;0;1;0;0;0;9.833144986;52.3863369
2;2017;4;12;6;3;2;6;0;1;0;0;1;0;0;9.457619648;52.43487836
2;2017;5;18;7;2;5;3;0;1;0;0;0;0;0;9.973145014;53.07109494
2;2017;4;13;6;3;4;2;0;1;0;0;0;0;0;9.472455906;52.38847437
2;2017;4;14;6;3;5;3;0;1;0;0;0;0;0;9.640181217;52.39683737
2;2017;5;6;4;3;2;6;0;0;0;0;1;0;1;9.264255727;52.23493289
2;2017;5;16;7;2;5;3;0;1;0;0;1;0;0;7.215504597;52.49274576
2;2017;4;9;6;3;2;6;0;1;0;0;0;0;0;9.730031242;52.31461722
2;2017;4;22;6;3;5;3;1;1;0;0;0;2;0;9.574785136;52.28289556
2;2017;5;15;4;3;5;3;0;1;0;1;0;0;0;9.13455239;52.26285284
2;2017;5;16;6;3;2;6;0;1;0;0;0;0;0;9.903324025;52.96549776
2;2017;4;7;6;3;4;2;1;1;0;0;0;0;0;9.930742537;52.34596273
2;2017;4;15;6;3;2;6;0;1;0;0;0;0;0;9.834575136;51.72337576
2;2017;5;6;4;3;9;1;0;1;0;0;0;0;1;9.733522375;52.06939871
2;2017;4;14;6;3;2;2;0;1;0;0;0;0;0;8.88842206;52.52508604
2;2017;5;0;4;3;2;6;0;1;0;0;1;2;1;10.15822912;52.00460405
2;2017;4;17;6;2;8;7;0;1;0;0;0;0;0;9.821274224;51.9570159
2;2017;4;20;6;3;2;6;0;1;0;0;1;2;1;10.1765758;52.03864722
2;2017;5;14;6;3;6;4;1;0;1;0;0;0;0;9.793357389;53.11397143
2;2017;5;7;6;3;5;3;1;1;0;0;0;0;1;9.788665225;53.11538554
2;2017;5;13;6;3;4;6;0;1;0;0;0;0;0;9.692703654;53.14308628
2;2017;5;17;2;3;2;6;0;1;0;0;0;0;0;9.358654505;52.10680027
2;2017;5;10;6;3;0;6;0;1;0;1;0;0;1;9.692873033;52.37439896
2;2017;5;16;6;3;3;6;0;1;0;0;0;0;0;9.449054962;52.42354572
2;2017;5;14;2;3;5;3;0;1;0;0;0;0;0;10.45572599;53.26196434
2;2017;5;15;6;3;5;3;1;1;0;0;0;0;0;9.669549548;52.34645598
2;2017;5;9;5;3;5;2;1;1;0;0;0;0;0;9.728363342;52.37410866
2;2017;5;13;6;3;2;6;0;1;0;0;0;0;0;9.456103965;52.5068106
2;2017;5;8;2;2;2;6;0;1;0;0;1;0;0;8.694150256;53.00444761
2;2017;5;8;6;3;2;2;0;1;0;0;1;0;0;9.945594502;52.3333116
2;2017;5;17;5;3;4;2;0;1;0;0;0;0;1;8.178750751;52.95103775
2;2017;5;10;6;3;2;6;0;1;0;0;1;0;0;9.718949037;52.43956675
2;2017;5;13;2;3;4;6;0;1;0;0;0;0;0;8.24343849;52.63979086
2;2017;5;7;5;3;2;1;0;1;0;0;0;0;1;7.485031265;53.47191588
2;2017;5;18;6;3;8;1;0;1;0;0;0;0;1;9.80121558;52.34186561
2;2017;5;17;6;2;4;6;0;1;0;0;0;0;1;10.50804638;51.94134366
2;2017;5;11;6;2;5;3;0;1;0;1;0;0;0;9.551847703;51.64321614
2;2017;5;8;3;3;2;1;0;1;0;0;0;0;0;10.73224868;52.32047437
2;2017;5;10;3;2;5;3;1;1;0;0;0;0;0;9.673272966;52.35867647
2;2017;4;13;6;2;2;6;0;1;0;1;0;0;0;10.1307652;51.88798921
2;2017;5;10;6;3;5;3;1;1;0;0;0;0;0;9.859213412;52.48722618
2;2017;5;17;3;3;5;3;0;1;0;0;0;0;0;10.02004603;53.4159511
2;2017;4;17;6;2;3;2;0;1;0;1;0;0;0;9.470164029;51.98558864
2;2017;5;11;6;3;2;6;0;1;0;0;0;0;0;10.42880129;53.267371
2;2017;5;8;6;3;2;6;0;1;0;0;0;0;1;9.160395154;52.31897007
2;2017;4;17;6;3;4;6;0;0;0;1;1;0;0;9.513893854;51.91043862
2;2017;5;17;6;3;3;6;0;1;0;0;0;0;0;10.02901691;53.41113243
2;2017;4;9;6;3;4;2;0;1;0;0;0;0;0;9.302568715;52.13389378
2;2017;4;22;6;2;9;1;0;1;0;0;0;2;1;9.377671463;52.13852603
2;2017;5;16;6;3;5;3;1;1;0;0;0;0;1;7.945362542;53.52612161
2;2017;4;0;6;2;0;1;1;0;0;0;0;2;0;10.6806597;52.34211664
2;2017;4;15;6;3;2;6;0;1;0;1;0;0;0;10.79081426;52.44496437
2;2017;4;13;6;3;4;2;0;1;0;0;1;0;0;10.49048185;52.13618162
2;2017;4;15;6;3;0;3;1;1;0;0;0;0;0;10.32063128;52.19470481
2;2017;4;9;6;3;1;5;0;1;0;0;0;0;0;10.31813968;52.14493745
2;2017;4;7;6;3;2;6;0;1;0;0;0;0;0;10.56052045;51.88585146
2;2017;5;13;6;3;8;1;0;0;0;1;0;0;0;9.282710528;52.39940093
2;2017;5;12;6;3;2;6;0;1;0;0;0;0;1;9.234741263;52.64115236
2;2017;5;8;1;3;8;1;0;1;0;0;0;0;0;10.49758757;52.08287764
2;2017;5;23;6;3;8;6;0;1;0;0;0;2;1;9.985867885;52.24319337
2;2017;4;7;6;3;2;6;0;1;0;0;0;0;0;10.53757659;52.43719177
2;2017;5;14;3;3;2;6;0;1;0;0;1;0;0;10.52863729;52.49456037
2;2017;4;19;6;3;5;3;1;1;0;0;0;0;0;10.48091144;52.2988937
2;2017;5;17;3;3;2;6;0;1;0;0;0;0;0;9.786709484;52.3898125
2;2017;5;13;6;3;2;6;0;1;0;0;0;0;0;9.850443123;52.25984244
2;2017;5;10;3;3;0;1;0;1;0;0;1;0;0;8.58553914;52.96121015
2;2017;5;11;6;3;8;7;0;1;0;0;0;0;0;9.862443393;52.15995014
2;2017;5;13;6;3;4;2;0;1;0;0;0;0;1;10.34545295;53.19351415
2;2017;5;15;6;3;2;6;0;1;0;0;1;0;1;10.17641803;52.03844459
2;2017;5;10;3;3;5;3;1;1;0;0;0;0;0;8.067670184;52.18895588
2;2017;5;16;6;3;8;1;0;0;0;1;0;0;0;9.495699178;51.75730509
2;2017;5;7;6;3;4;2;0;1;0;0;0;0;0;8.648205278;53.8826939
2;2017;5;11;6;3;0;1;0;0;0;1;0;0;0;9.718458566;51.4030963
2;2017;4;7;6;3;3;6;1;0;0;0;0;0;0;10.46313414;52.26370126
2;2017;5;5;6;3;5;3;0;0;0;1;1;0;1;7.48931941;53.49821637
2;2017;5;14;6;2;3;7;1;1;0;0;0;0;0;9.904452448;51.53259725
2;2017;4;16;5;3;2;6;0;1;0;0;0;0;0;7.941399938;52.53408656