ULAND;UJAHR;UMONAT;USTUNDE;UWOCHENTAG;UKATEGORIE;UART;UTYP1;IstRad;IstPKW;IstFuss;IstKrad;IstSonstig;LICHT;STRZUSTAND;XGCSWGS84;YGCSWGS84
2;2017;5;15;6;3;2;2;0;1;0;0;0;0;0;7.972468609;52.66081598
2;2017;4;12;5;3;5;3;0;1;0;0;0;0;0;8.034622951;52.30288001
2;2017;4;7;5;3;5;2;1;1;0;0;0;0;0;8.073657825;52.27480751
2;2017;5;15;7;2;0;6;0;1;0;0;0;0;0;9.829059365;52.42377666
2;2017;4;8;5;3;2;6;0;1;0;0;0;0;0;8.085456013;52.27230649
2;2017;4;13;5;3;2;6;0;1;0;0;0;0;0;7.462077003;53.12007955
2;2017;5;20;4;3;8;6;0;1;0;1;0;1;0;9.461667119;52.07326267
2;2017;4;12;5;3;2;6;0;1;0;0;0;0;0;7.402570233;53.08881905
2;2017;4;20;5;2;4;6;0;1;0;1;0;1;0;7.181132971;52.75583586
2;2017;5;5;4;2;9;1;0;1;0;0;0;1;1;9.372420806;52.04382344
2;2017;4;13;5;3;8;1;0;0;0;1;0;0;0;7.665646398;53.66404383
2;2017;5;17;4;3;2;6;0;1;0;0;0;0;0;9.433518043;52.12673933
2;2017;4;12;5;3;1;5;0;1;0;0;1;0;0;7.254587652;53.54724305
2;2017;4;12;5;3;6;6;0;1;1;0;0;0;1;7.543196515;53.48818698
2;2017;5;12;6;3;2;6;0;1;0;1;0;0;0;10.53531988;52.18414817
2;2017;5;21;6;2;6;4;0;1;1;0;0;2;0;10.46751855;52.19465675
2;2017;5;18;6;3;9;1;0;1;0;0;0;0;1;10.49062538;51.97595243
2;2017;5;16;1;3;5;7;0;1;0;0;1;0;0;9.057259942;53.09844019
2;2017;5;12;6;3;6;4;0;1;1;0;0;0;0;10.54697625;51.8907577
2;2017;5;15;6;3;2;6;0;1;0;1;0;0;0;10.53111023;52.41354878
2;2017;5;16;2;3;2;6;0;1;0;0;1;0;0;10.7291477;52.4621635
2;2017;5;13;6;3;2;2;0;1;0;0;0;0;0;10.74353583;52.47394065
2;2017;5;17;4;3;8;1;0;1;0;0;0;0;0;9.613358015;51.3505285
2;2017;5;20;6;3;0;6;0;1;0;0;1;0;0;10.74928633;52.31071019
2;2017;5;18;2;3;5;3;1;1;0;0;0;0;0;9.996710654;52.37726326
2;2017;5;4;6;3;2;1;0;0;0;0;1;2;1;10.43727339;52.33242507
2;2017;5;8;5;3;2;2;0;1;0;0;0;0;0;8.111973596;52.13677325
2;2017;5;16;2;3;2;6;0;1;0;0;0;0;0;9.805025409;53.36964729
2;2017;4;19;5;3;5;3;0;1;0;0;0;0;0;8.10463295;53.37602531
2;2017;5;16;5;3;2;6;0;1;0;1;0;0;1;9.578513252;52.98466804
2;2017;5;11;5;2;8;1;0;0;0;1;0;0;0;8.30576095;52.44311871
2;2017;5;6;2;3;8;7;0;1;0;0;0;0;0;8.06570994;53.21010358
2;2017;5;13;5;3;2;2;0;1;0;0;0;0;1;9.105168032;53.07790211
2;2017;5;18;5;3;8;1;0;0;0;1;0;0;0;8.008405049;52.40751174
2;2017;5;16;5;3;5;3;1;1;0;0;0;0;0;7.742976039;52.58074272
2;2017;5;16;6;2;4;2;0;1;0;0;0;0;0;9.239731803;51.98526589
2;2017;5;11;2;3;3;6;0;1;0;0;1;0;0;8.043134917;52.28206106
2;2017;4;18;5;3;2;5;0;1;0;0;1;0;0;8.078167558;53.35711096
2;2017;5;9;3;3;3;6;0;1;0;0;1;0;0;9.352006701;52.09256558
2;2017;4;21;5;3;7;1;0;1;0;0;0;2;0;7.975970572;53.12128851
2;2017;5;16;6;3;5;3;0;1;0;1;0;0;0;9.08004553;52.18931678
2;2017;4;14;5;3;2;6;0;1;0;0;0;0;0;8.046119721;53.19753338
2;2017;5;8;6;3;2;6;0;1;0;0;0;0;0;9.732381336;52.38348543
2;2017;4;7;5;3;8;1;0;0;0;0;1;0;0;8.403306417;52.51034732
2;2017;4;10;5;3;2;6;0;1;0;0;1;0;0;8.179322434;52.94551211
2;2017;4;7;5;3;5;3;0;1;0;0;0;0;0;9.332814451;53.27984892
2;2017;5;9;2;3;5;3;1;1;0;0;0;0;0;8.358741647;52.31830759
2;2017;5;16;3;3;5;3;1;1;0;0;0;0;0;9.813457637;52.19074573
2;2017;5;18;5;3;2;2;0;1;0;0;0;0;0;7.944920961;52.55629794
2;2017;5;19;6;3;5;3;0;1;0;0;0;1;0;9.115801216;52.50571575
2;2017;5;15;3;3;5;3;1;1;0;0;0;0;0;9.908407804;52.67549492
2;2017;5;17;5;3;2;6;0;1;0;0;0;0;0;8.07892828;52.2853404
2;2017;5;9;6;3;5;3;0;1;0;0;0;0;1;9.732971169;52.4208054
2;2017;5;16;5;3;2;6;0;1;0;0;0;0;0;8.036218732;52.29871667
2;2017;5;17;3;3;2;6;0;1;0;0;0;0;0;9.029824349;53.05372112
2;2017;4;6;5;3;2;6;0;1;0;0;1;0;0;9.205860693;53.11494203
2;2017;5;15;6;3;4;2;0;1;0;0;0;0;1;9.613955391;53.43302169
2;2017;5;12;5;3;5;2;0;1;0;0;1;0;0;8.061829045;52.24700459
2;2017;5;12;4;2;5;3;1;1;0;0;0;0;0;10.56835834;51.95604084
2;2017;4;7;5;3;2;6;0;1;0;0;0;0;0;10.52242793;53.22892752
2;2017;5;11;6;3;9;1;0;0;0;0;1;0;0;8.184945853;53.23168284
2;2017;4;9;5;3;4;2;0;1;0;0;0;0;0;10.15903848;52.53983438
2;2017;4;20;5;3;5;3;1;1;0;0;0;0;0;9.64077065;52.41402671
2;2017;5;9;6;2;9;7;0;1;0;0;0;0;0;7.452622665;52.54827616
2;2017;4;15;5;3;3;6;0;1;0;0;0;0;0;9.732101435;52.36947059
2;2017;4;12;5;3;5;2;1;1;0;0;0;0;0;9.610964763;52.43155219
2;2017;4;16;5;1;2;6;0;1;0;0;1;0;0;9.331209854;52.27341326
2;2017;4;8;5;3;5;3;1;0;0;0;1;0;0;9.736481556;52.55737158
2;2017;5;14;4;3;8;1;0;1;0;0;0;0;0;9.685484824;51.41148156
2;2017;4;9;5;3;2;6;0;1;0;0;0;0;0;9.732255201;52.38308346
2;2017;4;13;5;2;0;7;0;0;0;1;1;0;0;9.653043141;51.65626425
2;2017;5;14;5;2;1;5;0;0;0;1;1;0;0;7.443369857;53.30482898
2;2017;5;7;5;3;2;6;0;1;0;0;1;0;0;7.819836177;53.27805116
2;2017;5;11;5;3;5;3;1;1;0;0;0;0;0;7.339140916;53.05332816
2;2017;5;2;1;3;1;1;0;1;0;0;0;2;0;9.735965428;52.39791558
2;2017;5;16;5;3;2;2;0;1;0;0;1;0;0;7.48625537;52.66973868
2;2017;5;12;5;3;2;6;0;1;0;0;0;0;0;7.320068484;52.52820588
2;2017;5;16;1;3;2;6;0;0;0;1;0;0;0;8.502521049;53.44938489
2;2017;5;6;5;3;9;1;0;1;0;0;0;1;0;7.667056439;53.53233643
2;2017;5;6;4;2;4;6;0;1;0;0;0;0;1;10.20541462;51.51015841
2;2017;5;18;5;2;5;3;1;1;0;0;0;0;0;7.291581817;53.5756835
2;2017;5;13;1;2;2;6;1;0;0;0;0;0;0;8.254642849;52.34676603
2;2017;5;13;5;2;5;3;0;1;0;1;0;0;0;7.72900224;53.41031245
2;2017;5;17;4;2;5;3;0;1;0;1;0;0;0;10.26182408;52.03614678
2;2017;5;13;5;3;9;1;0;0;0;1;0;0;0;7.485207391;53.47182767
2;2017;5;7;2;3;3;6;0;0;0;1;1;1;0;9.956650654;52.00156105
2;2017;4;13;5;3;5;3;0;1;0;0;0;0;0;10.18635804;51.66220123
2;2017;5;16;5;3;2;6;0;1;0;0;0;0;0;7.889296175;53.03978583
2;2017;5;17;2;3;8;6;0;1;0;0;1;0;0;10.30197327;53.16165094
2;2017;4;18;5;3;6;4;0;1;1;0;0;0;0;10.47050189;51.63151009
2;2017;5;15;5;3;2;6;0;1;0;0;0;0;1;10.22193756;52.63236485
2;2017;5;7;5;3;5;3;0;1;0;1;0;0;0;7.898349723;53.04300623
2;2017;5;11;5;3;8;1;0;1;0;0;0;0;0;8.471633579;53.25850805
2;2017;4;6;5;3;1;5;0;1;0;0;1;0;0;9.093547771;52.60850652
2;2017;5;13;5;2;5;3;1;1;0;0;0;0;0;7.101698818;52.46905607
2;2017;5;19;5;3;2;6;0;1;0;1;0;0;0;8.137447107;52.83207416
2;2017;5;8;5;3;5;3;0;1;0;0;0;0;1;10.05792003;52.81604295
2;2017;5;19;5;3;8;1;0;1;0;0;0;0;0;7.982410453;52.882808
2;2017;5;15;2;3;5;2;1;1;0;0;0;0;0;8.824890204;52.9090083
2;2017;5;17;5;2;2;2;0;1;0;0;0;0;1;8.543353858;53.1393305
2;2017;5;22;5;2;0;3;0;1;0;0;1;2;0;8.821222002;53.1937642
2;2017;5;8;2;3;4;6;0;1;0;0;0;0;1;7.470212348;53.56138155
2;2017;5;15;5;3;2;2;0;1;0;0;1;0;1;7.396324649;53.08082022
2;2017;5;12;5;2;0;1;0;0;0;1;0;0;0;8.974551122;52.91582157
2;2017;5;6;6;2;8;1;0;0;0;1;0;0;1;10.59266613;52.12129812
2;2017;5;7;3;3;2;6;0;1;0;0;1;0;0;10.26750325;51.95516611
2;2017;5;13;3;1;4;6;0;1;0;0;1;0;0;9.82439132;52.29922218
2;2017;4;15;5;3;6;4;0;0;1;1;0;0;0;10.12798891;52.01111473
2;2017;5;17;6;3;6;6;1;0;1;0;0;0;0;9.610581814;52.39209798
2;2017;5;14;3;3;2;2;0;1;0;0;0;0;0;8.087895455;53.12456024
2;2017;4;9;5;3;1;5;0;1;0;0;1;0;0;10.1620801;52.09627646
2;2017;5;19;6;3;8;1;0;1;0;0;0;1;1;10.30768767;53.14369569
2;2017;4;15;5;3;5;3;0;1;0;0;0;0;0;9.897872757;51.53052969
2;2017;4;9;5;2;6;4;0;1;1;0;0;0;0;9.781772074;51.59453237
2;2017;5;15;6;2;2;6;0;1;0;0;0;0;1;8.659531804;53.80569801
2;2017;4;15;5;3;3;6;0;1;0;0;1;0;0;10.37134014;52.14815698
2;2017;4;17;5;2;4;2;1;1;0;0;0;0;0;10.29020078;52.12796984
2;2017;4;16;4;3;5;2;0;1;0;0;0;0;0;8.250166387;52.3481333
2;2017;4;8;4;3;2;6;0;1;0;0;0;0;0;8.025246256;52.27050013
2;2017;5;9;5;3;2;6;0;1;0;0;0;0;0;9.086567398;53.06420139
2;2017;4;22;4;2;6;4;0;1;1;0;0;2;0;8.039835764;52.27950806
2;2017;4;16;4;3;2;6;0;1;0;1;0;0;0;8.020712094;52.2738747
2;2017;4;16;4;3;5;3;0;1;0;0;0;0;0;7.342601053;52.95435628
2;2017;5;16;5;3;5;3;0;1;0;0;0;0;0;9.227397074;52.84700213
2;2017;5;17;5;2;8;7;0;0;0;1;0;0;0;7.999651836;53.2043737
2;2017;5;15;5;3;5;3;0;1;0;0;0;0;0;8.108177328;53.13939479
2;2017;5;9;1;3;2;6;0;1;0;0;0;0;0;10.23754539;52.08731119
2;2017;5;16;5;3;5;3;1;1;0;0;0;0;0;8.273749934;53.16955195
2;2017;4;8;4;3;5;3;1;1;0;0;0;0;0;8.186259592;52.51476597
2;2017;5;17;5;3;2;6;0;1;0;0;1;0;0;8.775912325;53.01897247
2;2017;5;14;1;3;9;1;0;1;0;0;0;0;0;9.812608684;52.32972834
2;2017;5;14;5;2;2;6;0;1;0;0;1;0;0;8.70036261;53.00833191
2;2017;4;13;4;3;5;2;1;1;0;0;0;0;0;7.689469345;52.72473445
2;2017;5;16;4;3;5;3;0;1;0;0;0;0;0;10.33890869;52.25758842
2;2017;5;16;5;2;8;1;0;0;0;1;0;0;0;8.867535057;53.8005106
2;2017;5;13;1;2;8;1;0;0;0;1;0;0;0;9.339919157;53.66062659
2;2017;5;14;5;3;2;6;0;1;0;0;0;0;0;10.33113815;53.42076368
2;2017;5;18;4;2;2;6;0;0;0;1;0;0;0;10.1198479;51.86388803
2;2017;5;10;5;3;2;6;0;1;0;0;0;0;0;9.795746582;53.11324878
2;2017;5;19;1;2;0;7;1;0;0;0;0;0;0;8.754429958;53.18037958
2;2017;4;18;4;3;5;3;1;1;0;0;0;0;0;8.027004159;52.952165
2;2017;5;18;3;3;2;6;0;1;0;0;1;0;1;8.15600259;52.14665719
2;2017;5;14;5;3;2;6;0;1;0;0;1;0;0;9.15827948;53.48313817
2;2017;5;21;2;3;9;7;0;1;0;0;0;1;0;10.42876776;52.14593921
2;2017;4;8;4;3;2;6;0;1;0;0;1;0;0;8.047709005;53.41634887
2;2017;5;16;3;3;2;6;0;1;0;0;1;0;1;8.200284189;52.107873
2;2017;5;14;5;3;2;6;0;1;0;0;0;0;0;9.196896174;53.10650213
2;2017;4;8;4;3;2;6;0;1;0;0;0;0;0;8.088466662;53.52833568
2;2017;4;19;4;3;4;6;0;1;0;0;0;0;0;8.119062389;53.57090292
2;2017;4;9;4;3;2;6;0;1;0;0;1;0;0;8.138388055;53.32824935
2;2017;5;15;5;3;8;1;0;1;0;0;0;0;1;9.765864586;52.98148951
2;2017;4;13;4;3;5;3;1;1;0;0;0;0;0;8.151947586;53.14123432
2;2017;5;11;5;3;3;6;0;1;0;0;1;0;0;9.197821274;53.10728466
2;2017;4;7;4;3;5;2;0;1;0;0;0;0;0;8.624836502;52.54606938
2;2017;5;5;5;3;6;4;0;1;1;0;0;0;0;10.58857898;53.08295562
2;2017;5;13;5;3;5;3;0;1;0;0;0;0;0;11.32322177;52.90981452
2;2017;5;16;5;2;6;4;0;0;1;1;0;0;0;10.48588744;53.36992647
2;2017;4;12;4;2;5;2;1;1;0;0;0;0;0;8.48195636;53.49334165
2;2017;4;14;4;2;2;6;0;1;0;0;1;0;0;8.47662958;53.18627996
2;2017;5;12;5;3;2;6;0;1;0;0;0;0;0;9.777973604;52.37124015
2;2017;5;15;5;3;2;6;0;1;0;0;0;0;0;9.405165014;52.40711481
2;2017;5;15;1;2;5;3;1;1;0;0;0;0;0;9.618663668;53.54273159
2;2017;5;2;5;3;9;1;0;1;0;0;0;2;0;9.763864726;52.17825867
2;2017;5;18;5;3;0;1;0;0;0;1;0;0;1;9.463386287;52.5354609
2;2017;5;10;1;3;5;3;0;1;0;0;0;0;0;8.130730107;53.52563513
2;2017;5;15;5;3;2;2;0;1;0;0;0;0;0;9.833847573;52.50034049
2;2017;5;18;5;3;5;3;0;1;0;0;1;0;0;9.801052992;52.55758606
2;2017;5;4;2;3;7;7;0;1;0;0;0;1;0;10.25237543;52.37561224
2;2017;5;11;5;3;2;6;0;1;0;0;0;0;0;10.09566773;52.45570689
2;2017;5;14;3;3;3;6;0;1;0;1;0;0;1;8.040343713;52.27367459
2;2017;5;21;5;3;8;1;0;1;0;0;0;2;1;9.830000688;52.2977705
2;2017;5;11;2;3;1;7;0;1;0;0;0;0;0;9.404978133;52.33400891
2;2017;4;17;4;3;6;4;0;1;1;0;0;0;0;9.122913848;53.70518016
2;2017;5;7;5;3;5;2;1;0;0;0;1;0;0;9.58689965;52.44015082
2;2017;5;18;5;1;4;1;0;1;0;1;0;0;1;9.522245978;52.30290296
2;2017;5;16;2;3;1;5;0;1;0;0;0;0;0;8.600294416;52.91072261
2;2017;4;8;4;3;2;1;0;1;0;0;0;0;0;10.09542295;53.37429758
2;2017;5;18;5;2;2;2;0;1;0;0;0;0;1;10.02999502;53.00950648
2;2017;5;16;5;2;5;3;1;1;0;0;0;0;0;9.806972142;52.27776893
2;2017;5;14;5;3;5;3;1;0;0;0;1;0;1;7.965917841;52.9257092
2;2017;4;1;4;3;6;7;0;1;1;0;0;2;0;9.788846394;53.40570218
2;2017;5;6;5;3;7;7;0;0;0;1;0;1;0;8.42720943;52.19875659
2;2017;5;14;2;3;5;3;1;1;0;0;0;0;1;8.207960344;52.26174349
2;2017;4;7;4;2;2;6;0;1;0;0;0;0;0;9.442236633;53.59238017
2;2017;5;5;3;3;0;7;0;1;0;0;1;1;0;9.103759708;52.61149378
2;2017;4;6;4;3;4;6;0;1;0;0;1;1;0;9.504494163;53.58943911
2;2017;5;16;6;3;3;7;0;0;0;0;1;0;0;9.895457992;52.37332702
2;2017;4;17;4;3;5;3;0;1;0;1;0;0;0;9.542233158;53.15107201
2;2017;4;10;4;3;5;3;0;1;0;1;0;0;0;9.520461886;53.09496863
2;2017;5;15;6;3;6;4;1;0;1;0;0;0;0;9.734917061;52.3929289
2;2017;4;16;4;2;5;3;1;1;0;0;0;0;0;10.5626583;52.97435924
2;2017;4;16;4;3;2;6;0;1;0;0;0;0;0;10.03802227;52.78322905
2;2017;4;19;4;3;5;3;0;1;0;0;0;0;0;9.730661405;52.46851734
2;2017;4;14;4;3;2;6;0;1;0;0;0;0;0;9.711875146;52.44104031
2;2017;5;16;5;3;2;6;0;1;0;0;0;0;0;9.75570117;52.34069812
2;2017;4;19;4;3;2;6;0;1;0;0;0;0;0;9.732710122;52.36936928
2;2017;5;12;5;1;2;6;0;1;0;0;1;0;0;9.748675181;52.59768241
2;2017;4;17;4;3;5;2;0;1;0;0;1;0;0;9.78941389;52.31705131
2;2017;5;9;5;3;2;6;0;1;0;0;0;0;0;9.629498904;52.42000878
2;2017;4;16;4;3;2;6;0;1;0;0;1;0;0;9.224174332;52.66859584
2;2017;5;8;5;3;2;6;0;1;0;0;1;0;0;9.767797084;52.42710326
2;2017;5;7;5;3;5;2;0;1;0;0;1;0;0;9.826297245;52.28961196
2;2017;5;16;7;3;2;6;0;1;0;0;0;0;0;7.385568099;53.48135909
2;2017;5;7;5;3;4;2;0;1;0;1;0;0;0;9.186523404;52.37137594
2;2017;4;18;4;3;2;6;0;1;0;0;0;0;0;9.935554275;52.15282569
2;2017;5;11;7;3;2;6;0;1;0;0;1;0;0;8.06593048;52.26418875
2;2017;5;15;5;3;5;3;1;1;0;0;0;0;0;9.112117941;52.31041157
2;2017;4;14;4;3;6;4;0;1;1;0;0;0;0;9.977395279;52.12936696
2;2017;5;0;3;3;4;6;0;1;0;0;0;2;1;7.946924912;52.29312965
2;2017;5;12;5;3;2;6;0;1;0;0;1;0;0;9.389560408;52.34366848
2;2017;5;15;1;3;4;2;0;1;0;1;0;0;0;9.872873598;52.23594825
2;2017;5;13;5;3;4;6;0;0;0;1;1;0;0;9.886535032;51.92809442
2;2017;4;10;4;1;7;1;0;1;1;0;1;0;0;9.400572951;52.20285555
2;2017;5;16;3;3;5;2;1;1;0;0;0;0;0;7.427257887;53.08054453
2;2017;5;6;5;3;2;6;0;1;0;0;0;1;0;9.955040244;52.15706502
2;2017;5;16;1;2;8;7;0;0;0;1;0;0;0;10.33308043;53.33326572
2;2017;4;13;4;2;1;5;1;1;0;0;0;0;0;9.94012716;51.5235106
2;2017;5;11;3;3;3;6;0;1;0;0;1;0;0;7.053493605;52.44797315
2;2017;5;2;5;2;8;1;0;1;0;0;0;2;0;9.612073718;51.95420137
2;2017;5;1;1;2;9;7;0;0;0;0;1;2;0;8.667118987;53.03110624
2;2017;5;9;6;2;5;3;0;1;0;0;0;0;0;10.12392291;52.37257592
2;2017;5;8;3;3;4;2;0;1;0;0;1;0;0;9.587564643;52.76331785
2;2017;4;7;4;2;4;1;0;1;0;0;0;0;0;10.57522184;52.21033089
2;2017;5;10;6;3;0;1;0;1;0;1;0;0;1;9.850667447;52.32231961
2;2017;5;9;5;3;2;6;0;1;0;0;0;0;0;10.25829229;51.50841566
2;2017;5;17;3;3;2;2;0;1;0;0;0;0;0;8.060322835;52.69328455
2;2017;4;7;4;3;5;3;0;1;0;0;0;0;0;10.51787382;52.16155547
2;2017;5;10;6;3;1;5;0;1;0;0;0;0;0;9.714761313;53.27910192
2;2017;5;1;5;2;5;2;0;1;0;0;1;2;0;9.938071755;51.50484488
2;2017;4;9;4;3;2;6;0;1;0;0;0;0;0;10.32304865;52.16136451
2;2017;5;22;6;3;4;2;0;1;0;0;0;2;0;9.034367066;53.04739757
2;2017;4;15;4;3;4;2;0;1;0;0;0;0;0;10.29438242;52.14390869
2;2017;4;12;4;3;8;1;0;1;0;0;0;0;0;10.4933865;52.02090887
2;2017;5;21;6;3;5;3;0;1;0;0;0;2;0;7.286932101;52.69037272
2;2017;4;7;4;3;2;6;0;1;0;0;0;0;0;10.50658736;52.43413493
2;2017;4;9;4;3;8;1;0;1;0;0;0;0;0;10.73255125;52.34047549
2;2017;4;14;4;3;5;3;0;1;0;0;0;0;0;10.60497031;52.28096901
2;2017;4;11;3;3;2;2;0;1;0;0;0;0;0;8.117070899;52.32637357
2;2017;4;18;3;3;0;5;0;1;0;0;1;0;0;7.940657595;52.19977435
2;2017;5;16;5;3;2;6;0;1;0;0;1;0;0;10.78236573;52.25756172
2;2017;5;18;5;3;8;1;0;0;0;1;0;0;0;10.80214042;52.22395868
2;2017;5;16;1;2;8;6;0;1;0;0;0;0;0;9.068769084;52.23740814
2;2017;5;9;5;3;3;6;0;1;0;0;1;0;0;10.81574429;52.44026188
2;2017;5;12;5;3;2;6;0;1;0;0;0;0;0;10.36669143;52.09813646
2;2017;5;4;1;2;9;7;0;1;0;0;0;2;0;10.47480677;52.95726543
2;2017;5;15;5;3;2;6;0;1;0;0;0;0;0;10.41529424;52.07510226
2;2017;5;13;5;3;5;2;0;1;0;0;1;0;0;10.36922891;52.24549199
2;2017;5;14;1;2;7;7;0;0;0;1;1;0;0;9.038540714;52.7813406
2;2017;5;13;5;3;5;3;0;0;0;1;1;0;0;10.14433874;51.92990317
2;2017;5;15;3;3;2;6;0;1;0;0;0;0;1;7.3084229;52.51250216
2;2017;5;19;5;3;0;1;0;0;0;1;0;1;1;10.52425191;51.76399452
2;2017;5;16;1;3;8;1;0;0;0;1;0;0;0;8.332392093;52.30772503
2;2017;4;16;3;3;4;2;0;1;0;0;0;0;0;8.224990238;52.34368825
2;2017;5;9;3;3;2;6;0;1;0;0;0;0;0;7.237905354;53.59918707
2;2017;5;7;5;3;1;1;0;1;0;1;0;0;0;10.54683116;51.89249749
2;2017;5;2;2;3;2;6;0;1;0;0;1;2;0;9.858812717;52.40731846
2;2017;4;20;3;2;5;3;0;1;0;0;0;1;0;8.152196666;52.26533384
2;2017;5;17;5;3;2;2;0;1;0;0;0;0;0;10.71189157;52.7294383
2;2017;4;16;3;3;2;6;0;1;0;0;0;0;0;7.992711455;52.25580755
2;2017;5;17;5;2;2;6;0;1;0;0;1;0;1;10.50087776;53.23249597
2;2017;4;16;3;3;2;6;0;1;0;0;1;0;1;8.079928957;52.2737487
2;2017;5;7;5;3;2;6;0;1;0;0;0;0;0;7.983892087;53.19200872
2;2017;4;13;3;3;5;2;1;1;0;0;0;0;1;8.064262143;52.2806923
2;2017;5;21;5;2;0;7;0;0;0;1;0;2;0;10.53563897;52.37637059
2;2017;5;13;5;3;0;6;0;1;0;0;0;0;0;10.60384909;52.43993684
2;2017;4;9;3;2;0;5;1;1;0;0;0;0;0;8.084165292;52.27628508
2;2017;4;18;3;3;4;2;0;1;0;0;0;0;0;8.054306777;52.27681013
2;2017;4;7;3;2;2;6;0;1;0;1;0;0;1;7.298465232;52.98164573
2;2017;4;8;3;3;4;1;0;1;0;0;0;0;1;7.37762163;53.0818857
2;2017;4;16;3;3;2;7;0;1;0;0;1;0;1;7.290875307;52.70843162
2;2017;4;12;3;3;2;2;0;1;0;0;1;0;0;7.098575667;52.64571297
2;2017;4;7;3;3;2;2;0;1;0;0;0;0;1;7.24246034;52.68428503
2;2017;4;12;3;3;2;6;0;1;0;0;0;0;0;7.561993043;53.55586329
2;2017;5;5;5;3;7;7;0;0;0;1;0;1;0;10.53172575;52.49452887
2;2017;4;13;3;3;3;1;0;1;0;0;0;0;0;7.947612588;53.45960762
2;2017;5;16;4;2;5;3;0;1;0;1;0;0;0;8.151088712;52.23925862
2;2017;4;13;3;2;4;1;0;1;0;0;0;0;1;7.522954571;53.43648
2;2017;5;7;4;3;8;1;0;1;0;0;0;0;0;10.60324438;52.24470582
2;2017;5;7;4;3;5;2;1;1;0;0;0;0;0;8.041683631;52.1596233
2;2017;4;8;3;3;2;6;0;1;0;0;0;0;1;7.392942615;53.4740111
2;2017;5;20;3;3;9;1;0;0;0;1;0;0;0;10.99457515;52.24874052
2;2017;4;16;3;3;2;6;0;1;0;0;0;0;1;8.257954521;52.78818664
2;2017;5;9;3;3;2;6;0;1;0;0;0;0;0;9.515224529;52.41165667
2;2017;4;16;3;3;5;3;0;1;0;0;1;0;1;8.060637192;52.81008447
2;2017;5;18;6;3;5;2;0;1;0;0;0;0;0;9.464984176;52.39827401
2;2017;4;7;3;2;8;1;0;1;0;0;0;0;1;8.079315335;52.7747314
2;2017;5;15;6;3;4;6;0;1;0;0;0;0;0;9.556352966;52.97743798
2;2017;4;7;3;2;5;2;0;1;0;1;0;0;0;7.874883015;52.83341809
2;2017;4;7;3;3;5;2;1;1;0;0;0;0;1;8.126355258;53.38048344
2;2017;5;16;6;2;2;2;0;1;0;0;0;0;0;8.787243792;52.98260849
2;2017;4;17;3;3;2;6;0;1;0;1;0;0;0;8.20113754;53.16550689
2;2017;4;13;3;3;5;2;1;1;0;0;0;0;1;8.216448819;53.12017873
2;2017;5;20;4;3;5;3;0;1;0;1;0;0;0;8.423523292;52.30791519
2;2017;4;8;3;3;2;6;0;1;0;0;1;0;1;8.826161692;52.93872835
2;2017;5;19;4;3;5;3;1;1;0;0;0;1;0;7.742995652;52.51802105
2;2017;4;14;3;3;2;6;0;1;0;0;0;0;1;8.470409333;52.68388802
2;2017;4;20;3;3;3;6;0;1;0;0;0;2;0;8.221715959;53.04561303
2;2017;5;23;4;3;9;7;0;1;0;0;0;2;0;8.020642845;52.62985998
2;2017;5;23;4;3;1;5;1;1;0;0;0;2;0;8.039089545;52.27575476
2;2017;5;18;7;2;2;6;0;1;0;0;0;0;0;7.787653228;53.30186442
2;2017;5;17;4;3;5;3;0;1;0;1;0;0;0;7.452125535;53.16642405
2;2017;5;14;4;3;2;2;0;1;0;0;0;0;0;7.062040573;52.44499173
2;2017;5;17;1;2;8;1;0;0;0;1;0;0;0;10.48678713;52.05163505
2;2017;5;17;4;3;2;6;0;1;0;0;0;0;0;7.063130542;53.43476323
2;2017;4;16;3;3;5;3;0;1;0;0;0;0;0;8.531635536;53.09003549
2;2017;5;17;4;3;5;2;0;1;0;0;0;0;0;7.877591164;52.80183299
2;2017;5;15;1;3;2;6;0;1;0;1;0;0;0;9.476297438;52.38827473
2;2017;5;17;4;3;4;2;0;1;0;0;0;0;0;7.93264672;52.86236971
2;2017;4;17;3;3;2;6;0;1;0;0;0;0;1;8.592768196;53.0405948
2;2017;5;10;3;3;8;1;0;1;0;0;0;0;1;8.167001361;52.64669096
2;2017;5;14;4;3;3;6;0;1;0;0;1;0;0;8.140074792;53.3172171
2;2017;5;15;1;3;2;7;1;0;0;0;0;0;0;10.08368696;53.44622131
2;2017;4;16;3;3;2;6;0;1;0;0;0;0;1;8.614404273;53.04920527
2;2017;5;17;3;3;2;6;0;1;0;0;0;0;1;8.976175311;53.02663575
2;2017;5;9;4;3;2;6;0;1;0;0;0;0;0;8.082637944;53.09438247
2;2017;5;4;1;3;6;4;0;1;1;0;0;2;0;8.027194129;52.95202661
2;2017;4;18;3;2;1;5;0;1;0;0;1;0;0;8.595014999;53.60301277
2;2017;5;15;3;3;5;3;0;1;0;0;0;0;1;9.232202343;52.91778231
2;2017;5;11;4;3;5;3;1;1;0;0;0;0;0;8.032335708;53.18090008
2;2017;4;17;3;3;9;1;0;1;0;0;0;0;0;9.174915015;53.75635544
2;2017;5;19;3;2;2;6;0;1;0;0;1;0;1;8.399119787;52.91356997
2;2017;4;10;3;3;3;6;0;1;0;0;1;0;1;10.0288309;53.40925703