ULAND;UJAHR;UMONAT;USTUNDE;UWOCHENTAG;UKATEGORIE;UART;UTYP1;IstRad;IstPKW;IstFuss;IstKrad;IstSonstig;LICHT;STRZUSTAND;XGCSWGS84;YGCSWGS84
2;2017;5;14;5;3;5;3;0;1;0;1;0;0;1;9.515244773;52.40054503
2;2017;4;9;3;2;5;3;0;1;0;0;0;0;0;10.02689688;53.38675699
2;2017;4;8;3;3;2;6;0;1;0;0;1;0;1;9.624900989;53.48329839
2;2017;4;13;3;3;9;1;0;0;0;1;0;0;0;9.494887239;53.58209302
2;2017;5;8;4;3;2;6;0;1;0;0;0;0;0;8.044522768;53.09001312
2;2017;4;16;3;3;5;3;0;1;0;0;0;0;1;9.620188725;52.67985575
2;2017;5;16;4;3;5;3;1;1;0;0;0;0;0;8.20060886;53.16600148
2;2017;5;14;4;3;8;7;0;1;0;0;0;0;0;8.714998744;52.95605359
2;2017;5;18;4;3;8;1;0;1;0;0;0;0;0;8.655274833;53.40363679
2;2017;5;9;4;3;9;1;0;1;0;0;0;0;1;8.904709173;53.79057701
2;2017;5;9;4;3;2;6;0;1;0;0;0;0;1;8.665294669;53.82179806
2;2017;5;15;4;3;5;3;1;1;0;0;0;0;0;10.06358626;52.65320236
2;2017;4;17;3;2;2;6;0;1;0;0;0;0;0;9.112727829;53.49609692
2;2017;5;14;2;3;5;3;0;1;0;0;0;0;1;8.313085743;52.19828122
2;2017;4;8;3;3;0;1;0;1;0;0;0;0;1;10.43951908;52.89992943
2;2017;4;21;3;3;5;3;0;1;0;0;0;2;0;9.912514949;52.8639903
2;2017;5;15;6;3;5;3;1;1;0;0;0;0;0;9.730324834;52.38227903
2;2017;4;16;3;3;0;5;1;1;0;0;0;0;0;10.04757857;52.61475961
2;2017;4;16;3;3;2;6;0;1;0;0;0;0;1;9.722443501;52.37849564
2;2017;5;19;6;3;5;3;0;1;0;0;0;0;0;10.11297145;52.6337525
2;2017;4;8;3;3;9;1;0;1;0;0;0;0;1;9.406648009;52.4116739
2;2017;4;5;3;3;3;6;0;1;0;1;0;1;1;9.648641416;52.29692344
2;2017;5;16;4;3;2;6;0;1;0;0;1;0;0;9.768757273;52.37091469
2;2017;4;8;3;3;3;6;0;1;0;1;0;0;1;9.465856143;52.33260028
2;2017;5;15;4;3;0;1;0;0;0;1;0;0;0;9.538529604;52.4607765
2;2017;4;12;3;3;9;7;0;1;0;0;0;0;1;9.970835272;52.33885393
2;2017;5;16;4;3;5;3;1;1;0;0;0;0;0;9.587582786;52.41507434
2;2017;4;12;3;3;6;2;0;1;1;0;0;0;0;9.744445016;52.45294789
2;2017;5;11;4;3;6;7;0;1;1;0;0;0;0;9.729039552;52.58297626
2;2017;5;22;4;3;2;6;1;0;0;0;0;2;0;9.807117777;52.37257862
2;2017;5;9;7;3;1;7;1;1;0;0;0;0;0;9.552227647;53.20065179
2;2017;5;16;4;3;5;2;1;1;0;0;0;0;0;9.733670549;52.38461388
2;2017;5;19;7;3;0;1;0;0;0;1;0;0;0;7.192273239;52.81247356
2;2017;5;14;4;2;2;3;0;1;0;0;1;0;0;9.890702555;52.36358731
2;2017;4;6;3;3;8;1;0;1;0;0;0;1;1;9.722981293;52.45371419
2;2017;5;10;4;3;3;6;0;1;0;0;1;0;0;9.812206314;52.42950228
2;2017;5;20;7;3;5;7;0;0;0;1;1;1;0;8.223699969;52.30341799
2;2017;5;10;4;2;5;3;1;1;0;0;0;0;0;9.742806834;52.36838446
2;2017;4;9;3;3;9;7;0;0;0;0;1;0;0;9.996085874;52.4450177
2;2017;5;2;3;3;2;6;0;1;0;0;0;2;0;8.358658998;52.90711311
2;2017;5;1;4;3;5;3;0;1;0;0;0;2;0;9.707635033;52.42035601
2;2017;5;17;1;2;7;7;0;0;0;1;1;0;0;9.146681316;52.23249771
2;2017;4;8;3;2;5;3;0;1;0;1;0;0;1;9.82632001;52.3414223
2;2017;4;5;3;3;2;6;0;1;0;0;0;1;1;9.757323765;52.50416602
2;2017;5;16;3;3;2;2;0;1;0;0;0;0;0;8.787101466;53.57856279
2;2017;5;14;4;3;5;3;0;1;0;0;0;0;0;9.121048371;52.38666399
2;2017;5;1;1;3;9;1;0;1;0;0;0;2;0;9.604681109;52.76836062
2;2017;4;8;3;3;2;6;0;1;0;0;0;0;0;9.782275667;52.36230211
2;2017;5;14;3;3;4;6;0;1;0;0;0;0;0;8.608150032;53.651054
2;2017;5;8;4;3;5;3;0;1;0;0;0;0;0;9.349268239;52.28068955
2;2017;4;16;3;3;2;6;0;1;0;0;0;0;0;10.08994968;51.68860746
2;2017;5;16;3;2;1;5;0;1;0;0;0;0;1;10.02134152;53.42107608
2;2017;4;14;3;3;2;2;0;1;0;0;0;0;0;9.13452433;52.24226384
2;2017;5;13;3;3;5;3;0;1;0;0;0;0;0;9.41428919;53.52528786
2;2017;4;18;3;2;4;6;0;1;0;0;0;0;0;9.132875937;52.63318858
2;2017;4;7;3;3;2;6;0;1;0;0;0;0;1;9.080544998;52.81361001
2;2017;4;10;3;2;5;1;0;1;0;0;0;0;0;9.121815707;52.80665583
2;2017;5;6;4;3;2;6;0;1;0;0;0;0;0;9.939025537;51.5563634
2;2017;4;17;3;3;2;6;0;1;0;0;0;0;1;9.235976341;52.65978037
2;2017;5;14;2;3;5;3;1;1;0;0;0;0;0;8.020038865;53.38725433
2;2017;5;12;6;3;9;1;0;1;0;0;0;0;1;10.63421654;52.61363503
2;2017;5;22;7;3;8;1;0;1;0;0;0;2;1;7.983087213;53.18358191
2;2017;5;18;7;1;5;2;0;0;0;1;1;0;0;7.101613094;52.46898662
2;2017;5;12;5;2;8;1;0;1;0;0;0;0;0;9.838438506;51.78000024
2;2017;5;16;5;3;0;1;0;1;0;1;0;0;1;8.726314604;52.42298679
2;2017;5;16;5;3;5;3;1;1;0;0;0;0;0;9.211437882;52.78446242
2;2017;5;12;5;3;0;7;0;0;0;0;1;0;0;9.770376258;52.14483534
2;2017;5;18;5;2;2;6;1;1;0;0;0;0;1;10.01174022;52.20613722
2;2017;5;9;5;3;2;6;0;1;0;0;1;0;0;10.23878583;52.19048734
2;2017;5;14;5;3;2;6;0;1;0;0;0;0;0;10.0188078;52.09465511
2;2017;5;13;5;3;6;4;0;1;1;0;0;0;0;9.846334498;51.94579739
2;2017;5;14;5;3;5;3;0;1;0;0;1;0;0;9.919341508;52.10231028
2;2017;5;17;5;3;5;3;0;1;0;0;0;0;1;9.505181554;51.98326725
2;2017;5;7;5;3;1;3;0;1;0;1;0;0;0;9.376519044;52.10358443
2;2017;5;6;5;3;2;6;0;1;0;0;0;0;0;9.376705188;52.10460442
2;2017;5;17;5;3;5;3;0;1;0;1;0;0;0;10.74567024;52.36929546
2;2017;5;16;5;3;5;2;0;1;0;0;0;0;0;10.41012408;52.25326169
2;2017;5;8;5;3;5;3;0;1;0;1;0;0;0;10.06076052;52.23999964
2;2017;5;9;5;3;9;1;0;1;0;0;0;0;0;10.17212534;52.32431115
2;2017;5;6;5;3;2;6;0;1;0;0;0;0;0;10.47964596;51.90488584
2;2017;5;15;5;3;2;6;0;1;0;0;1;0;0;10.73437243;52.46182551
2;2017;5;18;4;2;5;3;0;0;0;1;1;0;0;8.274775149;52.21358496
2;2017;5;11;4;3;2;2;0;1;0;0;0;0;0;7.730610935;52.51846901
2;2017;5;23;4;3;8;1;1;0;0;0;0;2;0;8.120794371;52.26969294
2;2017;5;15;4;3;6;4;0;1;1;0;0;0;0;8.115185021;52.26530055
2;2017;5;8;4;3;1;5;1;1;0;0;0;0;0;8.065547475;52.28103787
2;2017;5;15;4;3;0;1;0;0;0;1;0;0;0;8.158028204;52.27902197
2;2017;5;20;4;2;9;1;0;0;0;1;0;0;0;7.297367618;53.3105667
2;2017;5;15;4;3;2;2;0;1;0;0;0;0;0;7.480631395;53.3108769
2;2017;5;16;4;3;5;3;1;1;0;0;0;0;0;7.424488001;53.07386352
2;2017;5;13;4;3;3;6;0;1;0;0;0;0;0;7.555780044;52.50222585
2;2017;5;15;4;3;2;2;0;1;0;0;0;0;0;7.306241269;52.532168
2;2017;5;18;4;2;9;7;0;1;0;0;0;0;0;7.479921635;53.53870278
2;2017;5;18;4;3;2;2;0;1;0;1;0;0;0;7.724289589;53.0599161
2;2017;5;19;4;3;5;3;1;1;0;0;0;0;0;8.197742645;52.73969167
2;2017;5;15;4;3;2;2;0;1;0;0;0;0;0;7.922987078;53.56402627
2;2017;5;13;4;3;8;1;0;1;0;0;0;0;0;9.220620127;52.96721738
2;2017;5;17;4;3;2;2;0;1;0;0;0;0;0;8.158814389;53.33324615
2;2017;5;16;4;2;5;3;1;1;0;0;0;0;0;8.008074842;53.21310616
2;2017;5;16;4;3;5;3;0;1;0;0;0;0;0;7.932872998;53.1825385
2;2017;5;17;4;2;2;6;0;1;0;0;0;0;0;8.794878661;52.9865145
2;2017;5;14;4;3;5;3;0;0;0;1;0;0;0;8.805240963;52.96860584
2;2017;5;15;4;3;2;2;0;1;0;0;0;0;0;8.710262011;53.0362543
2;2017;5;7;4;3;5;3;1;1;0;0;0;0;0;8.637963129;52.79886848
2;2017;5;11;4;3;5;3;0;1;0;0;0;0;0;8.690742201;52.63150879
2;2017;5;18;4;2;4;2;0;1;0;0;0;0;0;8.373381121;52.52035535
2;2017;5;15;4;3;3;6;0;0;0;1;1;0;0;8.394560905;53.40186654
2;2017;5;12;4;2;2;6;0;1;0;1;0;0;0;8.449536761;53.41339189
2;2017;5;17;4;3;0;1;0;0;0;1;0;0;0;8.387180624;53.19411706
2;2017;5;10;4;3;2;6;0;1;0;0;0;0;0;9.059581356;53.77021374
2;2017;5;20;4;3;3;6;0;1;0;0;1;0;0;10.21279341;53.33788633
2;2017;5;6;4;2;4;7;0;1;0;0;0;0;0;10.14779881;53.3673833
2;2017;5;14;4;3;5;3;0;1;0;1;0;0;0;9.967295946;53.07967938
2;2017;5;7;4;3;8;6;0;1;0;0;0;0;0;9.116815858;53.455634
2;2017;5;18;4;3;5;2;0;1;0;0;0;0;0;9.228358904;53.11300268
2;2017;5;18;4;3;2;6;0;1;0;0;0;0;0;9.623625077;53.33448138
2;2017;5;17;4;3;5;3;1;1;0;0;0;0;0;9.357050716;53.15277263
2;2017;5;13;4;3;3;6;0;1;0;0;1;0;0;10.56490949;52.98402838
2;2017;5;19;4;2;5;3;1;1;0;0;0;0;0;10.42945274;53.16870491
2;2017;5;18;4;3;8;1;0;1;0;0;0;0;0;10.4280876;53.34405971
2;2017;5;18;4;2;0;7;1;0;0;0;0;0;0;10.45815524;53.34694504
2;2017;5;14;4;3;3;6;0;1;0;0;1;0;0;9.715124479;52.36153434
2;2017;5;14;4;3;3;2;1;0;0;0;1;0;0;9.763985477;52.343651
2;2017;5;17;4;3;5;2;1;0;0;0;1;0;0;9.733342253;52.42078739
2;2017;5;17;4;2;4;2;0;1;0;1;0;0;0;9.446396932;52.41673917
2;2017;5;1;4;2;6;6;1;0;1;0;0;2;0;9.380972139;52.43299402
2;2017;5;18;4;3;5;3;1;1;0;0;0;0;0;9.55154409;52.32275385
2;2017;5;11;4;3;5;3;1;1;0;0;0;0;0;9.471037183;52.50420621
2;2017;5;16;4;3;2;6;0;1;0;0;0;0;0;9.5059269;52.55474751
2;2017;5;16;4;3;1;5;0;1;0;0;1;0;0;9.95787117;52.42033811
2;2017;5;8;4;3;2;2;0;1;0;0;0;0;0;9.945259834;52.33345676
2;2017;5;19;4;3;2;6;0;1;0;0;0;0;0;9.897321391;52.40935669
2;2017;5;17;4;3;6;2;0;0;1;0;1;0;0;9.829612309;52.39980949
2;2017;5;18;7;3;9;1;0;1;0;0;0;0;1;8.01352571;53.24581865
2;2017;5;15;4;3;2;6;0;0;0;0;1;0;0;9.387528245;52.3209584
2;2017;5;9;4;3;5;2;1;1;0;0;0;0;0;9.829619555;52.39980535
2;2017;5;7;4;2;5;2;1;1;0;0;0;0;0;9.715151223;52.32138823
2;2017;5;12;4;3;2;7;0;1;0;0;1;0;0;9.080348689;52.22066386
2;2017;5;21;4;2;0;7;0;1;1;0;0;2;0;10.33395753;51.65667691
2;2017;5;18;4;3;9;1;0;0;0;1;0;0;0;9.673823615;51.75519507
2;2017;5;18;4;3;3;6;0;1;0;0;0;0;0;9.017287372;52.56030251
2;2017;5;13;4;3;0;3;1;1;0;0;0;0;0;9.096504168;52.23147917
2;2017;5;20;4;2;3;6;1;1;0;0;0;0;0;9.043213867;52.33815445
2;2017;5;17;4;2;5;3;0;1;0;1;0;0;0;9.823335422;51.95414414
2;2017;5;15;4;3;5;3;1;1;0;0;0;0;0;9.958189814;52.15769773
2;2017;5;18;4;3;1;5;0;1;0;1;0;0;0;9.651788246;51.92400672
2;2017;5;17;4;3;5;3;0;1;0;0;0;0;0;9.506900053;52.12362919
2;2017;5;15;4;3;8;1;0;1;0;0;0;0;0;9.773554042;51.40836458
2;2017;5;14;4;3;8;1;0;0;0;1;0;0;0;9.837209999;51.58736848
2;2017;5;10;4;3;2;2;0;1;0;0;1;0;0;10.76506019;52.35536382
2;2017;5;17;4;3;2;6;0;1;0;1;0;0;0;10.75099001;52.42874964
2;2017;5;10;4;3;2;2;0;1;0;0;0;0;0;10.23601769;52.08789967
2;2017;5;16;4;3;4;2;0;1;0;0;0;0;0;10.3780362;52.0582299
2;2017;5;7;4;3;2;6;0;1;0;0;0;0;0;10.39492499;52.36076252
2;2017;5;19;4;3;5;3;1;1;0;0;0;0;0;10.8853349;52.48595795
2;2017;5;19;4;2;5;3;0;1;0;1;0;0;0;10.44997095;52.35771631
2;2017;5;18;4;3;2;6;0;1;0;0;1;0;0;10.43001419;52.19633943
2;2017;5;15;4;2;2;6;0;0;0;0;1;0;0;10.4458529;52.33098907
2;2017;5;9;4;3;5;3;0;1;0;0;0;0;0;10.73006037;52.31453873
2;2017;5;16;3;3;5;3;0;1;0;1;0;0;0;8.133034071;52.24238538
2;2017;5;10;3;3;4;7;0;1;0;0;0;0;0;8.009877008;52.22454361
2;2017;5;17;3;3;5;3;0;1;0;0;1;0;0;8.14973283;52.39848103
2;2017;5;16;3;3;5;3;1;1;0;0;0;0;0;8.028448274;52.3537996
2;2017;5;11;3;3;5;2;0;1;0;0;0;0;0;7.968704591;52.40341126
2;2017;5;19;3;3;1;7;0;1;0;0;0;0;0;8.083848216;52.28712479
2;2017;5;17;3;3;5;3;1;1;0;0;0;0;0;7.218956084;52.31682689
2;2017;5;1;3;2;0;1;1;0;0;0;0;2;0;7.44842096;52.63340779
2;2017;5;15;3;3;5;3;1;1;0;0;0;0;0;7.609443921;53.64398679
2;2017;5;12;3;3;5;3;0;1;0;0;0;0;1;7.343603176;53.59237974
2;2017;5;17;3;2;5;3;1;1;0;0;0;0;0;8.184410527;52.57479772
2;2017;5;7;3;2;8;6;1;0;0;0;0;0;0;8.211566729;52.58224936
2;2017;5;7;3;3;5;3;0;1;0;0;0;0;0;8.022288665;52.97324828
2;2017;5;16;3;3;3;2;1;0;0;0;1;0;0;8.12222689;53.39922405
2;2017;5;6;3;3;8;1;0;1;0;0;0;0;1;8.713137779;53.22923037
2;2017;5;17;3;2;5;3;0;1;0;1;0;0;0;9.148320225;53.10817947
2;2017;5;17;3;3;2;6;0;1;0;0;0;0;0;7.932997287;53.25061115
2;2017;5;17;3;2;2;6;0;1;0;0;1;0;0;8.52309525;53.15820475
2;2017;5;15;3;2;4;7;0;1;0;0;0;0;0;8.436014553;53.19774426
2;2017;5;13;3;3;6;4;0;1;1;0;0;0;0;8.549111424;53.03162751
2;2017;5;15;3;3;5;3;0;1;0;0;0;0;0;8.629878357;53.06123344
2;2017;5;15;3;3;3;3;1;1;0;0;0;0;0;8.595015975;53.60300578
2;2017;5;8;3;3;9;1;0;1;0;0;0;0;1;9.706142649;53.29968658
2;2017;5;15;3;3;2;6;0;1;0;0;0;0;1;9.618798447;53.43553014
2;2017;5;7;3;3;5;3;0;1;0;0;0;0;1;9.696380174;53.46045698
2;2017;5;11;3;3;2;6;0;1;0;0;0;0;0;9.899847039;52.96320578
2;2017;5;19;3;3;9;1;0;1;0;0;0;0;1;10.6311968;53.07226208
2;2017;5;14;3;2;0;6;1;0;0;0;0;0;1;10.38888187;53.29281918
2;2017;5;12;3;3;4;1;0;1;0;1;0;0;0;10.15698647;52.53834168
2;2017;5;13;3;3;1;5;0;1;0;0;0;0;0;10.06096836;52.65467064
2;2017;5;16;3;3;5;2;1;1;0;0;0;0;0;9.723466451;52.37770193
2;2017;5;16;3;3;3;2;1;1;0;0;0;0;0;9.786335992;52.37222774
2;2017;5;7;3;3;3;6;0;1;0;1;0;0;0;9.513931823;52.41199051
2;2017;5;7;3;3;4;6;0;1;0;0;1;0;0;9.506735253;52.42889821
2;2017;5;15;3;3;5;3;0;1;0;0;0;0;0;10.06680049;51.78958038
2;2017;5;17;3;2;1;5;1;1;0;0;0;0;0;9.071055586;52.19523232
2;2017;5;13;3;3;5;3;0;1;0;0;0;0;0;9.143880542;52.81484776
2;2017;5;14;3;3;2;6;0;1;0;0;0;0;0;9.972357367;52.15761531
2;2017;5;4;3;2;8;7;0;0;0;0;1;1;0;9.988974799;52.15807372
2;2017;5;11;3;3;5;3;0;1;0;0;0;0;0;9.584872991;52.06701057
2;2017;5;8;3;3;4;2;0;1;0;0;0;0;0;10.3049413;52.13272527
2;2017;5;14;3;1;4;1;0;1;0;0;1;0;0;10.44775186;52.47888445
2;2017;5;6;3;3;2;6;0;1;0;0;1;0;0;10.67936753;52.58133417
2;2017;5;17;3;3;2;6;0;1;0;0;0;0;1;10.57391846;52.49630188
2;2017;5;9;3;3;2;6;0;1;0;0;1;0;0;10.62806007;52.30990926
2;2017;5;8;3;3;5;2;1;1;0;0;0;0;0;10.51957323;52.27889339
2;2017;5;7;2;3;4;6;1;0;0;0;0;0;0;8.043042417;52.28214839
2;2017;5;8;2;2;2;6;0;0;0;0;1;0;0;7.994674094;52.25714158
2;2017;5;14;7;3;5;3;1;1;0;0;0;0;1;7.290897424;52.3876512
2;2017;5;8;2;3;2;6;0;1;0;0;0;0;0;7.264244172;53.33616178
2;2017;5;9;2;3;3;5;0;1;0;0;0;0;0;7.458140521;53.05221705
2;2017;5;12;2;2;5;3;1;1;0;0;0;0;0;6.976679907;52.50790339
2;2017;5;18;2;3;5;3;1;1;0;0;0;0;0;7.473376046;53.47035867
2;2017;5;17;2;3;9;1;0;1;0;0;0;0;0;8.27353665;52.50062379
2;2017;5;19;2;2;8;1;0;0;0;1;0;0;0;8.189906882;52.57588977
2;2017;5;16;2;3;4;6;0;1;0;1;1;0;0;8.354907002;52.7615431
2;2017;5;8;2;3;2;6;0;1;0;0;0;0;0;8.221772588;52.72287492
2;2017;5;7;2;2;6;6;1;0;1;0;0;0;0;7.972873229;53.41428903
2;2017;5;19;2;2;5;3;0;1;0;1;0;0;0;8.055023924;53.54059596
2;2017;5;17;2;3;5;3;0;1;0;0;0;0;0;9.030396026;53.01252698
2;2017;5;17;2;3;5;3;1;1;0;0;0;0;0;9.262004402;52.92848457
2;2017;5;16;2;2;3;6;0;1;0;0;1;0;0;7.998342792;53.51613632
2;2017;5;9;2;3;8;7;0;1;0;0;1;0;0;7.975479586;53.25212252
2;2017;5;17;2;3;5;3;1;1;0;0;0;0;0;8.173685831;53.18526587
2;2017;5;19;2;3;6;4;0;1;1;0;0;0;0;8.21115003;53.11245522
2;2017;5;18;2;3;5;3;0;1;0;0;0;0;0;8.766705047;52.99506568
2;2017;5;16;2;3;7;7;0;1;0;0;0;0;0;8.891107009;52.90436919
2;2017;5;15;2;2;2;6;0;1;0;0;1;0;0;8.378470149;52.91145293
2;2017;5;7;2;3;2;6;0;1;0;0;1;0;1;8.448716615;53.36301706
2;2017;5;16;2;3;2;2;0;1;0;0;0;0;0;8.470323458;53.1073209
2;2017;5;18;2;3;2;2;0;1;0;0;0;0;0;8.448383022;52.90172319
2;2017;5;15;2;3;5;2;0;1;0;1;0;0;0;9.190264465;53.66765166
2;2017;5;23;2;3;9;6;0;1;0;0;0;2;0;10.21075782;53.27968222
2;2017;5;21;2;3;7;7;0;1;0;0;0;2;0;10.16869308;53.35843556
2;2017;5;17;2;3;4;6;1;0;0;0;0;0;0;9.7356288;53.28279712
2;2017;5;15;2;3;2;1;0;1;0;0;0;0;0;9.677581477;53.46935785
2;2017;5;14;7;3;0;1;1;0;0;0;0;0;0;7.17854293;52.27626197
2;2017;5;7;2;3;2;6;0;1;0;0;0;0;0;9.506042712;53.28382489
2;2017;5;16;2;3;5;3;1;1;0;0;0;0;0;9.277493791;53.28888259
2;2017;5;5;2;2;9;1;0;1;0;0;0;0;0;9.534085844;53.34766622
2;2017;5;17;2;2;5;3;0;1;0;0;0;0;0;9.634260001;53.2127614
2;2017;5;17;2;2;4;2;1;1;0;0;0;0;0;10.6798084;52.83481891
2;2017;5;17;2;2;5;2;0;1;0;0;0;0;0;10.58596864;52.9663679
2;2017;5;10;2;3;5;3;0;1;0;0;1;0;0;11.02255153;53.15089761
2;2017;5;14;2;3;3;6;0;1;0;1;0;0;0;10.50340874;53.28237424
2;2017;5;12;2;3;2;6;0;1;0;0;0;0;0;9.962135692;52.80994423
2;2017;5;20;2;3;5;3;0;1;0;1;0;0;0;9.698673551;52.34741611
2;2017;5;9;2;3;2;6;0;1;0;0;0;0;0;9.718406576;52.378432
2;2017;5;10;2;3;5;3;0;1;0;1;0;0;0;9.683344032;52.37380657
2;2017;5;15;2;3;4;6;0;1;0;0;1;0;0;9.499252769;52.42451725
2;2017;5;7;2;3;2;6;0;1;0;0;1;0;0;9.692096497;52.2188514
2;2017;5;11;2;2;5;3;0;1;0;1;0;0;0;9.740436242;52.30182734
2;2017;5;16;2;3;4;6;0;1;0;0;0;0;0;9.973448573;52.3936249
2;2017;5;13;2;2;6;4;1;0;1;0;0;0;0;9.858793808;52.43347633
2;2017;5;6;2;3;3;2;1;1;0;0;0;1;0;9.823630585;52.4633255
2;2017;5;18;2;3;0;6;1;1;0;0;0;0;0;10.07763816;52.51822147
2;2017;5;10;2;1;5;3;0;0;0;0;1;0;0;9.427594561;52.54573618
2;2017;5;10;2;3;5;2;1;1;0;0;0;0;0;9.75640466;52.37016616
2;2017;5;14;2;3;2;6;0;1;0;0;1;0;0;9.498409551;52.4029601
2;2017;5;17;2;3;5;3;1;1;0;0;0;0;0;9.870381711;51.6956088
2;2017;5;14;2;3;5;3;0;1;0;1;0;0;0;9.991845059;51.71683089
2;2017;5;7;2;3;0;1;0;0;0;1;0;0;0;9.081573469;52.50910642
2;2017;5;9;7;3;2;6;0;1;0;0;0;0;0;7.613547699;53.63179984
2;2017;5;5;2;3;8;7;0;0;0;0;1;0;1;9.073168879;52.58490337
2;2017;5;19;2;2;8;1;0;0;0;1;0;0;0;9.411780215;52.25923067
2;2017;5;12;2;3;5;3;1;1;0;0;0;0;0;9.449866526;51.82626871
2;2017;5;21;2;2;5;3;1;0;0;0;0;0;0;9.35805312;52.10079196
2;2017;5;20;2;3;8;1;0;1;0;0;0;1;0;9.617227752;51.3574887
2;2017;5;5;2;3;6;2;0;1;1;0;0;1;1;9.645091491;51.4264857
2;2017;5;12;2;3;2;6;0;1;0;0;0;0;0;10.21107194;51.60962113
2;2017;5;19;2;3;2;2;0;1;0;0;0;0;0;9.951595822;51.51868959
2;2017;5;14;2;2;3;2;0;0;0;1;1;0;0;10.60998073;52.03944933
2;2017;5;19;2;3;4;2;0;1;0;0;0;0;0;10.58654249;52.15513226
2;2017;5;12;2;3;2;6;0;1;0;0;0;0;0;10.44999736;52.17735036
2;2017;5;9;2;3;5;2;0;1;0;0;0;0;0;10.47805338;52.70524417
2;2017;5;17;2;3;2;2;0;1;0;0;1;0;0;10.38439534;52.37344609
2;2017;5;17;2;3;2;6;0;1;0;0;0;0;0;10.39792037;52.19025352
2;2017;5;16;2;3;2;6;0;1;0;0;0;0;0;10.49225997;52.25620275
2;2017;5;13;2;2;2;6;0;1;0;0;0;0;0;10.51103511;52.2816829
2;2017;5;15;1;3;4;2;0;1;0;1;0;0;0;7.819022272;52.67491481
2;2017;5;15;1;3;5;3;0;1;0;1;0;0;0;7.861663955;52.6074672
2;2017;5;10;1;3;2;2;0;1;0;1;0;0;0;7.8695309;52.59686872
2;2017;5;10;1;3;5;3;0;1;0;0;0;0;0;8.047160437;52.26158175
2;2017;5;20;1;3;2;6;0;1;0;0;0;1;1;7.593794594;53.30452611
2;2017;5;20;1;3;4;2;0;1;0;0;0;0;0;7.070961694;52.54998594
2;2017;5;11;1;3;5;3;0;1;0;0;0;0;0;6.966158376;52.53722892
2;2017;5;14;1;3;5;3;0;1;0;0;0;0;0;7.051214559;52.63220977
2;2017;5;15;1;3;5;3;1;1;0;0;0;0;0;7.626854943;53.63157415
2;2017;5;19;1;3;5;3;1;1;0;0;0;0;1;7.478690261;53.50935726
2;2017;5;15;1;2;2;6;0;1;0;1;0;0;0;8.266302101;52.7510336
2;2017;5;11;1;3;0;6;1;1;0;0;0;0;0;8.972288617;53.31269654
2;2017;5;14;1;3;5;3;1;1;0;0;0;0;0;9.042784095;53.00782501
2;2017;5;21;1;3;8;1;0;1;0;0;0;2;1;8.176220865;53.24299915
2;2017;5;19;1;3;9;1;0;1;0;0;0;0;1;8.123793784;53.37376573
2;2017;5;17;1;3;2;6;0;1;0;0;0;0;1;8.18402943;53.15438648
2;2017;5;14;1;3;2;6;0;1;0;0;0;0;0;8.109973107;53.25272222
2;2017;5;10;1;3;3;6;1;0;0;0;0;0;0;8.164766844;53.14157593
2;2017;5;8;1;3;5;3;0;1;0;0;0;0;0;8.766321797;52.99537048
2;2017;5;22;1;3;8;1;0;1;0;0;0;2;0;8.877002731;52.68406874
2;2017;5;20;1;3;5;3;1;1;0;0;0;0;1;8.419273257;52.88751738
2;2017;5;18;7;3;5;3;0;1;0;0;0;0;1;7.106552119;52.80410885
2;2017;5;17;1;3;5;2;0;1;0;0;0;0;0;8.453089467;52.91645061
2;2017;5;14;1;3;2;6;0;0;0;1;0;0;0;8.602670173;53.31021522
2;2017;5;0;1;3;4;6;0;1;0;0;0;2;1;8.614009494;53.72786843
2;2017;5;12;1;3;1;7;0;1;0;0;1;0;0;9.057000653;53.77156062
2;2017;5;14;1;2;4;2;0;1;0;1;0;0;0;9.790798726;53.42704411
2;2017;5;16;1;3;5;3;1;1;0;1;0;0;0;9.865264201;53.23877519
2;2017;5;12;1;3;2;6;0;1;0;0;0;0;0;9.500755511;53.59701542
2;2017;5;15;1;2;9;1;0;0;0;1;0;0;0;9.676263861;52.79916989
2;2017;5;22;1;2;0;1;0;0;0;1;0;2;1;9.797245814;52.9117937
2;2017;5;14;1;3;2;2;0;1;0;1;0;0;0;9.583315308;52.86000039
2;2017;5;10;1;3;8;1;0;1;0;0;0;0;0;10.64358266;53.3529962
2;2017;5;22;1;2;1;7;0;1;1;0;0;2;0;10.24456993;52.62314199
2;2017;5;21;1;3;0;1;1;0;0;0;0;2;1;9.470698033;52.30169602
2;2017;5;12;1;3;2;6;0;1;0;0;0;0;0;9.498472331;52.40299574
2;2017;5;15;1;2;5;2;0;1;0;1;0;0;0;9.178663224;52.46548291
2;2017;5;18;1;3;5;3;0;1;0;0;0;0;0;9.214724822;52.31906648
2;2017;5;18;1;3;4;2;0;1;0;0;0;0;0;9.237488743;52.23011213
2;2017;5;14;1;3;2;6;0;1;0;1;0;0;0;10.02359818;52.09507199
2;2017;5;20;1;3;3;1;0;1;0;0;0;0;1;9.973052275;52.18142584
2;2017;5;15;1;3;3;6;0;1;0;0;0;0;0;10.13047024;51.88687123
2;2017;5;12;1;3;2;2;0;1;0;0;0;0;0;9.352914179;52.08318548
2;2017;5;8;1;3;9;1;0;1;0;0;0;0;1;9.942560651;51.39833964