ULAND;UJAHR;UMONAT;USTUNDE;UWOCHENTAG;UKATEGORIE;UART;UTYP1;IstRad;IstPKW;IstFuss;IstKrad;IstSonstig;LICHT;STRZUSTAND;XGCSWGS84;YGCSWGS84
2;2017;5;9;1;3;4;1;0;1;0;0;0;0;1;10.53829461;52.03106532
2;2017;5;16;1;3;9;1;0;1;0;0;0;0;0;10.58415594;52.20407434
2;2017;5;17;1;3;0;7;0;0;0;1;0;0;0;10.47363597;52.05361659
2;2017;5;18;1;3;5;3;1;1;0;0;0;0;0;10.39145991;52.43487973
2;2017;5;20;1;3;2;2;0;1;0;0;0;0;0;10.53385983;52.41762889
2;2017;5;13;1;3;2;6;0;1;0;0;0;0;0;10.60305091;52.43954077
2;2017;5;16;7;3;5;3;1;0;0;0;0;0;0;8.096716385;52.09708479
2;2017;5;23;7;2;8;1;0;1;0;0;0;2;1;7.771524075;52.57485007
2;2017;5;12;7;3;0;2;0;1;0;0;1;0;0;7.275156668;52.94540664
2;2017;5;1;7;3;5;2;1;1;0;0;0;2;1;7.231313194;52.32406427
2;2017;5;22;3;3;8;7;0;1;0;0;0;2;0;8.26744493;52.44488789
2;2017;5;16;5;2;0;3;0;1;0;0;1;0;0;9.052189748;52.21809675
2;2017;5;12;5;3;0;1;0;0;0;1;0;0;0;9.832910557;51.83365096
2;2017;5;13;5;3;8;1;0;1;0;0;0;0;0;10.10136829;51.86748229
2;2017;5;14;5;3;5;2;0;1;0;0;0;0;0;8.853347455;52.46033463
2;2017;5;19;5;2;5;3;0;1;0;1;0;1;0;9.205582878;52.22760151
2;2017;5;15;5;3;8;6;0;1;0;1;0;0;0;9.280039734;52.25477663
2;2017;5;11;5;2;2;2;0;0;0;1;0;0;0;9.410168745;52.65170343
2;2017;5;13;5;3;5;2;0;1;0;1;0;0;0;9.917577197;52.09611291
2;2017;5;10;5;2;9;7;0;1;0;0;0;0;0;10.15468281;51.98857086
2;2017;5;14;5;3;2;6;0;1;0;0;0;0;0;9.249565904;51.98101241
2;2017;5;13;5;2;4;6;0;1;0;1;0;0;0;10.06252576;51.58348633
2;2017;5;17;5;3;5;3;1;0;0;0;0;0;0;9.947238509;51.52540976
2;2017;5;19;5;3;5;3;0;1;0;1;0;0;0;9.95169305;51.51848344
2;2017;5;11;5;2;2;6;0;1;0;1;0;0;0;10.57401203;51.7465943
2;2017;5;13;5;2;8;1;1;0;0;0;0;0;0;10.4143466;51.78183812
2;2017;5;16;4;3;5;3;0;1;0;0;0;0;0;8.05841832;52.27803879
2;2017;5;6;4;2;5;3;0;1;0;1;0;0;0;7.299396835;53.00222365
2;2017;5;20;4;3;2;6;1;0;0;0;0;0;0;7.064549477;52.44094281
2;2017;5;20;4;2;5;3;0;1;0;0;1;0;0;7.317314596;52.42846784
2;2017;5;17;4;3;2;7;0;1;0;0;0;0;0;7.811134253;53.69116729
2;2017;5;18;4;2;5;2;0;1;0;1;0;0;0;7.288087759;53.51129584
2;2017;5;17;4;3;5;3;0;1;0;0;0;0;0;7.379572522;53.41481456
2;2017;5;15;4;3;5;3;1;1;0;0;0;0;0;7.486351328;53.4681477
2;2017;5;16;4;3;4;6;0;1;0;0;0;0;0;7.964021672;53.66577211
2;2017;5;18;4;3;2;6;0;1;0;1;0;0;0;9.037293756;53.01089316
2;2017;5;13;4;3;8;1;0;1;0;0;0;0;0;8.078755622;53.20568593
2;2017;5;17;4;3;4;6;1;0;0;0;0;0;0;7.76233877;53.21795128
2;2017;5;23;4;3;7;7;0;0;0;1;0;2;0;7.889715186;53.19666143
2;2017;5;18;4;3;2;2;0;1;0;0;0;0;0;8.725716621;53.03379483
2;2017;5;13;4;3;2;6;0;1;0;0;1;0;0;8.838559442;52.98146943
2;2017;5;17;4;3;2;6;0;1;0;0;0;0;0;8.823977555;52.92705806
2;2017;5;7;4;3;8;1;0;0;0;1;0;0;0;8.708854396;52.88866272
2;2017;5;15;4;3;6;4;1;0;1;0;0;0;0;8.257406499;53.0526111
2;2017;5;13;4;2;6;4;0;1;1;0;0;0;0;10.10246069;53.23785358
2;2017;5;17;4;3;2;6;0;1;0;0;1;0;0;9.310263236;53.61275416
2;2017;5;10;4;3;2;6;0;1;0;0;0;0;0;9.664079168;52.79009667
2;2017;5;16;4;3;5;3;0;1;0;0;0;0;0;9.593526863;52.81103339
2;2017;5;14;4;3;6;4;1;0;1;0;0;0;0;9.834828227;52.98271596
2;2017;5;11;4;2;9;7;0;0;0;0;1;0;0;9.812179762;52.97208316
2;2017;5;7;4;3;5;3;1;1;0;0;0;0;0;10.42884081;53.26893736
2;2017;5;20;4;3;8;1;0;1;0;0;0;2;0;10.65948997;53.26711392
2;2017;5;8;4;3;2;2;0;1;0;0;0;0;0;9.677988691;52.36047725
2;2017;5;20;4;3;5;2;0;1;0;0;0;0;0;9.694683072;52.41958125
2;2017;5;16;4;2;3;6;0;1;0;0;1;0;0;9.46350475;52.52578746
2;2017;5;15;4;3;5;3;0;1;0;0;0;0;0;9.108995352;52.22271151
2;2017;5;13;4;3;5;2;1;1;0;0;0;0;0;9.651366138;52.41951878
2;2017;5;16;4;2;8;1;0;0;0;1;0;0;0;9.693628687;51.65417534
2;2017;5;18;4;1;8;1;0;0;0;1;0;0;0;10.41582272;51.77572027
2;2017;5;15;4;3;2;6;0;1;0;0;0;0;0;9.11567486;52.19361603
2;2017;5;5;4;3;8;6;0;1;0;0;0;0;0;9.778688696;52.13930749
2;2017;5;16;4;3;5;3;1;0;0;1;0;0;0;10.01846322;52.07306533
2;2017;5;8;4;3;5;3;1;1;0;0;0;0;0;9.942016096;52.15489978
2;2017;5;10;4;3;8;1;0;1;0;0;0;0;0;9.58616196;52.08022767
2;2017;5;13;4;3;2;6;0;1;0;0;0;0;0;9.994691228;51.55131352
2;2017;5;8;4;3;5;3;1;0;0;0;1;0;0;9.91412223;51.5152046
2;2017;5;11;4;3;1;5;1;0;0;0;1;0;0;9.893307073;51.52933419
2;2017;5;15;4;3;5;2;0;1;0;0;0;0;0;10.4247909;52.2575434
2;2017;5;5;4;3;5;3;1;1;0;0;0;0;0;10.33896441;52.25750497
2;2017;5;15;4;2;4;1;0;1;0;0;0;0;0;10.30421346;52.45604537
2;2017;5;13;4;3;1;6;0;1;0;1;0;0;0;10.53914217;52.44704496
2;2017;5;13;4;3;9;1;0;1;0;0;0;0;0;10.21477179;52.11942119
2;2017;5;10;4;3;8;1;0;1;0;0;0;0;0;10.73665958;52.41651983
2;2017;5;11;3;3;5;3;0;1;0;1;0;0;0;8.046077701;52.34414409
2;2017;5;15;3;3;5;3;1;1;0;0;0;0;0;8.162762738;52.26471935
2;2017;5;18;3;3;2;2;0;1;0;0;0;0;0;7.946142745;52.44079485
2;2017;5;18;3;3;5;3;0;0;1;1;0;0;0;7.684381082;52.51472844
2;2017;5;16;3;3;1;5;1;1;0;0;0;0;0;8.033873846;52.28479696
2;2017;5;14;3;3;5;3;0;1;0;0;0;0;0;8.099207912;52.26845159
2;2017;5;13;3;3;5;3;1;1;0;0;0;0;0;7.527771388;53.46689629
2;2017;5;13;3;3;5;3;0;1;0;0;0;0;0;8.048699376;52.50894109
2;2017;5;10;3;3;0;3;0;1;0;0;0;0;0;8.709983429;53.28176765
2;2017;5;18;3;3;5;3;0;1;0;0;0;0;0;9.029767146;53.05380202
2;2017;5;15;3;3;2;6;0;0;0;0;1;0;0;9.124579645;53.06930279
2;2017;5;15;3;3;5;2;1;1;0;0;0;0;0;9.232204752;52.92045706
2;2017;5;16;3;3;2;6;0;1;0;0;0;0;0;8.057091615;53.42882845
2;2017;5;16;3;3;5;2;0;1;0;0;0;0;0;8.834708337;52.90785062
2;2017;5;8;3;3;2;6;0;1;0;0;1;0;0;8.525069268;53.08424826
2;2017;5;13;3;2;5;2;1;0;0;0;0;0;0;8.629969128;53.0467423
2;2017;5;11;3;3;9;1;1;0;0;0;0;0;0;8.619943626;53.45649478
2;2017;5;10;3;3;2;6;0;1;0;0;1;0;0;9.706188105;53.28087828
2;2017;5;17;3;2;5;2;1;1;0;0;0;0;0;9.881582361;53.35013615
2;2017;5;5;3;3;5;3;1;1;0;0;0;0;0;9.47174986;53.58368695
2;2017;5;4;3;2;9;1;0;1;0;0;0;1;0;9.986497905;53.03812025
2;2017;5;11;3;3;8;7;0;1;0;0;0;0;0;10.29493173;53.0023453
2;2017;5;17;3;3;6;2;0;1;1;0;0;0;0;11.1500304;52.96646078
2;2017;5;12;3;2;0;7;1;0;0;0;0;0;0;9.831725633;52.38591568
2;2017;5;7;3;3;6;4;1;0;1;0;0;0;0;9.733052795;52.42259076
2;2017;5;15;3;3;5;3;0;1;0;0;0;0;0;9.459931429;52.30697335
2;2017;5;16;3;3;5;2;1;1;0;0;0;0;0;9.759517069;52.45293273
2;2017;5;18;3;3;0;7;1;1;0;0;0;0;0;9.85515478;52.49194296
2;2017;5;11;3;3;5;3;0;1;0;1;0;0;0;10.02415358;52.4329677
2;2017;5;10;3;3;6;7;0;0;1;0;1;0;0;9.757244932;52.42685268
2;2017;5;15;3;3;2;6;0;1;0;0;0;0;0;9.707648129;52.3799059
2;2017;5;14;3;3;2;6;0;1;0;0;0;0;0;9.773369766;52.37096951
2;2017;5;12;3;3;5;3;0;1;0;0;1;0;0;9.847677408;52.43699519
2;2017;5;7;3;3;2;6;0;1;0;0;0;0;0;9.834419485;51.82033964
2;2017;5;16;3;3;2;6;0;1;0;0;0;0;0;9.91653094;51.53537817
2;2017;5;14;3;2;5;3;0;1;0;1;0;0;0;9.744308326;51.55089319
2;2017;5;15;3;3;2;6;0;1;0;0;1;0;0;10.3091246;52.203421
2;2017;5;12;3;3;5;3;0;1;0;0;1;0;0;10.47252616;52.1683448
2;2017;5;11;3;2;8;1;0;0;0;1;0;0;0;10.18495885;51.83483079
2;2017;5;15;3;2;2;6;0;0;0;1;1;0;0;10.40637869;51.93321133
2;2017;5;18;3;3;2;6;0;1;0;0;0;0;0;10.57015;52.4964859
2;2017;5;16;2;2;4;6;0;1;0;0;1;0;0;8.130913465;52.28528006
2;2017;5;16;2;3;2;2;0;1;0;1;0;0;0;7.633113338;52.99299673
2;2017;5;11;2;3;5;2;1;1;0;0;0;0;0;7.149697023;52.30328233
2;2017;5;11;2;3;2;2;0;1;0;0;0;0;0;7.047477132;52.45353985
2;2017;5;11;2;2;0;7;0;0;0;0;1;0;0;7.276747145;52.90773406
2;2017;5;8;2;3;2;6;0;1;0;1;0;0;0;7.385848055;52.5096399
2;2017;5;14;2;2;8;1;0;0;0;0;1;0;0;7.553038854;52.51517873
2;2017;5;14;2;3;5;3;0;1;0;1;0;0;0;7.177578792;53.60707834
2;2017;5;6;2;3;5;3;0;1;0;0;1;0;0;8.20163895;52.5236606
2;2017;5;13;2;3;2;6;0;1;0;0;0;0;0;8.116660726;53.54658946
2;2017;5;4;2;2;9;1;0;1;0;0;0;0;0;9.276502425;52.87547373
2;2017;5;10;2;3;3;6;0;1;0;0;1;0;0;8.146015788;53.29994416
2;2017;5;16;2;3;5;2;0;1;0;0;0;0;0;7.765776148;53.23415599
2;2017;5;16;2;2;4;6;0;1;0;0;0;0;0;7.766446348;53.23710417
2;2017;5;8;2;2;8;7;0;1;0;0;0;0;0;7.846587869;53.20100433
2;2017;5;17;2;3;5;3;0;1;0;0;0;0;0;8.865776772;52.56936358
2;2017;5;16;2;3;0;2;0;0;0;1;1;0;1;8.296464576;53.4263027
2;2017;5;6;2;3;5;3;0;1;0;0;1;0;0;8.418670547;53.40338899
2;2017;5;15;2;3;2;3;1;1;0;0;0;0;0;8.391253476;53.31427644
2;2017;5;6;2;3;5;3;0;1;0;0;0;0;0;8.319468524;53.30114444
2;2017;5;11;2;2;8;1;0;0;0;1;0;0;0;8.375145229;53.22884308
2;2017;5;21;2;3;2;2;0;1;0;0;0;1;0;8.663025253;53.38179065
2;2017;5;18;2;2;5;3;0;1;0;0;1;0;0;8.596606909;53.60819443
2;2017;5;12;2;2;9;1;0;1;0;0;0;0;0;8.816104892;53.60381389
2;2017;5;9;2;3;9;7;0;1;0;0;0;0;0;8.663124421;53.73660868
2;2017;5;17;2;3;2;6;0;1;0;0;0;0;0;10.00917206;53.38058149
2;2017;5;14;2;2;4;6;0;1;0;0;0;0;0;9.962656609;53.42333862
2;2017;5;21;2;2;8;7;0;1;0;0;0;2;0;9.804656178;53.26055391
2;2017;5;16;2;3;2;6;0;1;0;0;0;0;0;9.360835565;53.67591126
2;2017;5;15;2;3;2;2;0;1;0;0;1;0;0;9.391914695;53.67679762
2;2017;5;17;2;3;1;5;0;1;0;0;0;0;0;9.580802259;52.76797468
2;2017;5;18;2;3;5;3;0;1;0;1;0;0;0;9.997795934;53.08509425
2;2017;5;19;2;3;2;2;0;0;0;0;1;0;0;9.308834073;53.12043295
2;2017;5;22;2;3;5;3;0;1;0;0;0;2;0;9.40960912;53.11058215
2;2017;5;16;2;3;1;5;0;1;0;0;0;0;0;10.31804873;53.2532766
2;2017;5;15;2;3;2;6;0;1;0;0;0;0;0;9.975292682;52.81006076
2;2017;5;13;2;3;5;3;0;1;0;0;0;0;0;10.22154045;52.57788862
2;2017;5;17;2;3;2;6;0;1;0;0;0;0;0;10.1279684;52.6073696
2;2017;5;16;2;3;8;1;1;0;0;0;0;0;0;9.783321819;52.32344439
2;2017;5;14;2;3;4;7;0;1;0;0;0;0;0;9.395966667;52.45708505
2;2017;5;16;2;3;3;2;1;0;0;0;1;0;0;9.46770423;52.42382864
2;2017;5;13;2;3;0;7;0;1;0;0;0;0;0;9.450407078;52.42618288
2;2017;5;8;2;3;5;3;0;1;0;1;0;0;0;9.463405174;52.43013274
2;2017;5;5;2;3;5;3;1;1;0;0;0;0;0;9.684157658;52.21475845
2;2017;5;16;2;3;2;6;0;1;0;0;0;0;0;9.629732997;52.26390903
2;2017;5;15;2;3;2;2;0;1;0;0;0;0;0;10.01183436;52.48064437
2;2017;5;19;2;3;0;2;0;1;0;0;1;0;0;9.723101981;52.37789333
2;2017;5;15;2;3;3;6;0;1;0;0;1;0;0;9.649114592;52.42413571
2;2017;5;7;2;3;2;6;0;1;0;0;0;0;0;9.646267375;52.42374158
2;2017;5;8;2;3;2;6;0;1;0;0;1;0;0;9.89448837;52.39772551
2;2017;5;6;2;3;4;2;0;1;0;0;0;0;1;10.03366731;51.73876069
2;2017;5;13;2;3;1;2;0;1;0;1;0;0;0;9.121927507;52.49378439
2;2017;5;17;2;3;6;4;0;1;1;0;0;0;0;9.724945191;52.07755991
2;2017;5;18;2;3;5;3;0;0;0;1;0;0;0;10.08509365;52.04658843
2;2017;5;19;2;3;5;3;0;1;0;0;0;0;0;10.04035924;52.10271079
2;2017;5;14;2;3;2;6;0;0;0;0;1;0;0;9.892197484;52.29375827
2;2017;5;7;2;3;8;6;0;1;0;0;1;0;0;9.913499508;52.27187458
2;2017;5;7;2;3;2;6;0;1;0;0;1;0;0;9.916259899;52.26403615
2;2017;5;18;2;3;5;3;0;1;0;1;0;0;0;9.456113665;52.25697606
2;2017;5;14;2;3;5;3;0;1;0;0;0;0;0;9.251190558;52.16422819
2;2017;5;16;2;3;2;2;0;1;0;0;0;0;0;9.355680572;52.10824277
2;2017;5;11;2;2;0;7;0;1;0;0;0;0;0;10.96591806;52.1622166
2;2017;5;16;2;3;2;6;0;1;0;0;0;0;0;10.62267453;52.25669896
2;2017;5;8;2;3;5;3;0;1;0;0;1;0;0;10.25653834;52.38041227
2;2017;5;20;2;3;4;2;0;1;0;0;0;0;0;10.48425597;52.18704372
2;2017;5;11;2;3;2;6;0;1;0;0;0;0;0;10.35344597;52.16453442
2;2017;5;13;2;2;5;3;0;1;0;1;0;0;0;10.45180473;52.34114209
2;2017;5;10;2;3;9;1;0;0;0;0;1;0;0;10.84140673;52.30592466
2;2017;5;13;1;3;4;6;0;0;0;1;0;0;0;8.184513327;52.22242978
2;2017;5;3;1;3;5;3;0;1;0;1;0;2;0;7.980902186;52.19984485
2;2017;5;10;1;2;5;3;0;1;0;1;0;0;0;8.322419552;52.36937366
2;2017;5;5;1;3;9;1;0;1;0;0;0;1;0;8.247834986;52.41412153
2;2017;5;15;1;3;5;2;1;1;0;0;0;0;0;7.994992386;52.2573459
2;2017;5;11;1;2;5;3;0;1;0;1;0;0;0;7.39699136;53.08154888
2;2017;5;14;1;2;8;1;0;0;0;1;0;0;0;7.024157609;52.51052407
2;2017;5;14;1;3;0;7;0;0;0;1;1;0;1;6.864625376;52.60800075
2;2017;5;20;1;3;3;6;0;1;0;0;0;0;0;7.58438658;53.3746212
2;2017;5;15;1;3;8;7;0;0;0;1;0;0;0;7.372577987;53.51570036
2;2017;5;5;1;3;8;1;0;1;0;0;0;0;0;7.852729253;53.03358362
2;2017;5;17;1;3;2;6;0;1;0;0;0;0;0;8.279763896;52.70296738
2;2017;5;23;1;3;9;1;0;1;0;0;0;2;0;8.131584274;53.54576714
2;2017;5;9;1;3;2;6;0;1;0;0;0;0;0;8.9853321;53.04197301
2;2017;5;15;1;3;2;2;0;1;0;0;1;0;0;9.045975727;52.88146391
2;2017;5;16;1;2;8;1;0;1;0;0;0;0;0;8.719957134;53.67108789
2;2017;5;20;1;2;9;7;0;1;0;0;0;0;0;10.01021374;53.22122053
2;2017;5;13;1;3;1;2;0;1;0;0;0;0;0;10.10065486;53.38579278
2;2017;5;11;1;3;5;3;0;1;0;1;0;0;0;9.878325541;53.26804352
2;2017;5;14;1;3;2;6;0;1;0;0;0;0;0;9.669122499;52.77770265
2;2017;5;13;1;3;2;6;0;0;0;1;0;0;0;8.997113415;53.44314223
2;2017;5;16;1;3;9;7;0;1;0;0;0;0;0;11.09840814;52.93949042
2;2017;5;14;1;3;9;1;0;1;0;0;0;0;0;10.19052615;52.73745386
2;2017;5;7;1;3;8;1;0;1;0;0;0;0;0;9.408480709;52.46111333
2;2017;5;3;1;3;0;7;0;1;0;0;0;2;0;9.5073556;52.47756433
2;2017;5;10;1;3;5;3;1;1;0;0;0;0;0;9.631251139;52.50557329
2;2017;5;22;1;3;8;1;0;1;0;0;0;2;0;9.945751072;52.28996075
2;2017;5;17;1;2;2;6;0;0;0;1;0;0;0;9.580118787;51.62865575
2;2017;5;14;1;3;5;3;1;0;0;1;0;0;0;10.01181421;51.96095928
2;2017;5;16;1;3;4;6;0;1;0;0;0;0;0;9.721716651;51.50266723
2;2017;5;16;1;3;5;3;0;1;0;0;0;0;0;10.15405309;51.57128859
2;2017;5;18;1;3;4;2;0;1;0;0;0;0;0;10.32517387;52.14821233
2;2017;5;14;1;3;2;6;0;1;0;1;0;0;0;10.57552106;52.48367431
2;2017;5;15;7;3;6;4;0;1;1;0;0;0;0;8.073443;52.28298601
2;2017;5;14;7;3;2;6;0;1;0;0;0;0;0;8.047562116;52.27962748
2;2017;5;13;7;3;2;6;0;1;0;1;0;0;0;8.059605724;52.27871665
2;2017;5;12;7;3;0;6;1;1;0;0;0;0;0;8.040722992;52.25470389
2;2017;5;7;7;3;5;3;0;1;0;0;0;0;0;8.079928064;52.25969612
2;2017;5;15;7;3;8;1;0;0;0;1;0;0;0;6.979955485;52.52716887
2;2017;5;0;7;2;8;1;0;1;0;0;0;2;1;6.960507004;52.56019822
2;2017;5;11;7;3;2;6;0;1;0;0;1;0;0;7.294192498;52.71421727
2;2017;5;19;7;3;8;1;0;1;0;0;0;0;0;7.500129803;52.50405534
2;2017;5;17;7;3;2;2;0;1;0;0;0;0;0;7.327914003;52.52506482
2;2017;5;13;7;3;5;3;0;1;0;0;0;0;0;7.551414647;52.40417415
2;2017;5;15;7;3;7;7;0;1;0;0;0;0;0;9.294878131;52.93824441
2;2017;5;5;7;3;2;7;0;1;0;0;1;0;0;9.032130426;53.05251208
2;2017;5;18;7;3;2;6;0;1;0;0;0;0;0;8.193454255;53.14931868
2;2017;5;10;7;3;2;2;0;1;0;0;0;0;0;8.030898483;53.18140417
2;2017;5;10;7;3;5;3;0;1;0;0;0;0;0;8.010159416;53.21881519
2;2017;5;7;7;3;5;3;0;1;0;0;0;0;0;8.090283823;53.0976147
2;2017;5;13;7;2;2;6;0;1;0;0;0;0;0;8.602747381;53.48426083
2;2017;5;19;7;3;2;6;0;1;0;1;0;0;0;10.05092302;53.34088201
2;2017;5;18;7;3;8;6;0;1;0;0;0;0;0;10.75167483;53.20256727
2;2017;5;11;7;3;2;6;0;1;0;0;0;0;0;9.85757341;52.38792165
2;2017;5;17;7;3;3;6;0;1;0;1;0;0;0;9.726552225;52.23487686
2;2017;5;14;7;2;8;1;0;0;0;1;0;0;0;9.973819907;52.38514306
2;2017;5;10;7;3;2;6;0;1;0;0;0;0;0;9.942820616;52.44295974
2;2017;5;18;7;3;0;6;0;1;0;0;0;0;0;9.900007163;52.3982267
2;2017;5;17;7;3;8;6;0;1;0;0;0;0;0;9.832294575;52.4221279
2;2017;5;9;7;3;2;6;0;1;0;0;0;0;0;9.41621862;52.33935272
2;2017;5;9;7;3;2;6;0;1;0;0;0;0;0;9.750730972;52.59553999
2;2017;5;9;7;3;2;6;0;1;0;0;0;0;0;9.40451502;52.33154393
2;2017;5;3;7;3;3;7;0;1;0;0;1;2;0;9.877292374;52.35266632
2;2017;5;15;7;3;5;3;0;1;0;0;0;0;0;10.03611858;52.20505873
2;2017;5;17;7;3;2;6;0;1;0;0;0;0;0;9.672161649;52.02073517
2;2017;5;15;7;3;0;1;0;0;0;1;0;0;0;9.97038666;51.5476647
2;2017;5;0;7;3;9;1;0;1;0;0;0;2;1;10.0455588;52.28877648
2;2017;5;13;7;3;5;2;0;1;0;0;0;0;0;10.47802099;52.70513342
2;2017;5;23;6;2;8;1;0;1;0;0;0;2;1;8.333863792;52.19986726
2;2017;5;7;6;3;2;6;0;1;0;0;0;0;1;8.042104086;52.16104622
2;2017;5;10;6;3;5;3;0;1;0;0;0;0;1;8.4046578;52.31835041
2;2017;5;6;6;1;8;1;0;1;0;0;0;0;0;8.440719084;52.35671841
2;2017;5;18;6;3;2;6;0;1;0;0;0;0;1;7.963682922;52.4519857
2;2017;5;15;6;3;5;3;1;1;0;0;0;0;1;7.993287364;52.40686021
2;2017;5;16;6;3;5;3;1;1;0;0;0;0;1;8.09311799;52.26996579
2;2017;5;10;6;3;5;2;0;1;0;0;0;0;1;8.035032555;52.27153812
2;2017;5;18;6;3;8;1;0;1;0;0;0;0;1;7.304119;53.11879835
2;2017;5;16;6;2;5;3;0;1;0;0;1;0;1;7.312735829;52.86630217
2;2017;5;13;6;3;2;6;0;1;0;0;0;0;0;7.311496556;52.51391635
2;2017;5;16;6;3;0;3;0;1;0;0;0;0;1;7.186360918;53.48190634
2;2017;5;13;6;3;5;3;1;1;0;0;0;0;0;7.854845325;53.03286362
2;2017;5;19;6;2;4;6;0;1;0;1;0;1;1;8.61524176;53.22914209
2;2017;5;9;6;3;2;2;0;1;0;0;0;0;0;8.194123434;53.25110931
2;2017;5;10;6;3;2;2;0;1;0;0;1;0;0;8.123645521;53.2492846
2;2017;5;12;6;3;5;2;1;1;0;0;0;0;1;8.18889061;53.17711568
2;2017;5;13;6;3;9;1;0;1;0;0;0;0;1;8.211431779;52.81455749
2;2017;5;7;6;2;2;6;0;1;0;0;1;0;0;10.07945124;53.17679816
2;2017;5;12;6;3;2;6;0;1;0;0;1;0;0;9.605884627;53.49182465
2;2017;5;15;6;3;4;2;0;1;0;1;0;0;0;9.722174595;53.46637554
2;2017;5;6;6;3;5;3;1;1;0;0;0;0;0;9.450918013;53.40369861
2;2017;5;6;6;3;5;3;0;1;0;0;1;0;0;9.421820012;53.59027266
2;2017;5;20;6;3;9;1;0;1;0;0;0;1;1;9.949527905;53.03793035
2;2017;5;12;6;3;2;6;0;1;0;0;0;0;0;9.665872113;52.76619764
2;2017;5;18;6;3;2;6;0;1;0;0;0;0;0;9.511850244;53.2933308
2;2017;5;13;6;3;2;6;0;1;0;0;0;0;0;10.59917821;52.9584297
2;2017;5;9;6;1;5;2;0;1;0;1;0;0;0;10.40634045;53.35186676
2;2017;5;7;6;3;0;3;0;1;0;0;1;0;0;10.16978197;52.57926368
2;2017;5;12;6;3;2;2;0;1;0;0;0;0;0;9.613920468;52.31635941
2;2017;5;8;6;3;2;2;0;0;0;0;1;0;0;9.601626951;52.32564405
2;2017;5;12;6;3;2;2;0;1;0;1;0;0;1;9.858068896;52.48283878
2;2017;5;11;6;2;5;3;0;1;0;0;1;0;1;9.694755567;52.41953576
2;2017;5;8;6;2;5;3;1;1;0;0;0;0;0;9.753306998;52.36999953
2;2017;5;11;6;3;4;1;0;1;0;1;1;0;1;10.10304409;51.78259704
2;2017;5;7;6;2;4;2;0;0;0;1;1;0;0;9.061977232;52.50849703
2;2017;5;13;6;2;5;3;0;1;0;0;1;0;0;9.349323267;52.28062863
2;2017;5;7;6;3;8;1;0;1;0;0;0;0;0;9.353284277;52.32677435
2;2017;5;18;6;2;9;1;0;1;0;0;0;0;0;9.329935235;52.60613266
2;2017;5;7;6;3;5;3;0;1;0;0;0;0;0;9.936215169;52.1520189
2;2017;5;23;6;2;9;7;0;1;0;0;0;2;1;9.471619769;52.07209491
2;2017;5;12;6;2;0;2;0;1;0;0;1;0;1;9.177491677;52.16639521
2;2017;5;15;6;2;8;1;0;0;0;1;0;0;0;9.284344553;52.1305437
2;2017;5;22;6;3;3;6;0;1;0;0;1;1;1;10.03244162;51.77948633
2;2017;5;20;6;3;0;1;0;0;0;1;0;1;1;9.699352116;51.39810984
2;2017;5;14;6;1;8;1;0;1;0;0;0;0;1;10.71960186;52.07910526
2;2017;5;12;6;2;5;2;0;0;0;1;1;0;0;10.55952337;52.16122809
2;2017;5;15;6;3;4;1;0;1;0;0;1;0;1;10.71475123;52.4877615
2;2017;5;13;6;3;2;6;0;1;0;0;0;0;1;10.53006753;52.23174004
2;2017;5;17;5;3;2;6;0;1;0;0;0;0;1;8.362941739;52.1950721
2;2017;5;7;5;2;5;3;1;1;0;0;0;0;0;8.0391351;52.15836913
2;2017;5;16;5;3;5;2;1;1;0;0;0;0;1;8.034843688;52.24330195
2;2017;5;18;5;3;2;6;0;1;0;0;0;0;0;7.225746787;52.32109054
2;2017;5;9;5;3;2;2;0;1;0;0;0;0;1;7.312756155;52.5982372
2;2017;5;14;5;2;0;7;0;0;0;1;0;0;0;7.444180785;53.62672439
2;2017;5;18;5;3;6;4;0;1;1;0;0;0;0;7.737077079;53.41552297
2;2017;5;20;5;3;2;6;0;1;0;0;0;0;0;7.862418483;52.73643163
2;2017;5;4;5;3;9;1;0;1;0;0;0;0;0;8.094627053;52.79249456
2;2017;5;19;5;3;2;6;0;1;0;0;0;0;0;8.106372598;53.52856655
2;2017;5;7;5;3;5;3;1;1;0;0;0;0;0;8.733815729;53.18246903
2;2017;5;17;5;3;3;7;0;1;0;0;1;0;0;8.91454188;53.14834876
2;2017;5;14;5;3;2;6;0;1;0;0;0;0;0;8.79465467;53.22620556
2;2017;5;16;5;2;2;6;0;1;0;0;0;0;0;9.031865444;53.01578992
2;2017;5;17;5;3;4;2;1;1;0;0;0;0;0;9.043312557;53.00745126
2;2017;5;11;5;3;5;3;0;1;0;1;0;0;0;9.3204558;52.94056417
2;2017;5;9;5;3;5;3;1;1;0;0;0;0;0;9.231004016;52.95431837
2;2017;5;6;5;2;9;1;0;0;0;1;0;0;0;9.380296212;52.93196439
2;2017;5;8;5;3;2;2;0;1;0;0;1;0;0;8.191517158;53.11828205
2;2017;5;13;5;2;8;1;0;0;0;1;0;0;0;8.428636731;52.52897817
2;2017;5;13;5;3;5;2;0;1;0;0;1;0;0;8.295687845;52.98650488
2;2017;5;23;5;2;8;1;0;1;0;0;0;2;0;8.349589049;53.0218433
2;2017;5;15;5;2;2;6;0;1;0;0;0;0;0;8.661003642;53.05305997