ULAND;UJAHR;UMONAT;USTUNDE;UWOCHENTAG;UKATEGORIE;UART;UTYP1;IstRad;IstPKW;IstFuss;IstKrad;IstSonstig;LICHT;STRZUSTAND;XGCSWGS84;YGCSWGS84
2;2017;5;20;5;2;4;2;0;1;0;0;0;1;1;10.21445521;53.33664433
2;2017;5;11;5;2;5;3;0;1;0;0;1;0;0;9.976416397;53.32699735
2;2017;5;9;5;3;5;3;1;1;0;0;0;0;0;9.878860908;53.31430602
2;2017;5;17;5;3;5;2;0;1;0;1;0;0;0;9.674834221;53.46967195
2;2017;5;19;5;3;9;1;0;1;0;0;0;0;1;9.569714339;52.68665711
2;2017;5;14;5;3;5;3;1;1;0;0;0;0;0;9.595118651;52.85728342
2;2017;5;12;5;3;5;2;1;1;0;0;0;0;0;9.004012104;53.38054992
2;2017;5;13;5;3;2;2;0;1;0;0;0;0;0;9.272077254;53.11866232
2;2017;5;18;5;3;9;1;0;1;0;0;0;0;1;9.51750363;52.96836838
2;2017;5;15;5;3;2;6;0;1;0;0;0;0;0;10.38779518;53.29241159
2;2017;5;9;5;3;2;6;0;1;0;0;0;0;0;10.4198361;53.17395821
2;2017;5;19;5;3;2;6;0;1;0;0;1;0;1;9.697752353;52.37712829
2;2017;5;14;5;3;2;6;0;1;0;0;0;0;0;9.76253493;52.34232598
2;2017;5;15;5;3;2;2;0;1;0;0;0;0;0;9.383237701;52.45704303
2;2017;5;11;5;3;4;6;0;1;0;0;0;0;0;9.592709211;52.40590445
2;2017;5;12;5;3;5;2;0;1;0;0;0;0;0;9.626449174;52.26824081
2;2017;5;14;5;3;5;3;1;1;0;0;0;0;0;9.941559732;52.49881662
2;2017;5;3;5;3;8;7;0;1;0;0;0;2;0;9.877428374;52.58287691
2;2017;5;17;5;3;2;6;0;1;0;0;0;0;1;10.01247576;52.44950195
2;2017;5;10;5;3;5;7;0;1;0;0;0;0;0;9.724993256;52.37672802
2;2017;5;14;5;3;4;7;0;1;0;0;0;0;0;10.23195152;51.73610281
2;2017;5;9;4;3;8;1;0;1;0;0;0;0;0;9.7845761;52.32135523
2;2017;5;10;4;3;0;7;1;0;0;0;0;0;0;9.726289665;52.38079276
2;2017;5;15;4;3;2;6;0;1;0;0;0;0;0;9.639661175;51.65921961
2;2017;5;5;4;3;4;2;0;1;0;0;0;0;0;9.080065131;52.50880943
2;2017;5;13;4;3;2;6;0;1;0;1;0;0;0;9.192471708;52.32026947
2;2017;5;16;4;2;0;2;0;0;0;1;1;0;0;9.309165701;52.595345
2;2017;5;13;4;3;8;1;0;1;0;0;0;0;0;9.234741263;52.64115236
2;2017;5;19;4;3;4;7;0;1;0;0;0;0;0;9.7387706;52.15887194
2;2017;5;20;4;3;4;5;0;1;0;1;0;0;0;9.59321644;52.05691306
2;2017;5;17;4;3;0;7;1;1;0;0;0;0;0;10.18314486;52.20896596
2;2017;5;17;4;2;8;1;0;0;0;1;0;0;0;9.800822656;51.50400911
2;2017;5;16;4;3;2;6;0;1;0;0;0;0;0;9.934236498;51.53844312
2;2017;5;10;4;3;2;6;0;1;0;0;0;0;0;10.56281811;52.12148069
2;2017;5;21;4;3;5;2;0;1;0;0;0;1;0;10.40578875;52.30580305
2;2017;5;16;4;3;2;6;0;1;0;0;0;0;0;10.21486686;52.30882174
2;2017;5;14;3;3;2;6;0;1;0;0;0;0;0;8.089178425;52.24961576
2;2017;5;20;3;3;9;1;0;1;0;0;0;0;1;8.349753318;52.24455324
2;2017;5;18;3;3;9;7;0;1;0;0;0;0;1;8.119449968;52.3281485
2;2017;5;15;3;3;5;3;0;1;0;1;0;0;0;8.316730419;52.20172837
2;2017;5;12;3;2;5;2;0;1;0;0;1;0;0;8.129137449;52.31075449
2;2017;5;18;3;3;5;3;0;1;0;0;0;0;1;8.034231481;52.31956321
2;2017;5;7;3;3;5;3;1;1;0;0;0;0;0;8.036779252;52.30878551
2;2017;5;7;3;3;3;2;1;1;0;0;0;0;0;7.313032268;53.15370415
2;2017;5;14;3;2;5;3;0;1;0;0;0;0;0;7.145702336;52.35251875
2;2017;5;17;3;2;5;3;0;1;0;0;0;0;0;7.387109819;52.50327009
2;2017;5;15;3;3;4;2;0;1;0;0;0;0;0;7.535284736;52.49688977
2;2017;5;16;3;2;5;2;1;1;0;0;0;0;0;8.198343626;52.59171749
2;2017;5;8;3;3;2;6;0;1;0;0;0;0;0;8.336434828;52.7488302
2;2017;5;11;3;3;5;3;0;1;0;0;0;0;0;7.766464442;52.83848734
2;2017;5;17;3;3;2;2;0;1;0;0;0;0;0;8.095467717;52.95013718
2;2017;5;6;3;3;8;1;0;1;0;0;0;0;1;8.11355313;53.52818909
2;2017;5;7;3;3;2;6;0;1;0;0;1;0;1;8.092975609;53.52866894
2;2017;5;14;3;2;8;7;1;0;0;0;1;0;0;8.051449078;53.18148714
2;2017;5;7;3;3;4;2;1;1;0;0;0;0;0;8.184302448;53.13228177
2;2017;5;20;3;2;8;1;0;1;0;0;0;0;0;8.818437725;52.74151991
2;2017;5;22;3;3;8;1;0;1;0;0;0;2;1;8.641638841;53.46642178
2;2017;5;14;3;3;5;3;1;1;0;0;0;0;0;8.658017969;53.35973894
2;2017;5;19;3;3;5;3;1;1;0;0;0;0;0;8.641108724;53.84894014
2;2017;5;10;3;3;2;6;0;1;0;0;0;0;0;9.882051606;53.33008036
2;2017;5;4;3;3;2;6;0;0;0;0;1;1;0;10.0189728;53.1463294
2;2017;5;19;3;3;5;3;1;1;0;0;0;0;0;9.152594422;53.48525145
2;2017;5;15;3;3;5;3;0;1;0;0;0;0;0;9.909771689;52.68352322
2;2017;5;8;3;3;5;3;0;1;0;0;0;0;1;10.10293991;52.6266591
2;2017;5;22;3;3;8;1;0;1;0;0;0;2;0;9.678379183;52.23004609
2;2017;5;8;3;3;5;2;1;1;0;0;0;0;1;9.646154054;52.4038876
2;2017;5;16;3;3;5;3;1;1;0;0;0;0;1;9.74726262;52.32397864
2;2017;5;10;3;3;5;2;1;1;0;0;0;0;0;9.667470844;52.34078364
2;2017;5;8;3;3;5;3;1;1;0;0;0;0;0;9.665585494;52.33905781
2;2017;5;2;3;3;9;7;0;1;0;0;0;2;0;9.629684994;52.33048616
2;2017;5;16;3;3;3;5;0;1;0;0;0;0;1;9.731458798;52.43308785
2;2017;5;6;4;3;2;7;0;0;0;1;1;0;0;9.133486792;53.49837879
2;2017;5;10;4;3;5;3;1;1;0;0;0;0;0;9.830907203;52.96857878
2;2017;5;17;4;3;5;2;1;1;0;0;0;0;0;9.753141647;52.36997845
2;2017;5;19;4;3;2;6;0;1;0;0;0;0;0;10.47144573;53.23900571
2;2017;5;16;3;3;5;3;0;1;0;0;0;0;1;9.697343644;52.34171592
2;2017;5;19;4;2;5;3;0;1;0;0;0;0;0;10.6911488;52.81963953
2;2017;5;15;3;3;2;6;0;0;0;0;1;0;0;10.09632251;52.36484493
2;2017;5;13;3;3;2;6;0;1;0;0;0;0;0;9.814115919;52.42916179
2;2017;5;22;4;3;1;5;0;1;0;0;0;2;0;10.54635728;53.10454072
2;2017;5;9;3;3;5;2;0;1;1;0;0;0;0;9.694785376;52.41951747
2;2017;5;5;3;3;2;6;0;0;0;1;1;1;0;9.838540705;52.41830487
2;2017;5;17;3;2;0;7;1;1;0;0;0;0;1;9.077144897;52.51123195
2;2017;5;18;3;3;5;2;0;1;0;0;0;0;0;9.287077888;52.58231243
2;2017;5;16;3;3;2;6;0;1;0;0;0;0;0;10.07303235;52.13991785
2;2017;5;19;3;3;9;1;0;1;0;0;0;0;1;9.423898166;51.96675784
2;2017;5;15;3;2;8;1;0;1;0;0;0;0;0;9.457455539;51.86315197
2;2017;5;22;3;3;9;7;0;1;0;0;0;2;1;9.318852865;52.07312585
2;2017;5;10;3;2;9;7;0;1;0;0;0;0;0;9.303048589;52.06415144
2;2017;5;18;3;3;5;3;0;1;0;0;1;0;1;10.24465229;51.50082265
2;2017;5;13;3;3;5;2;1;1;0;0;0;0;0;9.939343898;51.51198913
2;2017;5;6;3;3;5;3;0;1;0;0;0;0;0;10.70435841;52.2390836
2;2017;5;21;3;2;5;3;0;1;0;1;0;1;0;10.51787913;52.17137805
2;2017;5;9;3;3;5;3;0;1;0;0;0;0;1;10.17095407;52.30659671
2;2017;5;18;3;3;2;2;0;1;0;0;0;0;0;10.43652874;52.47841891
2;2017;5;12;3;3;5;3;1;1;0;0;0;0;0;10.71935124;52.4627748
2;2017;5;9;3;3;2;6;0;1;0;0;0;0;0;10.46233911;52.32773012
2;2017;5;7;3;3;2;6;0;0;0;0;1;0;0;10.17844974;52.35814908
2;2017;5;17;2;3;2;6;0;1;0;0;0;0;0;8.067454892;52.24531602
2;2017;5;7;2;3;1;6;0;1;0;1;0;0;0;7.967097124;52.23815578
2;2017;5;15;2;3;2;2;0;1;0;0;0;0;0;7.973107306;52.34124309
2;2017;5;18;2;3;2;6;0;1;0;0;1;0;0;7.96041599;52.68035838
2;2017;5;18;2;3;6;4;0;0;1;1;0;0;0;8.05450364;52.26480117
2;2017;5;14;2;3;5;3;1;1;0;0;0;0;0;7.593927626;53.30429836
2;2017;5;19;2;3;8;1;0;1;0;0;0;0;0;7.319961694;53.0510781
2;2017;5;12;2;3;2;2;0;1;0;0;1;0;0;6.959167305;52.54149276
2;2017;5;5;2;3;4;6;0;1;0;0;1;2;0;7.781457912;53.14761943
2;2017;5;17;2;2;0;6;0;1;0;1;0;0;0;8.908123525;53.14250418
2;2017;5;8;2;3;2;2;0;1;0;0;1;0;0;8.825005046;53.28381073
2;2017;5;16;2;3;5;3;0;1;0;0;0;0;0;8.780128196;53.21605556
2;2017;5;17;2;2;6;4;0;1;1;0;0;0;0;7.763228737;53.21644956
2;2017;5;19;2;3;4;6;1;0;0;0;0;0;0;7.988769858;53.18590281
2;2017;5;15;2;3;5;3;1;1;0;0;0;0;0;8.215660342;53.118991
2;2017;5;15;2;3;9;1;0;1;0;0;0;0;0;8.775030324;52.87705127
2;2017;5;7;2;3;2;2;0;1;0;0;0;0;0;8.175193842;52.72529514
2;2017;5;15;2;3;5;3;1;1;0;0;0;0;0;8.48245;53.49390712
2;2017;5;16;2;3;2;6;0;1;0;1;0;0;0;8.555725754;53.10007813
2;2017;5;6;2;3;4;6;0;0;0;0;1;0;0;8.607070724;52.90486813
2;2017;5;7;2;3;5;2;1;1;0;0;0;0;0;8.632152225;53.05457822
2;2017;5;17;2;3;8;1;0;0;0;0;1;0;0;10.07651943;53.23047718
2;2017;5;18;2;3;7;7;0;1;0;0;1;0;0;9.811912845;53.17020226
2;2017;5;18;2;3;0;3;1;1;0;0;0;0;0;9.834049068;52.98233324
2;2017;5;10;2;3;5;2;0;1;0;0;0;0;0;9.843527018;52.98680068
2;2017;5;18;2;2;8;1;1;0;0;0;0;0;0;9.518833171;53.28709733
2;2017;5;7;2;3;4;7;0;1;0;0;0;0;0;9.28403985;53.28443138
2;2017;5;6;2;3;5;3;0;1;0;0;0;0;0;9.381394558;53.18064344
2;2017;5;7;2;3;5;3;0;1;0;0;0;0;0;11.21086224;52.95621556
2;2017;5;18;2;3;2;6;0;1;0;0;0;0;0;10.34449606;53.24427545
2;2017;5;16;2;3;2;1;0;1;0;0;0;0;0;10.73263454;53.18869172
2;2017;5;12;2;3;2;2;0;1;0;0;1;0;0;10.26301668;52.55992077
2;2017;5;19;2;3;5;3;1;1;0;0;0;0;0;10.1159987;52.60487286
2;2017;5;15;2;3;5;3;1;1;0;0;0;0;0;10.09632259;52.61405504
2;2017;5;8;2;3;3;5;1;1;0;0;0;0;0;9.715155857;52.36666204
2;2017;5;7;2;3;5;2;1;1;0;0;0;0;0;9.663349831;52.37697971
2;2017;5;15;2;3;2;6;0;1;0;0;0;0;0;9.827073779;52.34284046
2;2017;5;15;2;3;2;6;0;1;0;0;0;0;0;9.764327899;52.3427381
2;2017;5;15;2;3;8;1;0;1;0;0;0;0;0;9.353370651;52.40722171
2;2017;5;8;2;3;1;7;0;1;0;0;0;0;0;9.654544392;52.23910329
2;2017;5;17;2;3;5;3;1;1;0;0;0;0;0;9.646246348;52.40191661
2;2017;5;19;2;3;5;3;1;1;0;0;0;0;0;9.76781271;52.29677548
2;2017;5;10;2;3;2;2;0;1;0;0;0;0;0;9.722934076;52.32578625
2;2017;5;10;2;3;5;3;1;1;0;0;0;0;0;9.457117638;52.5057155
2;2017;5;11;2;3;5;3;1;1;0;0;0;0;0;9.732952987;52.4386333
2;2017;5;7;2;3;5;3;0;1;0;0;0;0;0;9.788199857;52.45475916
2;2017;5;18;2;3;3;6;0;1;0;0;0;0;0;10.01234919;52.44822068
2;2017;5;0;2;3;2;6;0;1;0;0;0;2;0;9.835786425;52.42003672
2;2017;5;12;2;3;2;7;0;1;0;0;1;0;0;9.412813886;52.33712115
2;2017;5;8;2;3;2;6;0;1;0;0;1;0;0;9.479548192;52.3906388
2;2017;5;7;2;3;5;3;0;1;0;0;1;0;0;9.733381623;52.42724568
2;2017;5;15;2;3;5;3;0;1;0;0;1;0;0;9.339138837;52.33009373
2;2017;5;17;2;2;5;2;0;1;0;1;0;0;0;9.093876768;52.80024288
2;2017;5;13;2;3;8;1;0;1;0;0;0;0;0;10.10776196;52.11009968
2;2017;5;17;2;3;2;6;0;1;0;0;0;0;0;9.970468895;52.11437414
2;2017;5;11;2;3;5;2;0;1;0;0;0;0;0;9.940297462;52.13987026
2;2017;5;17;2;3;4;6;0;1;0;0;0;0;0;9.452021803;51.92398828
2;2017;5;21;2;3;3;6;1;1;0;0;0;0;0;9.336064497;52.11998385
2;2017;5;19;2;3;5;3;0;1;0;0;0;0;0;9.377540823;52.0872458
2;2017;5;18;2;2;2;1;0;1;0;0;0;0;0;9.644081429;51.44709602
2;2017;5;8;2;3;8;1;0;0;0;1;0;0;0;10.04227717;51.55872986
2;2017;5;7;2;2;4;1;0;1;0;0;0;0;0;9.70176448;51.58121674
2;2017;5;7;2;3;2;2;0;1;0;0;1;0;0;10.98843201;52.28910973
2;2017;5;8;2;2;5;3;1;1;0;0;0;0;0;10.82692153;52.45586196
2;2017;5;14;2;3;5;3;1;1;0;0;0;0;0;10.60371128;52.24351803
2;2017;5;9;2;3;5;3;1;1;0;0;0;0;0;10.52877748;52.15924395
2;2017;5;16;2;3;2;6;0;1;0;0;0;0;0;10.35344692;52.16461512
2;2017;5;15;2;3;2;6;0;1;0;0;0;0;0;10.29238255;52.13404744
2;2017;5;17;2;3;2;6;0;1;0;0;0;0;0;10.5858388;52.4504079
2;2017;5;9;1;3;8;1;0;1;0;0;0;0;1;8.031137136;52.41520335
2;2017;5;15;1;3;8;1;0;0;0;1;0;0;0;8.311501513;52.24330349
2;2017;5;14;1;3;5;3;1;1;0;0;0;0;0;8.078555858;52.27406166
2;2017;5;2;1;3;9;7;0;1;0;0;0;2;0;7.336821631;53.32639521
2;2017;5;10;1;3;9;1;0;1;0;0;0;0;0;7.803399597;53.27399028
2;2017;5;18;1;3;2;2;0;1;0;0;0;0;0;7.4139178;52.60352573
2;2017;5;3;1;3;9;7;1;0;0;0;0;2;0;7.871073618;53.45377579
2;2017;5;14;1;2;5;3;0;1;0;1;0;0;0;8.185329958;52.51526772
2;2017;5;12;1;3;5;2;0;0;0;1;1;0;0;8.342348516;52.81556161
2;2017;5;10;1;3;5;3;0;1;0;0;0;0;0;8.060104896;52.85981919
2;2017;5;12;1;3;5;3;0;1;0;1;0;0;0;8.032336902;53.62282626
2;2017;5;15;1;2;8;1;0;0;0;1;0;0;0;8.992098309;52.98576611
2;2017;5;1;1;3;9;1;0;0;0;1;0;2;0;9.089099938;53.13257802
2;2017;5;19;1;3;3;6;0;1;0;0;0;0;0;8.214978669;53.02496659
2;2017;5;12;1;3;2;6;0;1;0;0;0;0;0;8.739103068;53.01125841
2;2017;5;18;1;2;1;1;0;1;0;0;1;0;0;8.44868728;53.43992105
2;2017;5;18;1;3;4;2;0;1;0;0;0;0;0;8.250293722;52.94380128
2;2017;5;0;1;3;8;1;1;0;0;0;0;2;0;10.05110034;53.3899806
2;2017;5;10;1;3;1;7;0;1;0;1;0;0;1;9.439895862;53.53044717
2;2017;5;16;1;3;4;1;0;1;0;1;0;0;0;9.322921898;53.48139838
2;2017;5;14;1;3;2;6;0;1;0;0;0;0;0;9.458445106;53.58636593
2;2017;5;21;1;3;2;6;1;0;0;0;0;1;0;9.567842392;52.73222204
2;2017;5;13;1;2;2;6;0;1;0;1;0;0;0;10.05433551;53.00374383
2;2017;5;10;1;2;3;6;0;1;0;1;0;0;0;10.61769643;53.13312684
2;2017;5;15;1;3;4;1;0;1;0;0;0;0;0;9.795942574;52.35136016
2;2017;5;13;4;3;2;6;0;1;0;0;0;0;0;9.73377032;52.4176464
2;2017;5;10;1;3;3;2;0;1;0;0;1;0;0;9.762048038;52.20599516
2;2017;5;12;4;3;6;2;0;1;1;0;0;0;0;9.720270651;52.39164978
2;2017;5;12;4;3;2;6;0;1;0;0;1;0;0;9.993039905;53.06013169
2;2017;5;18;1;3;4;6;0;1;0;0;0;0;0;9.645068345;52.3972299
2;2017;5;12;1;3;0;1;1;0;0;0;0;0;1;9.450623098;52.46736396
2;2017;5;14;1;3;5;3;1;1;0;0;0;0;0;9.611203356;52.4321034
2;2017;5;21;1;2;8;1;0;1;0;0;0;2;0;9.499002825;52.42539738
2;2017;5;17;1;2;8;7;0;1;0;0;0;0;0;10.047261;52.37480542
2;2017;5;12;1;2;2;6;0;0;0;1;0;0;0;9.595912132;52.38659476
2;2017;5;11;1;1;8;1;0;1;0;0;0;0;0;10.19224876;52.44407864
2;2017;5;15;1;3;2;6;0;1;0;0;0;0;0;9.712204978;52.42937557
2;2017;5;16;1;3;8;1;0;0;0;1;0;0;0;9.851993403;51.67878795
2;2017;5;19;1;3;5;3;1;1;0;0;0;0;0;9.072438679;52.54747536
2;2017;5;16;1;2;8;1;0;0;0;1;0;0;0;10.08607151;52.04338303
2;2017;5;22;1;3;9;6;0;1;0;0;0;2;1;10.13104541;51.88983996
2;2017;5;16;1;2;0;7;0;0;0;1;0;0;0;9.933768666;52.21526837
2;2017;5;11;1;3;2;6;0;1;0;0;0;0;0;10.12647471;51.86848152
2;2017;5;0;1;3;7;7;0;1;0;0;0;2;0;10.1617757;52.01040425
2;2017;5;15;1;2;9;1;0;0;0;1;0;0;0;10.11891282;51.57134666
2;2017;5;12;1;3;4;2;0;1;0;1;0;0;0;10.26708042;52.08757752
2;2017;5;14;1;3;5;3;0;1;0;1;0;0;0;10.3658072;52.04961246
2;2017;5;13;1;3;2;6;0;0;0;1;0;0;0;10.52991281;52.41175702
2;2017;5;13;7;3;2;6;0;1;0;0;0;0;0;8.112048525;52.59307375
2;2017;5;13;7;2;0;1;0;0;0;1;0;0;0;7.947156026;52.2550378
2;2017;5;12;7;1;2;6;1;0;0;0;1;0;0;7.960560319;52.68046064
2;2017;5;14;7;3;3;6;1;0;0;0;0;0;0;8.054096266;52.27673274
2;2017;5;11;7;3;0;7;0;1;0;0;0;0;0;8.036630023;52.29084482
2;2017;5;12;7;2;5;3;1;1;0;0;0;0;0;8.040249155;52.27304554
2;2017;5;10;7;3;2;6;0;1;0;0;1;0;0;7.449772539;53.32245416
2;2017;5;9;7;2;5;3;1;1;0;0;0;0;0;7.220085194;53.13493275
2;2017;5;14;7;3;5;3;0;1;0;1;0;0;0;6.917300354;52.45311107
2;2017;5;19;7;3;5;3;0;1;0;0;0;0;0;7.347539574;52.51719744
2;2017;5;11;7;3;5;3;1;1;0;0;0;0;0;7.314164727;52.51518405
2;2017;5;14;7;3;5;3;1;1;0;0;0;0;0;7.569029807;53.67470742
2;2017;5;1;7;3;9;6;0;1;0;0;0;2;0;7.606203307;53.34357725
2;2017;5;16;7;3;0;6;0;1;0;0;0;0;0;7.490917472;53.53943042
2;2017;5;15;7;3;4;2;0;1;0;0;0;0;0;7.391352765;53.47986518
2;2017;5;15;7;3;5;3;1;1;0;0;0;0;0;7.789170226;53.02680097
2;2017;5;13;7;3;2;2;0;1;0;0;0;0;0;8.94057293;53.19454011
2;2017;5;14;7;3;8;7;0;1;0;0;0;0;0;8.599448005;53.2786097
2;2017;5;19;7;2;0;1;0;0;0;1;0;0;0;9.020462029;52.96188952
2;2017;5;10;7;3;0;2;1;1;0;0;0;0;0;9.141990836;52.98875827
2;2017;5;9;7;3;4;6;0;1;0;0;0;0;0;8.037165019;53.29234036
2;2017;5;12;7;3;2;6;0;1;0;0;0;0;0;8.064655385;53.12348404
2;2017;5;17;7;3;2;6;0;1;0;0;0;0;0;8.71668567;52.99498068
2;2017;5;15;7;2;1;5;0;1;0;1;0;0;0;8.325787464;52.45310152
2;2017;5;3;7;3;9;1;0;1;0;0;0;2;0;8.603483487;52.52855522
2;2017;5;23;7;3;0;7;1;0;0;0;0;2;0;8.49422181;53.50615374
2;2017;5;13;7;3;2;6;0;1;0;0;0;0;0;8.448137016;53.34363039
2;2017;5;13;7;2;8;1;0;0;0;1;0;0;0;8.879385841;53.42864728
2;2017;5;13;7;3;2;6;0;1;0;0;0;0;0;8.602747381;53.48426083
2;2017;5;11;7;3;5;2;1;1;0;0;0;0;0;10.0193802;53.2579159
2;2017;5;21;7;2;8;1;0;1;0;0;0;1;0;10.14816813;53.33812746
2;2017;5;18;7;2;2;6;0;1;0;1;0;0;0;9.459858268;53.42985781
2;2017;5;11;7;3;2;6;0;1;0;0;0;0;0;9.89386248;52.95965575
2;2017;5;14;7;3;7;7;0;0;0;1;0;0;0;10.05053449;53.13414688
2;2017;5;16;7;2;4;6;0;0;0;1;1;0;0;11.179835;52.9162414
2;2017;5;13;7;3;5;1;0;1;0;0;1;0;0;9.832595626;52.65660045
2;2017;5;19;7;2;9;6;0;1;0;0;0;0;0;10.09897744;52.54887814
2;2017;5;23;7;2;1;5;0;1;0;0;0;2;0;10.06023018;52.65507526
2;2017;5;16;7;3;0;7;1;1;0;0;0;0;0;10.05906943;52.62041747
2;2017;5;14;7;3;6;4;0;1;1;0;0;0;0;10.0865713;52.62442501
2;2017;5;12;7;3;5;2;0;1;0;0;0;0;0;10.01547762;52.67746661
2;2017;5;12;7;3;2;2;0;1;0;0;0;0;0;9.514785026;52.28343405
2;2017;5;17;7;3;8;1;1;1;0;0;0;0;0;9.977290356;52.37491531
2;2017;5;23;7;2;0;1;1;0;0;0;0;2;0;9.526682013;52.51264483
2;2017;5;16;7;3;2;2;0;1;0;0;0;0;0;9.733370984;52.42060429
2;2017;5;9;7;3;2;6;0;1;0;0;0;0;0;9.746584576;52.60005787
2;2017;5;19;7;3;5;3;0;1;0;0;0;0;0;9.905414282;51.66786538
2;2017;5;17;7;3;4;1;0;1;0;0;1;0;0;10.06808939;51.74059343
2;2017;5;13;7;2;8;1;0;0;0;1;0;0;0;10.01349688;51.65785609
2;2017;5;11;7;3;2;6;0;1;0;1;0;0;0;9.225845931;52.65544239
2;2017;5;14;7;3;9;7;0;1;0;0;0;0;0;9.833288143;52.18357478
2;2017;5;11;7;2;7;7;0;0;0;1;0;0;0;9.478676204;51.77522909
2;2017;5;17;7;3;2;6;0;1;0;1;0;0;0;10.21855733;51.61531035
2;2017;5;17;7;3;2;6;0;1;0;0;0;0;0;10.72350147;52.36725491
2;2017;5;15;4;3;2;6;0;1;0;0;1;0;0;9.788396774;52.45574223
2;2017;5;19;7;3;5;3;0;1;0;0;0;0;0;10.55488452;52.16247417
2;2017;5;13;7;3;9;7;0;1;0;0;0;0;0;10.64943199;52.02877271
2;2017;5;11;7;3;1;5;0;1;0;0;0;0;0;10.22248871;52.26937118
2;2017;5;15;7;3;0;7;0;0;0;1;0;0;0;10.48045028;51.79744922
2;2017;5;12;7;2;8;1;0;0;0;1;0;0;0;10.29843149;51.86370003
2;2017;5;11;7;3;3;7;0;1;0;0;0;0;0;10.45496562;52.2852142
2;2017;5;14;6;3;9;1;0;1;0;0;0;0;0;8.119657092;52.07857458
2;2017;5;14;6;3;4;6;0;1;0;0;1;0;0;7.996676944;52.06166358
2;2017;5;16;6;3;2;6;0;1;0;0;0;0;0;7.953476341;52.68081059
2;2017;5;13;6;3;0;1;1;0;0;0;0;0;0;8.031346557;52.27117635
2;2017;5;15;6;2;9;7;0;1;0;0;0;0;0;7.575117631;53.1691622
2;2017;5;7;6;3;4;2;0;1;0;0;0;0;0;7.543108958;53.26205049
2;2017;5;19;6;3;4;6;1;1;0;0;0;0;0;7.493869343;53.23672759
2;2017;5;19;6;3;4;2;1;1;0;0;0;0;0;7.276697366;52.84998599
2;2017;5;11;6;3;3;6;0;1;0;0;0;0;0;7.183723836;52.34314489
2;2017;5;16;6;3;5;2;1;1;0;0;0;0;0;7.325849553;53.52869109
2;2017;5;11;6;3;1;5;0;1;0;0;0;0;0;7.680532001;53.39698986
2;2017;5;12;6;3;2;6;0;1;0;0;0;0;0;7.491548534;53.46132752
2;2017;5;15;6;2;5;2;0;1;0;0;1;0;0;8.224798004;52.49264482
2;2017;5;20;6;3;5;3;1;1;0;0;0;0;0;8.128263246;52.72974379
2;2017;5;15;6;3;2;6;0;1;0;0;0;0;0;8.003440584;53.51756618
2;2017;5;13;6;3;5;3;0;1;0;1;0;0;0;9.181447334;52.99882494
2;2017;5;10;6;3;2;6;0;1;0;0;0;0;0;8.156412767;53.28130686
2;2017;5;12;6;1;5;3;1;1;0;0;0;0;0;7.948576577;53.23402903
2;2017;5;23;6;3;5;3;0;1;0;0;0;2;0;7.997410986;53.18187343
2;2017;5;18;6;3;8;1;0;0;0;0;1;0;0;8.082558142;53.18459286
2;2017;5;15;6;2;2;2;0;1;0;1;0;0;0;8.237426811;53.15158647
2;2017;5;12;6;3;2;6;0;1;0;0;0;0;0;8.806216542;53.02801279
2;2017;5;16;6;3;4;1;0;1;0;0;0;0;0;8.691441622;52.56837039
2;2017;5;13;6;3;3;2;0;1;0;0;1;0;0;8.301439947;53.25337704
2;2017;5;13;6;3;0;1;0;0;0;1;0;0;0;8.685114664;53.84430089
2;2017;5;0;6;2;9;1;0;1;0;0;0;2;0;10.13580844;53.2280871
2;2017;5;12;6;3;0;1;1;0;0;0;0;0;1;9.716451029;53.27794573
2;2017;5;17;6;2;8;1;0;1;0;0;0;0;0;9.624757931;53.27549677
2;2017;5;14;6;3;9;1;0;0;0;1;0;0;0;9.811209436;53.29397488
2;2017;5;11;6;3;1;7;0;1;0;0;1;0;0;9.881929129;53.32890538
2;2017;5;13;6;2;9;7;0;1;0;0;0;0;0;9.510001261;53.48210837
2;2017;5;21;6;3;5;3;0;1;0;0;1;2;0;9.592971429;53.49835365
2;2017;5;19;6;3;2;6;0;1;0;0;0;0;0;9.905430919;52.99284872
2;2017;5;12;6;3;2;6;0;1;0;0;0;0;0;9.114753107;53.49534607
2;2017;5;16;6;3;2;2;0;1;0;1;0;0;0;10.62423169;53.26533285
2;2017;5;8;6;2;9;1;0;0;0;1;0;0;0;10.40230978;53.16913224
2;2017;5;16;6;3;4;2;0;1;0;0;0;0;0;10.29427969;52.84410113
2;2017;5;18;6;3;5;2;1;1;0;0;0;0;0;9.844016682;52.27398554
2;2017;5;6;6;3;2;6;0;1;0;0;1;0;0;9.781606436;52.42486677
2;2017;5;16;6;3;2;6;0;1;0;0;0;0;0;9.729881576;52.38212603
2;2017;5;19;6;3;5;2;1;1;0;0;0;0;0;9.725381646;52.32263602
2;2017;5;12;6;3;2;6;0;1;0;0;0;0;0;9.732328802;52.3115306
2;2017;5;8;6;3;8;1;0;1;0;0;0;0;0;9.604641104;52.27968128
2;2017;5;16;6;3;5;3;1;1;0;0;0;0;0;9.295163008;52.49263773
2;2017;5;7;6;3;2;6;0;1;0;0;1;0;0;9.483076162;52.29307389