ULAND;UJAHR;UMONAT;USTUNDE;UWOCHENTAG;UKATEGORIE;UART;UTYP1;IstRad;IstPKW;IstFuss;IstKrad;IstSonstig;LICHT;STRZUSTAND;XGCSWGS84;YGCSWGS84
2;2017;5;20;6;3;2;6;0;1;0;0;0;0;0;10.00445775;52.49891909
2;2017;5;17;6;3;4;6;1;0;0;0;1;0;0;9.828295962;52.36089108
2;2017;5;12;6;3;5;3;1;1;0;0;0;0;0;9.7336358;52.36915485
2;2017;5;11;6;3;5;2;0;1;0;0;0;0;0;9.822714927;52.406439
2;2017;5;11;6;2;8;1;0;0;0;1;0;0;0;10.50914741;51.64989093
2;2017;5;17;6;2;5;3;0;1;0;1;0;0;0;9.080775322;52.19461878
2;2017;5;16;6;2;2;6;0;1;0;1;0;0;0;9.428732882;51.88512135
2;2017;5;8;6;3;6;7;0;1;1;0;0;0;0;9.734786708;51.95093986
2;2017;5;16;6;2;2;6;0;1;0;1;1;0;0;9.359776822;52.07598632
2;2017;5;15;6;3;5;3;0;1;0;0;0;0;0;9.787451912;51.55506745
2;2017;5;14;6;3;0;7;0;1;0;0;0;0;0;9.920644145;51.55866525
2;2017;5;12;6;3;2;2;0;1;0;0;0;0;0;9.93875803;51.52905977
2;2017;5;1;6;3;9;1;0;1;0;0;0;2;0;10.3723183;52.08230612
2;2017;5;19;6;3;0;6;0;0;0;1;0;0;0;10.46191047;51.80711057
2;2017;5;18;6;3;9;1;0;0;0;1;0;0;0;10.46761099;51.80618614
2;2017;5;12;6;3;0;1;1;0;0;0;0;0;0;10.60124416;51.89191633
2;2017;5;13;6;3;2;2;0;1;0;0;0;0;0;10.46208682;51.9123711
2;2017;5;6;6;3;5;3;0;1;0;0;0;0;0;10.93217773;52.572816
2;2017;5;15;6;3;2;6;0;1;0;0;0;0;0;10.70875169;52.46480541
2;2017;5;8;6;3;3;6;0;1;0;0;0;0;0;10.45564671;52.19722979
2;2017;5;13;5;3;2;6;0;1;0;0;0;0;0;8.039911052;52.39158998
2;2017;5;15;5;2;0;7;1;0;0;0;0;0;0;8.241241797;52.22736605
2;2017;5;16;5;2;9;1;0;0;0;1;0;0;0;8.189898834;52.20912003
2;2017;5;1;5;2;8;1;0;0;0;1;0;2;0;8.118726182;52.18204719
2;2017;5;11;5;3;0;3;0;1;0;1;0;0;0;7.22699097;53.34075988
2;2017;5;14;5;2;8;1;0;0;0;1;0;0;0;7.575413225;53.09428856
2;2017;5;13;5;3;0;5;1;1;0;0;0;0;0;7.386061008;53.29943507
2;2017;5;16;5;3;2;6;1;0;0;0;1;0;0;7.27657793;52.96058837
2;2017;5;0;5;3;4;6;1;0;0;0;0;2;0;7.274113853;52.78824294
2;2017;5;14;4;3;0;1;1;0;0;0;0;0;0;8.086142988;52.10413387
2;2017;5;7;4;3;4;6;0;1;0;0;1;0;0;7.895380772;52.63079873
2;2017;5;10;5;2;4;2;0;1;0;0;0;0;0;7.328227512;53.52895489
2;2017;5;19;5;3;5;2;1;1;0;0;0;0;0;7.476194352;53.46652301
2;2017;5;14;4;3;2;6;0;1;0;0;0;0;0;8.027508961;52.27446525
2;2017;5;15;5;2;5;3;0;1;0;1;0;0;0;8.192343236;52.72515713
2;2017;5;13;4;3;5;2;1;1;0;0;0;0;0;8.008677065;52.27430045
2;2017;5;13;5;3;8;7;0;0;0;1;0;0;0;8.177266642;53.24048567
2;2017;5;13;5;2;8;1;0;0;0;1;0;0;0;8.859733842;52.73516279
2;2017;5;7;4;3;3;6;1;1;0;0;0;0;0;8.040278897;52.27295359
2;2017;5;22;5;3;4;6;1;0;0;0;0;2;0;8.195946786;53.05920314
2;2017;5;9;5;3;2;6;0;1;0;0;1;0;0;8.584967142;53.37194414
2;2017;5;9;4;3;2;6;0;1;0;0;0;0;0;7.999054629;52.29647753
2;2017;5;15;5;2;8;1;0;0;0;1;0;0;0;8.529328576;53.66257594
2;2017;5;18;4;3;5;3;0;1;0;0;0;0;0;7.295976012;53.1728444
2;2017;5;13;5;3;0;1;0;0;0;1;0;0;0;8.865919195;53.56167893
2;2017;5;18;4;3;2;6;0;1;0;0;0;0;0;7.334343287;53.16274452
2;2017;5;14;5;3;5;3;0;1;0;0;0;0;0;8.711843033;53.85297423
2;2017;5;14;4;2;4;5;0;1;0;0;1;0;0;7.63146012;52.99215993
2;2017;5;14;4;3;2;2;0;1;0;0;0;0;0;7.083682351;52.44069894
2;2017;5;13;4;3;5;3;0;1;0;0;0;0;0;7.083977174;52.44228239
2;2017;5;17;4;3;2;2;0;1;0;1;0;0;0;7.328666799;52.32845095
2;2017;5;15;4;2;4;6;0;1;0;1;0;0;0;7.443096954;53.63024231
2;2017;5;13;5;3;2;7;0;1;0;0;0;0;0;10.08026167;53.19845065
2;2017;5;15;4;3;5;3;0;1;0;0;0;0;0;7.206954509;53.54675644
2;2017;5;10;4;2;4;6;0;1;0;0;0;0;0;7.252787913;53.64845507
2;2017;5;11;5;3;5;3;0;1;0;0;0;0;0;10.19334471;53.36131325
2;2017;5;19;4;3;2;7;0;0;0;1;1;0;0;7.463409756;53.46351318
2;2017;5;10;4;3;5;2;1;1;0;0;0;0;0;7.47495819;53.4686821
2;2017;5;10;5;3;1;5;0;1;0;0;0;0;0;9.661527478;53.49008863
2;2017;5;12;4;3;5;3;0;1;0;0;0;0;0;8.650369589;53.19154809
2;2017;5;17;4;3;2;6;0;1;0;0;0;0;0;9.231209026;52.93674505
2;2017;5;18;4;3;2;2;0;1;0;0;0;0;0;8.228454739;53.20238061
2;2017;5;7;4;3;2;6;0;1;0;0;0;0;0;7.983733306;53.12732435
2;2017;5;11;4;3;5;2;1;1;0;0;0;0;0;8.230994515;53.14963283
2;2017;5;16;5;3;2;6;0;1;0;0;0;0;0;9.678726174;52.80652155
2;2017;5;15;5;3;5;3;0;1;0;0;0;0;0;9.587222675;52.8630819
2;2017;5;16;4;2;5;7;0;1;0;1;0;0;0;8.63700368;53.04659792
2;2017;5;3;5;3;9;1;0;1;0;0;0;1;0;9.181466981;53.4957815
2;2017;5;14;4;3;5;3;1;1;0;0;0;0;0;8.716487811;53.03858919
2;2017;5;23;5;2;0;1;1;0;0;0;0;2;0;9.15012214;53.48595608
2;2017;5;19;5;3;8;1;0;1;0;0;0;0;0;9.222472323;53.12116206
2;2017;5;18;4;2;5;3;1;1;0;0;0;0;0;8.592782832;53.04061842
2;2017;5;9;4;3;5;3;1;0;0;0;1;0;0;8.629832312;53.03778813
2;2017;5;14;5;3;2;6;0;1;0;0;0;0;0;11.1698799;52.95459564
2;2017;5;16;5;2;5;3;1;0;0;1;0;0;0;10.39183282;53.33320807
2;2017;5;17;4;3;9;1;0;0;0;1;0;0;0;9.546072855;53.54100945
2;2017;5;15;5;3;2;6;0;1;0;0;0;0;0;9.913609325;52.87002237
2;2017;5;15;4;2;4;2;0;1;0;1;0;0;0;9.610555869;53.41312319
2;2017;5;14;5;3;5;3;0;1;0;0;0;0;0;10.06106357;52.44912446
2;2017;5;17;4;3;5;3;0;1;0;1;0;0;0;9.322479113;53.60000038
2;2017;5;15;4;3;4;7;0;1;0;0;1;0;0;9.374004788;53.6363279
2;2017;5;14;4;3;5;3;0;1;0;0;0;0;0;9.687321495;52.86297529
2;2017;5;10;4;3;6;4;0;1;1;0;0;0;0;9.583608157;52.76217024
2;2017;5;19;4;3;5;3;1;1;0;0;0;0;0;9.590850564;52.86053191
2;2017;5;12;4;3;2;7;0;1;0;0;1;0;0;10.38805599;53.29212386
2;2017;6;16;4;3;2;6;0;1;0;0;0;0;1;10.07950973;52.99129386
2;2017;6;8;4;3;2;6;0;1;0;0;0;0;0;9.153229099;53.48506897
2;2017;6;16;4;3;5;3;0;1;0;0;0;0;1;9.776060961;52.55337699
2;2017;6;20;4;3;8;1;0;1;0;0;1;0;0;9.22427502;52.22314909
2;2017;6;18;4;3;3;6;0;1;0;0;1;0;0;9.393176882;52.32538645
2;2017;6;17;4;2;3;2;1;1;0;0;0;0;0;9.739197081;52.36820699
2;2017;6;6;4;1;4;6;0;1;0;0;1;0;0;9.964447648;52.45616154
2;2017;6;7;4;2;6;4;1;0;1;0;0;0;0;9.734865001;52.39126802
2;2017;6;18;4;3;4;1;0;1;0;0;0;0;1;10.10301526;51.78235161
2;2017;6;18;4;3;9;1;0;1;0;0;0;0;0;9.041658242;52.57157782
2;2017;6;11;4;2;5;3;1;1;0;0;0;0;0;9.062527429;52.23862908
2;2017;6;7;4;3;5;2;1;1;0;0;0;0;0;10.02424271;52.09506089
2;2017;6;17;4;3;0;6;0;1;0;0;0;0;1;9.796556019;51.98349682
2;2017;6;3;4;3;0;7;0;1;0;0;0;1;0;9.460041205;52.07281494
2;2017;6;6;3;2;9;1;0;1;0;0;0;0;0;8.314147441;52.19801143
2;2017;6;14;3;3;9;1;0;1;0;0;0;0;1;8.141438007;52.25151898
2;2017;6;16;3;3;5;3;1;0;0;0;1;0;0;8.059499572;52.14516432
2;2017;6;14;3;2;5;3;1;1;0;0;0;0;0;8.013558908;52.29554931
2;2017;6;12;3;3;4;2;1;1;0;0;0;0;1;8.040605048;52.27197758
2;2017;6;17;3;3;3;2;0;1;0;1;0;0;0;7.293795995;53.23425747
2;2017;6;16;3;3;5;2;0;1;0;0;0;0;0;7.471254075;53.32079058
2;2017;6;14;3;3;5;3;0;1;0;1;0;0;0;7.466739551;53.12857783
2;2017;6;9;3;3;8;1;0;1;0;0;0;0;0;7.512163516;53.29852171
2;2017;6;8;3;3;2;6;0;1;0;0;1;0;0;7.319120025;53.17271973
2;2017;6;14;3;3;2;6;0;1;0;0;0;0;1;7.427603071;53.33839702
2;2017;6;10;3;3;8;1;0;1;0;0;0;0;0;7.498542829;52.47036903
2;2017;6;14;3;3;4;6;0;1;0;0;0;0;0;7.560459398;52.45292614
2;2017;6;6;3;3;4;2;0;1;0;0;0;0;0;7.43047037;52.38971455
2;2017;6;17;3;3;5;3;0;1;0;0;0;0;0;7.466294952;53.47132218
2;2017;6;16;3;3;5;3;1;1;0;0;0;0;0;7.409953969;53.47546939
2;2017;6;11;3;3;0;7;0;1;0;0;1;0;0;7.712546479;53.0925701
2;2017;6;19;3;2;5;2;0;1;0;1;0;0;0;7.751280707;52.98038257
2;2017;6;18;3;3;4;6;0;1;0;0;0;0;0;8.243470938;52.63984223
2;2017;6;7;3;3;5;3;0;1;0;1;0;0;0;8.021467888;53.52424691
2;2017;6;16;3;3;3;6;0;1;0;1;0;0;0;8.793035064;53.22642903
2;2017;6;18;3;3;2;6;0;1;0;0;0;0;0;9.221259586;52.88641901
2;2017;6;20;3;3;0;7;0;0;0;1;1;0;0;8.992493252;53.03646419
2;2017;6;17;3;2;2;6;0;1;0;0;1;0;0;9.187357903;52.99664613
2;2017;6;6;3;3;2;2;0;1;0;0;0;0;0;8.050029901;53.21219928
2;2017;6;15;3;3;2;6;0;1;0;0;0;0;0;8.802026349;53.02204424
2;2017;6;17;3;2;5;2;0;1;0;0;1;0;0;8.360304264;53.52767359
2;2017;6;15;3;2;5;3;1;1;0;0;0;0;1;8.632152225;53.05457822
2;2017;6;9;3;2;5;3;0;1;0;0;1;0;0;8.620502975;53.04802668
2;2017;6;13;3;3;2;6;0;1;0;0;0;0;0;8.630498221;53.06114885
2;2017;6;9;3;3;5;2;1;1;0;0;0;0;0;8.597918402;53.04687527
2;2017;6;7;3;3;9;6;0;1;0;0;1;0;0;8.657864662;53.67831599
2;2017;6;13;3;3;4;1;0;1;0;0;1;0;0;8.928274187;53.81709349
2;2017;6;15;3;3;2;6;0;1;0;0;0;0;1;9.830217308;53.33063259
2;2017;6;6;3;3;8;7;0;0;0;0;1;0;0;9.689315328;52.68598482
2;2017;6;21;3;2;2;2;0;1;0;1;0;0;0;9.844738722;53.02762984
2;2017;6;15;3;3;2;6;0;1;0;0;0;0;1;9.828396968;52.97970699
2;2017;6;16;3;3;5;3;1;1;0;0;0;0;1;9.494997121;53.17659058
2;2017;6;19;3;3;5;3;0;1;0;0;0;0;1;10.35248538;53.32682904
2;2017;6;18;3;3;8;1;0;0;0;1;0;0;0;10.27461677;52.71880129
2;2017;6;9;3;3;5;3;1;1;0;0;0;0;0;10.09135447;52.56038305
2;2017;6;16;3;3;5;2;0;1;0;0;1;0;0;9.714263744;52.36111165
2;2017;6;17;3;3;5;3;1;1;0;0;0;0;0;9.488215342;52.55638128
2;2017;6;13;3;3;5;3;0;1;0;0;0;0;0;9.968835636;52.33148052
2;2017;6;12;3;3;6;7;0;1;1;0;0;0;0;9.970764643;52.31494828
2;2017;6;13;3;3;5;2;0;1;0;0;0;0;0;9.925952026;52.50934268
2;2017;6;16;3;3;6;4;0;0;1;0;1;0;0;9.735629553;52.40308975
2;2017;6;14;3;3;2;6;0;1;0;0;0;0;0;9.633384392;52.42193813
2;2017;6;21;3;3;4;6;0;1;0;0;0;1;0;9.416191223;52.65195388
2;2017;6;16;3;2;5;3;0;1;0;0;0;0;1;9.214105602;52.68780034
2;2017;6;11;3;3;5;3;0;1;0;0;0;0;0;10.01995616;51.97810706
2;2017;6;20;3;3;3;2;0;1;0;0;0;0;0;9.435433333;52.22253303
2;2017;6;13;3;3;4;6;0;1;0;0;1;0;0;9.443295672;52.2511032
2;2017;6;16;3;2;8;7;0;0;0;0;1;0;0;9.389736434;52.06685673
2;2017;6;12;3;3;3;6;0;1;0;0;0;0;0;9.375105316;52.10365187
2;2017;6;18;3;3;8;7;0;1;0;0;0;0;0;10.13269146;51.4505111
2;2017;6;17;5;3;2;6;0;0;0;0;1;0;0;8.796145205;53.02273955
2;2017;6;8;5;3;2;6;0;1;0;0;1;0;0;8.383850794;53.05960796
2;2017;6;13;5;3;9;6;1;0;0;0;0;0;0;8.61152231;53.04922594
2;2017;6;17;5;3;2;2;0;1;0;0;1;0;0;8.523275635;53.35889114
2;2017;6;12;5;3;5;3;0;1;0;0;0;0;0;8.684463354;53.85953916
2;2017;6;1;3;2;3;1;0;1;0;0;1;2;0;9.92128732;51.64266764
2;2017;6;17;3;3;2;6;0;1;0;0;0;0;0;10.74774102;52.4607918
2;2017;6;13;5;3;6;4;0;1;1;0;0;0;0;9.680271588;53.53290379
2;2017;6;15;3;3;4;6;0;1;0;0;0;0;0;10.27445543;52.29117811
2;2017;6;10;3;3;5;3;0;1;0;0;0;0;0;10.17091712;52.3065993
2;2017;6;5;3;3;2;6;0;1;0;0;0;0;0;10.45678538;52.18665696
2;2017;6;16;3;3;8;1;0;1;0;0;0;0;0;10.52046462;52.42813301
2;2017;6;15;3;3;2;6;0;1;0;0;0;0;0;10.57742983;52.46037523
2;2017;6;14;2;3;0;6;0;1;0;0;1;0;0;8.035033337;52.40145211
2;2017;6;19;2;3;5;2;0;1;0;1;0;0;0;8.365386424;52.13430328
2;2017;6;13;2;3;9;1;0;1;0;0;0;0;0;7.972631277;52.49968294
2;2017;6;22;2;3;0;3;1;1;0;0;0;2;0;8.040261914;52.27300588
2;2017;6;14;2;2;5;2;0;1;0;0;1;0;0;8.08258903;52.28669691
2;2017;6;17;2;1;8;1;0;0;0;1;0;0;0;7.510764685;53.27300831
2;2017;6;14;2;2;5;2;0;1;0;1;0;0;0;7.434417613;53.07985075
2;2017;6;12;2;3;3;2;1;1;0;0;0;0;0;7.350367822;53.05366742
2;2017;6;1;2;3;0;7;0;1;1;0;0;2;0;6.963399085;52.46669932
2;2017;6;10;2;3;5;3;1;0;0;0;0;0;0;7.107917053;52.78449736
2;2017;6;15;2;2;3;6;0;1;0;1;0;0;0;7.052064097;53.4102931
2;2017;6;4;2;3;0;1;1;0;0;0;0;1;0;8.181405641;52.53544741
2;2017;6;11;2;3;8;7;0;1;0;0;0;0;0;8.019780431;52.74732736
2;2017;6;19;2;2;5;3;0;1;0;0;0;0;0;8.104610661;53.55616506
2;2017;6;11;2;3;0;6;0;0;0;1;0;0;0;9.034367066;53.04739757
2;2017;6;18;2;3;0;7;0;1;0;0;0;0;0;9.02109603;53.05210757
2;2017;6;13;2;3;5;2;0;1;0;0;0;0;0;7.756495346;53.21665205
2;2017;6;10;2;3;5;2;0;1;0;1;0;0;0;8.717078741;52.99495057
2;2017;6;12;2;3;2;2;0;1;0;0;0;0;0;8.764227097;52.93967981
2;2017;6;0;2;3;8;1;0;1;0;0;0;2;0;8.398737457;53.29174917
2;2017;6;23;2;3;8;7;0;1;0;0;0;2;0;8.414076266;52.96969586
2;2017;6;18;2;1;9;1;0;0;0;1;0;0;0;8.531883596;53.62355074
2;2017;6;17;2;3;5;3;0;1;0;0;0;0;0;9.057000653;53.77156062
2;2017;6;17;2;2;5;2;0;1;0;1;0;0;0;10.186125;53.21339066
2;2017;6;13;2;3;2;5;0;1;0;0;0;0;0;9.664673281;53.55092917
2;2017;6;5;2;2;1;5;0;1;0;0;0;0;0;9.706979401;53.4610929
2;2017;6;11;2;2;3;7;0;0;0;1;0;0;0;10.5380749;53.03223769
2;2017;6;18;2;3;8;6;0;1;0;1;0;0;0;10.89660882;53.28696104
2;2017;6;11;2;2;5;3;0;1;0;1;0;0;0;10.18573414;52.57955577
2;2017;6;18;2;3;2;6;0;1;0;0;0;0;0;9.40871956;52.42713081
2;2017;6;12;2;3;8;6;0;0;0;1;1;0;0;9.769945404;52.17372409
2;2017;6;22;2;3;4;6;1;0;0;0;0;2;0;9.579452846;52.44319498
2;2017;6;11;2;2;5;3;0;1;0;1;0;0;0;9.809694882;51.82040553
2;2017;6;20;2;3;5;3;0;1;0;1;0;1;0;9.147035224;52.84624416
2;2017;6;0;2;3;2;6;0;1;0;0;0;2;0;9.890775545;52.22346899
2;2017;6;17;2;3;9;1;0;1;0;0;1;0;0;9.459534012;51.93075306
2;2017;6;13;2;3;2;7;0;1;0;1;0;0;0;9.521244262;51.97814768
2;2017;6;18;2;2;9;1;0;0;0;1;0;0;0;10.24910986;51.99777912
2;2017;6;2;2;3;9;1;0;1;0;0;0;2;0;10.27659182;51.88957063
2;2017;6;8;2;2;8;6;0;0;0;0;1;0;0;10.38210812;52.37626021
2;2017;6;23;2;3;4;1;0;1;0;0;0;2;0;10.77113147;52.511136
2;2017;6;8;1;2;8;7;0;1;0;0;0;0;0;8.03112269;52.41533772
2;2017;6;19;1;3;0;6;1;0;1;0;0;0;1;7.942071772;52.19901902
2;2017;6;15;1;3;9;1;0;0;0;1;0;0;0;8.225311097;52.35153489
2;2017;6;3;1;3;3;7;0;1;0;0;0;2;1;8.068341979;52.26319068
2;2017;6;19;1;2;4;6;0;1;0;1;0;0;0;7.51339714;53.19203446
2;2017;6;18;1;3;2;2;0;1;0;0;0;0;0;7.460701224;53.10881592
2;2017;6;2;1;2;8;1;0;1;0;0;0;2;0;7.588099305;52.65565325
2;2017;6;13;1;3;2;6;0;1;0;0;0;0;0;7.197917215;52.52663839
2;2017;6;19;1;3;4;6;0;1;0;0;0;0;0;7.808725505;53.57663832
2;2017;6;17;1;3;5;3;0;1;0;1;0;0;0;7.680107345;53.38361225
2;2017;6;22;1;3;8;1;0;1;0;0;0;2;0;7.823613627;52.99926942
2;2017;6;13;1;1;2;6;1;1;0;0;0;0;0;7.777009204;52.83184305
2;2017;6;15;1;3;0;1;1;0;0;0;0;0;0;7.997939933;53.69873252
2;2017;6;1;1;3;1;5;0;1;0;0;0;2;1;9.175833168;52.98116755
2;2017;6;17;1;3;2;2;0;1;0;1;0;0;0;8.032301181;53.28917262
2;2017;6;11;1;3;2;2;0;1;0;0;0;0;0;7.784651278;53.24788758
2;2017;6;10;1;2;2;2;0;1;0;1;0;0;0;8.577451589;52.60093697
2;2017;6;9;1;1;9;1;0;1;0;0;0;0;0;8.559935505;53.6443024
2;2017;6;21;1;3;8;7;0;1;0;0;0;0;0;10.0807751;53.17896678
2;2017;6;15;1;3;5;3;0;1;0;0;0;0;0;9.975763037;53.197337
2;2017;6;13;1;3;2;2;0;1;0;0;0;0;0;9.324283761;53.79172876
2;2017;6;17;1;3;2;6;1;1;0;0;0;0;0;11.05896312;52.95122798
2;2017;6;17;1;3;0;1;0;0;0;1;0;0;0;9.595542032;52.14894168
2;2017;6;18;1;2;3;6;0;1;0;1;0;0;0;9.727352339;52.48949414
2;2017;6;21;1;2;5;3;0;1;0;0;0;1;0;9.639392608;51.65945772
2;2017;6;18;1;3;1;5;0;1;0;0;0;0;0;9.081916922;52.19262242
2;2017;6;10;1;2;9;1;0;1;0;0;0;0;0;9.209069441;52.80015078
2;2017;6;18;1;2;8;1;0;0;0;1;0;0;0;9.217838261;51.98401849
2;2017;6;16;1;2;0;7;1;0;0;0;0;0;0;9.371521231;51.98383734
2;2017;6;2;1;2;9;1;0;1;0;0;0;2;1;9.767161732;51.39702581
2;2017;6;11;1;2;0;3;0;1;0;1;0;0;1;10.63321703;52.32231227
2;2017;6;13;1;3;8;1;0;1;0;0;0;0;0;10.77490697;52.45083962
2;2017;6;13;1;2;8;1;0;1;0;0;0;0;0;10.40253551;52.2850938
2;2017;6;15;1;2;4;2;0;1;0;1;0;0;0;10.23296913;52.30633847
2;2017;6;4;1;2;8;1;0;1;0;0;0;1;1;10.20729922;52.28904615
2;2017;6;11;1;3;0;1;0;0;0;1;0;0;1;10.3038356;51.80237347
2;2017;6;20;1;2;9;1;0;1;0;0;0;0;0;10.50481585;52.37499555
2;2017;6;3;1;3;8;1;0;1;0;0;0;1;1;10.7483017;52.49021514
2;2017;6;23;7;3;2;6;0;1;0;0;0;2;0;8.037349957;52.15083952
2;2017;6;23;7;1;6;6;0;1;1;0;0;2;0;8.202208888;52.13539966
2;2017;6;17;7;3;3;6;1;1;0;0;0;0;0;8.168148676;52.36802991
2;2017;6;14;7;3;4;2;0;1;0;0;0;0;0;8.036376097;52.29693737
2;2017;6;12;7;3;2;6;0;1;0;0;0;0;0;7.994241754;52.29621852
2;2017;6;21;7;3;5;3;1;0;0;0;0;1;0;7.379726113;53.0723188
2;2017;6;14;7;3;5;7;0;1;0;1;0;0;0;7.251890572;53.07211029
2;2017;6;16;7;2;0;1;1;0;0;0;0;0;0;7.349138078;52.52361823
2;2017;6;15;7;3;2;2;0;1;0;0;0;0;0;7.609850637;53.54749
2;2017;6;11;7;3;4;2;0;1;0;0;0;0;0;7.734330606;53.13266832
2;2017;6;11;7;3;5;2;0;1;0;0;0;0;0;8.117066774;52.82938052
2;2017;6;0;7;2;8;1;0;1;0;0;0;2;0;8.265784856;52.86645998
2;2017;6;13;7;3;2;2;0;1;0;0;0;0;0;8.165136364;53.12617655
2;2017;6;0;7;3;0;1;1;0;0;0;0;2;0;8.504700441;53.51387476
2;2017;6;14;7;1;2;2;0;1;0;0;0;0;0;8.543323998;53.13927815
2;2017;6;16;7;3;2;6;0;1;0;1;0;0;0;9.917607438;53.43564053
2;2017;6;7;5;3;4;7;0;1;1;0;1;0;0;9.67865885;53.46575869
2;2017;6;16;5;3;2;6;0;1;0;1;0;0;0;9.588272823;53.58472239
2;2017;6;12;5;2;2;6;0;1;0;0;0;0;0;9.665508468;52.76265371
2;2017;6;22;7;3;9;1;0;1;0;0;0;2;0;10.02769842;53.26554752
2;2017;6;13;7;3;2;6;0;1;0;0;0;0;0;10.20744845;53.34983002
2;2017;6;6;7;3;5;3;0;1;0;0;0;0;1;9.824853358;53.202553
2;2017;6;18;7;2;2;6;0;1;0;0;1;0;0;9.87144259;53.28410445
2;2017;6;8;7;2;2;6;0;1;0;0;0;0;0;10.08319092;53.18984604
2;2017;6;13;7;2;4;7;0;1;0;0;0;0;0;9.658416774;52.66998288
2;2017;6;12;7;3;5;3;0;1;0;0;0;0;1;9.593770616;52.82458255
2;2017;6;14;7;2;5;3;1;0;0;0;0;0;1;10.72480492;53.2861142
2;2017;6;12;7;3;0;1;0;0;0;1;0;0;1;10.00771961;52.81818835
2;2017;6;13;7;3;2;6;0;1;0;0;0;0;0;9.772634139;52.52047424
2;2017;6;15;7;3;2;6;0;1;0;0;1;0;0;9.809996308;52.53032457
2;2017;6;2;7;2;8;1;0;1;0;0;0;2;0;10.39859873;51.68460404
2;2017;6;0;7;3;4;6;0;1;0;0;0;2;0;9.186241053;52.60963799
2;2017;6;9;7;1;5;3;1;1;0;0;0;0;0;9.860585356;52.25307535
2;2017;6;19;7;3;8;1;0;1;0;0;0;0;1;10.13918203;51.92232993
2;2017;6;14;7;2;8;1;0;0;0;1;0;0;0;10.41664346;52.37116548
2;2017;6;10;7;3;6;4;0;1;1;0;0;0;0;10.19500512;52.27667348
2;2017;6;9;7;3;8;1;0;0;0;1;0;0;0;10.32041406;52.13553002
2;2017;6;16;7;2;4;6;0;1;0;0;1;0;0;10.35591003;51.80256507
2;2017;6;16;7;3;5;3;0;1;0;0;0;0;0;10.54600465;52.61958806
2;2017;6;17;7;3;5;3;0;1;0;0;0;0;0;10.49219947;52.59241432
2;2017;6;12;7;3;2;6;0;1;0;0;0;0;0;10.53874452;52.36636609
2;2017;6;23;7;3;8;1;0;1;0;0;0;2;1;10.47180403;52.23880432
2;2017;6;11;7;2;6;4;0;0;1;0;1;0;0;10.53409694;52.21595424
2;2017;6;12;6;3;5;3;1;1;0;0;0;0;0;8.399788865;52.24110908
2;2017;6;7;6;2;2;6;1;0;0;0;0;0;0;8.328395257;52.20012883
2;2017;6;16;6;2;2;2;0;1;0;0;0;0;0;8.199491257;52.3347734
2;2017;6;12;6;2;6;4;0;1;1;0;1;0;0;8.33144276;52.37122715
2;2017;6;10;6;2;4;6;0;1;1;0;0;0;0;7.725332146;52.41113059
2;2017;6;19;6;3;3;6;1;0;0;0;0;0;0;7.949545456;52.55716068
2;2017;6;12;6;3;5;3;0;1;0;0;0;0;0;8.07112283;52.26207961
2;2017;6;8;6;2;5;3;0;1;0;0;0;0;0;8.130570948;52.26747103
2;2017;6;15;6;3;5;3;0;1;0;1;0;0;0;7.435094975;53.23022246
2;2017;6;14;6;3;2;6;0;1;0;0;1;0;0;7.417054587;52.33116835
2;2017;6;13;6;3;8;7;0;1;0;0;0;0;0;7.198387699;53.49924388
2;2017;6;13;6;3;4;6;0;1;0;1;0;0;0;7.849556487;53.44577991
2;2017;6;15;6;1;5;3;0;1;0;0;1;0;0;8.078477373;52.54925482
2;2017;6;17;6;3;2;2;0;1;0;1;0;0;0;7.972014448;52.78715772
2;2017;6;15;6;2;5;2;1;1;0;0;0;0;0;8.063051695;52.78306308
2;2017;6;17;6;3;2;2;0;1;0;0;0;0;0;7.95643407;53.41985828
2;2017;6;15;6;3;1;5;1;1;0;0;0;0;0;8.019740556;53.49820572
2;2017;6;10;6;3;5;3;0;1;0;0;0;0;0;7.877755411;53.58343912
2;2017;6;10;6;3;1;3;0;1;0;0;0;0;0;9.055635168;53.00281022
2;2017;6;6;6;3;4;6;0;1;0;0;0;0;0;9.049762328;52.9999764
2;2017;6;10;6;3;2;6;0;1;0;0;1;0;0;9.184982271;52.9975529
2;2017;6;10;6;3;2;6;0;1;0;0;1;0;0;9.186025969;52.99723788
2;2017;6;10;6;2;2;6;0;1;0;0;0;0;0;9.179855202;52.99988849
2;2017;6;10;6;3;2;6;0;1;0;0;1;0;0;8.191895049;53.13334017
2;2017;6;16;6;3;3;2;0;1;0;0;1;0;0;9.034279757;52.73299803
2;2017;6;16;6;3;2;6;0;1;0;0;0;0;0;8.740374933;53.01139953
2;2017;6;17;6;3;5;3;0;1;0;0;1;0;0;8.553459412;53.03054377
2;2017;6;12;6;2;9;1;0;1;0;0;0;0;0;8.483802454;53.08699977
2;2017;6;12;6;3;2;6;0;1;0;0;0;0;0;9.090038022;53.6368591
2;2017;6;15;6;2;5;3;0;1;0;1;0;0;0;9.174367774;53.68575994
2;2017;6;16;6;3;5;3;0;1;0;0;0;0;0;8.753948631;53.80002509
2;2017;6;19;6;3;5;2;0;1;0;0;0;0;1;9.714497703;52.36102544