ULAND;UJAHR;UMONAT;USTUNDE;UWOCHENTAG;UKATEGORIE;UART;UTYP1;IstRad;IstPKW;IstFuss;IstKrad;IstSonstig;LICHT;STRZUSTAND;XGCSWGS84;YGCSWGS84
2;2017;6;11;6;3;2;6;0;1;0;0;0;0;0;10.02708198;53.402075
2;2017;6;12;6;2;5;2;0;1;0;1;0;0;0;9.894306981;53.37863635
2;2017;6;12;6;3;6;4;0;1;1;0;0;0;0;9.496951903;53.4508047
2;2017;6;13;6;3;5;3;0;1;0;0;0;0;0;9.657983413;52.90473568
2;2017;6;15;5;3;0;6;0;1;0;0;1;0;0;9.181344857;53.09239409
2;2017;6;21;6;3;0;1;1;0;0;0;0;1;0;9.719841631;52.36774595
2;2017;6;13;6;2;6;7;0;1;1;0;0;0;0;9.590850564;52.86053191
2;2017;6;15;6;3;2;2;0;0;0;1;1;0;0;9.501610766;53.07561082
2;2017;6;16;6;3;5;3;0;1;0;0;0;0;1;9.436580459;52.41964471
2;2017;6;7;6;3;5;3;1;1;0;0;0;0;0;9.613572387;52.39219156
2;2017;6;18;6;3;4;1;0;1;0;1;0;0;1;9.584547982;52.46094137
2;2017;6;15;6;3;5;2;1;1;0;0;0;0;1;9.964117355;52.36570637
2;2017;6;18;6;3;4;7;0;1;0;0;0;0;0;10.13623918;52.41663662
2;2017;6;15;6;2;8;1;0;0;0;1;0;0;1;9.412674456;52.33320419
2;2017;6;15;6;3;8;1;0;0;0;1;0;0;0;9.567403397;53.13452281
2;2017;6;16;6;3;2;6;0;1;0;0;1;0;1;9.465014329;52.38038829
2;2017;6;11;6;2;7;7;0;0;0;1;0;0;0;9.050343045;52.57631946
2;2017;6;14;6;2;5;2;0;1;0;1;0;0;0;9.373736806;53.09423916
2;2017;6;19;6;3;2;6;0;1;0;0;1;0;1;9.168519949;52.19838505
2;2017;6;19;6;2;5;3;0;1;0;0;1;0;1;9.112805436;52.20892449
2;2017;6;7;6;3;4;2;1;1;0;0;0;0;0;9.412627131;53.11316924
2;2017;6;12;6;2;9;1;0;0;0;1;0;0;0;9.651820918;51.97004526
2;2017;6;14;6;3;5;3;0;1;0;0;0;0;1;9.277255992;51.97692961
2;2017;6;16;6;1;4;6;0;1;0;0;1;0;1;9.437257278;52.07157265
2;2017;6;18;6;3;3;2;1;1;0;0;0;0;0;9.910744586;51.53438624
2;2017;6;14;6;3;5;3;0;1;0;0;0;0;0;10.50101264;52.02100112
2;2017;6;7;6;3;5;3;0;1;0;0;0;0;0;10.32988443;52.30750646
2;2017;6;15;6;2;5;3;0;1;0;0;0;0;1;10.48757537;52.80590691
2;2017;6;11;6;2;9;1;0;1;0;0;0;0;0;10.56623214;52.66561721
2;2017;6;15;6;3;2;6;0;1;0;0;0;0;0;10.53642168;52.37412754
2;2017;6;16;6;3;2;6;0;1;0;0;0;0;0;10.50492377;52.88568564
2;2017;6;14;5;3;8;1;0;1;0;0;0;0;0;8.124748677;52.32115162
2;2017;6;15;5;3;6;4;0;0;1;0;1;0;0;8.139378684;52.30235893
2;2017;6;11;6;2;5;3;1;1;0;0;0;0;0;10.4108194;53.0290791
2;2017;6;17;5;3;5;3;1;1;0;0;0;0;0;8.272807632;52.20991681
2;2017;6;10;6;1;4;2;0;1;0;1;0;0;0;10.94727903;53.07469706
2;2017;6;10;6;2;4;1;0;1;0;1;0;0;0;10.86535873;53.12839552
2;2017;6;14;5;3;0;3;1;1;0;0;0;0;0;8.180565069;52.11211407
2;2017;6;17;6;2;5;3;0;1;0;1;0;0;0;10.69791461;53.1892615
2;2017;6;15;6;3;2;6;0;1;0;0;0;0;0;10.35416693;53.32518538
2;2017;6;12;6;3;5;3;0;1;0;0;0;0;0;10.49379023;53.29175578
2;2017;6;17;6;3;5;2;0;1;0;1;0;0;0;9.930017304;52.63284821
2;2017;6;18;6;3;0;6;0;1;0;0;0;0;0;10.09423632;52.61715889
2;2017;6;15;6;3;2;6;0;1;0;0;0;0;0;9.697725342;52.37636648
2;2017;6;11;6;3;2;6;0;1;0;0;0;0;0;9.697739734;52.37635617
2;2017;6;20;5;3;9;1;0;0;0;1;0;0;0;8.072142451;52.38388934
2;2017;6;16;6;3;5;3;1;1;0;0;0;0;0;9.791886755;52.33503743
2;2017;6;20;5;2;0;1;1;0;0;0;0;0;0;8.038443766;52.2785458
2;2017;6;12;6;3;5;3;0;1;0;1;0;0;0;9.727230528;52.38793534
2;2017;6;16;5;3;5;2;1;1;0;0;0;0;0;7.487383201;53.30382734
2;2017;6;20;5;3;5;3;0;1;0;0;0;0;0;7.460199243;53.04196019
2;2017;6;15;5;3;5;3;0;1;0;0;1;0;0;7.35427203;53.09840622
2;2017;6;15;5;3;4;2;1;1;0;0;0;0;1;7.185900178;53.60329547
2;2017;6;9;6;3;6;4;0;1;1;0;0;0;0;9.800053457;52.40678065
2;2017;6;23;5;3;0;7;1;0;0;0;0;2;0;7.736489778;53.41516645
2;2017;6;18;5;3;9;1;0;1;0;0;0;0;0;7.631592611;53.51891337
2;2017;6;14;6;3;0;2;1;0;1;0;1;0;0;9.670721872;52.23894097
2;2017;6;12;5;3;2;6;0;1;0;0;0;0;1;7.45780875;53.47179035
2;2017;6;11;6;3;5;3;1;0;0;0;1;0;0;9.555835395;52.20480942
2;2017;6;14;5;3;5;2;0;0;0;1;1;0;0;7.403779784;53.47684123
2;2017;6;12;6;3;5;3;0;1;0;0;1;0;0;9.679821956;52.30958021
2;2017;6;16;6;3;9;7;0;1;0;0;0;0;0;9.909578878;52.31426707
2;2017;6;13;5;3;2;6;0;1;0;0;0;0;0;7.483864356;53.4723698
2;2017;6;12;6;3;4;2;1;1;0;0;0;0;0;9.74181378;52.43757513
2;2017;6;15;6;3;5;3;0;1;0;0;1;0;0;10.1332961;52.45914004
2;2017;6;18;6;2;7;7;1;0;0;0;1;0;0;9.603681071;52.19030607
2;2017;6;20;6;2;2;6;1;0;0;0;0;0;0;9.582617299;52.64036141
2;2017;6;9;5;2;4;2;0;0;0;0;1;0;1;8.229978791;52.8546111
2;2017;6;15;5;3;3;7;0;1;0;0;0;0;1;7.967811813;53.54491667
2;2017;6;8;5;2;8;1;0;1;0;0;0;0;0;8.020931905;53.5207783
2;2017;6;15;5;3;5;3;1;1;0;0;0;0;1;7.889151515;53.56877666
2;2017;6;16;5;3;2;6;0;1;0;0;1;0;0;8.065860489;53.52663235
2;2017;6;18;6;3;2;6;0;0;0;1;1;0;0;9.229102827;52.47983469
2;2017;6;16;5;3;5;3;0;1;0;0;0;0;1;8.080981458;53.53331203
2;2017;6;13;5;3;2;6;0;1;0;0;1;0;1;8.193649439;53.15039614
2;2017;6;13;6;3;6;4;0;1;1;0;0;0;0;9.915297369;52.20249566
2;2017;6;4;5;3;8;1;0;1;0;0;0;0;0;8.077030914;53.20646188
2;2017;6;6;5;3;5;3;0;1;0;0;0;0;0;7.929249806;53.12205717
2;2017;6;7;6;3;5;3;0;1;0;0;0;0;0;9.911972144;52.20688862
2;2017;6;13;5;2;4;6;0;1;0;0;1;0;0;8.708213261;52.97032537
2;2017;6;20;5;3;8;1;0;0;0;1;0;0;0;8.904168719;52.871999
2;2017;6;6;6;3;0;1;0;0;0;1;0;0;0;9.707997136;52.06724147
2;2017;6;17;5;3;2;6;0;1;0;0;0;0;0;8.263953492;53.37786385
2;2017;6;7;6;3;5;3;0;1;0;1;0;0;0;9.988633885;52.03084251
2;2017;6;7;5;3;1;5;1;0;0;0;1;0;0;8.617960364;53.06335669
2;2017;6;16;6;2;9;7;0;1;0;0;0;0;0;9.982201412;52.10711698
2;2017;6;9;6;3;2;6;0;1;0;0;1;0;0;9.891625137;52.15946624
2;2017;6;17;5;3;2;6;0;1;0;0;0;0;0;9.920290439;53.41198139
2;2017;6;19;6;3;9;1;0;1;0;0;0;0;0;9.407886469;51.68712338
2;2017;6;9;6;3;0;7;0;1;0;0;1;0;0;9.56251114;51.88111171
2;2017;6;13;6;3;2;6;0;1;0;1;0;0;0;9.390090202;52.04793869
2;2017;6;12;6;3;2;6;0;1;0;0;0;0;0;9.376889127;52.10378028
2;2017;6;14;6;3;2;6;0;1;0;0;0;0;0;9.91549559;51.65795554
2;2017;6;17;6;3;9;1;0;1;0;0;0;0;0;9.887728098;51.58304042
2;2017;6;19;6;3;5;3;1;1;0;0;0;0;0;10.30480227;52.20542928
2;2017;6;14;5;3;2;6;0;1;0;1;0;0;1;9.458392684;53.58638599
2;2017;6;14;6;3;2;7;0;1;0;1;0;0;0;10.45185315;52.17889567
2;2017;6;11;5;2;2;6;0;1;0;0;0;0;1;9.604637313;52.85477814
2;2017;6;12;6;1;2;1;0;0;0;1;0;0;0;10.65315955;51.65255278
2;2017;6;18;5;3;5;3;1;1;0;0;0;0;0;9.841586843;52.98671528
2;2017;6;17;5;3;1;7;0;1;0;0;0;0;0;9.864786184;53.02425119
2;2017;6;18;6;3;3;2;0;1;0;1;0;0;0;10.2694138;51.80808157
2;2017;6;8;5;3;5;2;0;1;0;0;0;0;0;10.21334538;53.09950457
2;2017;6;17;5;3;5;3;1;1;0;0;0;0;0;10.05793316;52.65309946
2;2017;6;15;6;3;0;1;0;0;0;1;0;0;0;10.30608481;51.80396426
2;2017;6;7;5;3;0;1;1;0;0;0;0;0;1;9.718249861;52.39426758
2;2017;6;13;5;3;5;2;0;1;0;0;1;0;0;9.635865999;52.19632684
2;2017;6;16;5;3;5;3;0;1;0;0;0;0;0;9.784652964;52.51985045
2;2017;6;12;5;3;6;4;0;1;1;0;0;0;0;9.744592853;52.45344693
2;2017;6;16;6;3;0;6;0;1;0;0;0;0;0;10.8212143;52.52646163
2;2017;6;10;5;3;0;1;1;0;0;0;0;0;1;9.799881484;52.40757513
2;2017;6;9;5;2;5;3;1;1;0;0;0;0;1;9.726782768;52.37572116
2;2017;6;16;6;3;2;6;0;1;0;0;0;0;0;10.53693146;52.37275414
2;2017;6;16;5;2;5;2;1;1;0;0;0;0;0;9.750867131;52.36936789
2;2017;6;14;6;3;2;6;0;1;0;0;1;0;0;10.56726702;52.49633935
2;2017;6;7;5;3;5;2;0;0;0;1;1;0;1;9.188628377;52.32308172
2;2017;6;17;5;3;2;6;0;1;0;0;0;0;0;7.970020197;52.26845428
2;2017;6;16;5;2;2;6;0;1;0;1;0;0;0;8.136307427;52.24795623
2;2017;6;1;5;2;9;1;0;1;0;0;0;2;1;10.0496099;52.09247718
2;2017;6;15;5;3;0;1;1;0;0;0;0;0;0;7.876075969;52.44695432
2;2017;6;13;5;3;5;3;1;0;0;0;1;0;0;8.038448947;52.27630397
2;2017;6;12;5;3;2;6;0;1;0;0;0;0;0;8.034323959;52.24286591
2;2017;6;9;5;3;5;3;1;1;0;0;0;0;0;8.040266907;52.27299051
2;2017;6;20;5;3;5;2;1;0;0;0;1;0;0;7.625231069;53.23997413
2;2017;6;7;5;3;5;3;0;1;0;0;1;0;1;9.886567753;51.52744229
2;2017;6;9;5;3;5;3;0;1;0;0;0;0;0;10.65627995;52.29242222
2;2017;6;10;5;3;1;7;1;1;0;0;0;0;1;10.53379573;52.15622178
2;2017;6;16;5;3;5;3;0;1;0;0;0;0;0;10.51563828;52.17377992
2;2017;6;20;5;3;5;3;1;1;0;0;0;0;0;10.40147079;52.25862908
2;2017;6;11;5;3;2;6;0;1;0;0;1;0;0;7.840884577;53.28667726
2;2017;6;8;5;2;5;3;0;1;0;1;0;0;0;10.45022002;52.17753983
2;2017;6;11;5;2;5;2;1;1;0;0;0;0;1;10.32893131;52.16516121
2;2017;6;14;5;3;2;6;0;1;0;0;0;0;0;7.507765022;52.8729814
2;2017;6;16;5;3;3;6;0;1;0;0;0;0;0;10.66927636;52.47230462
2;2017;6;17;5;3;2;2;0;1;0;0;0;0;0;7.627419761;52.97484643
2;2017;6;14;4;3;5;2;1;1;0;0;0;0;1;8.035021675;52.27153702
2;2017;6;8;5;3;5;3;0;1;0;0;0;0;0;7.5252564;52.96549954
2;2017;6;15;4;3;4;2;1;1;0;0;0;0;1;8.05017305;52.26435789
2;2017;6;16;5;3;5;3;1;1;0;0;0;0;0;7.250990798;52.75409584
2;2017;6;14;5;3;5;3;1;1;0;0;0;0;0;7.556990033;52.69440083
2;2017;6;19;5;3;2;2;0;1;0;0;0;0;0;7.28370335;52.6823166
2;2017;6;16;5;3;2;6;0;1;0;0;0;0;0;7.386115591;52.50958407
2;2017;6;11;5;3;5;2;1;1;0;0;0;0;0;7.610267152;53.6435283
2;2017;6;20;5;2;8;1;1;0;0;0;0;0;0;7.233364801;53.57799766
2;2017;6;14;5;3;5;3;1;1;0;0;0;0;0;7.737321219;53.41566685
2;2017;6;21;5;3;8;1;0;1;0;1;0;0;0;7.79991636;52.97391214
2;2017;6;11;5;3;5;3;1;1;0;0;0;0;0;8.249843269;52.668151
2;2017;6;16;5;3;9;6;0;1;0;0;1;0;0;7.705261527;52.72786403
2;2017;6;7;5;3;4;6;0;1;0;0;1;0;0;8.827269833;53.19286147
2;2017;6;10;4;3;3;2;1;1;0;0;0;0;1;8.040929397;52.27207101
2;2017;6;11;5;3;6;2;0;1;1;0;0;0;0;8.782644651;53.23054212
2;2017;6;12;4;2;5;3;0;1;0;0;0;0;1;7.407592708;53.05672777
2;2017;6;7;5;3;2;6;0;1;0;1;0;0;0;9.046954381;53.00499176
2;2017;6;12;4;3;2;6;0;1;0;0;1;0;0;6.891627907;52.49843828
2;2017;6;12;5;3;4;2;0;1;0;0;1;0;0;9.174669972;52.97733681
2;2017;6;22;4;3;5;3;0;1;0;0;0;2;0;7.216797396;52.49274572
2;2017;6;16;5;3;2;6;0;1;0;0;0;0;0;9.237720857;52.95291922
2;2017;6;17;4;3;8;1;0;1;0;0;0;0;1;7.316412164;52.82661491
2;2017;6;19;5;3;5;3;0;1;0;0;0;0;0;8.002608234;53.52236636
2;2017;6;18;5;2;5;2;0;1;0;0;0;0;0;8.828313113;52.91607252
2;2017;6;13;4;3;5;3;0;1;0;0;0;0;1;7.268794414;52.6939071
2;2017;6;7;5;3;3;2;0;1;0;1;0;0;0;8.692732742;52.53162051
2;2017;6;9;5;3;5;2;1;1;0;0;0;0;0;9.409606827;53.11070143
2;2017;6;13;5;2;5;3;0;1;0;0;0;0;0;10.42971948;52.95774456
2;2017;6;15;4;2;2;6;0;1;0;0;1;0;1;7.385568099;53.48135909
2;2017;6;13;4;3;0;3;0;0;0;1;1;0;1;7.67911854;53.1024996
2;2017;6;7;5;2;5;3;0;1;0;0;0;0;0;10.58933913;52.89818135
2;2017;6;18;4;3;2;2;0;1;0;0;0;0;0;8.094529612;52.48150999
2;2017;6;8;5;3;2;6;0;1;0;0;0;0;0;10.41693477;53.17559073
2;2017;6;16;4;3;0;1;0;0;0;1;0;0;1;7.94653437;52.81729996
2;2017;6;13;4;3;8;1;0;1;0;0;0;0;1;8.044767608;53.60745902
2;2017;6;13;5;3;9;1;0;1;0;0;0;0;0;10.05689523;52.63560977
2;2017;6;7;4;3;2;2;0;1;0;0;0;0;1;8.035868132;53.61908797
2;2017;6;8;4;3;5;3;0;1;0;0;1;0;0;8.145301396;53.5285661
2;2017;6;8;5;3;3;6;0;1;0;0;1;0;0;9.664594299;52.3843243
2;2017;6;6;4;3;8;1;0;1;0;0;0;0;0;8.957406192;53.24853361
2;2017;6;11;5;3;5;3;1;1;0;0;0;0;0;9.832462067;52.28051206
2;2017;6;17;4;2;0;2;0;1;0;0;0;0;1;8.775807047;53.29795134
2;2017;6;22;5;3;5;3;1;1;0;0;0;2;0;9.733629521;52.38480649
2;2017;6;5;4;2;5;3;0;1;0;0;0;1;0;8.240194193;53.22152404
2;2017;6;5;5;3;6;6;1;0;1;0;0;1;0;9.736219289;52.3990801
2;2017;6;9;5;3;6;4;0;1;1;0;0;0;0;9.427614899;52.43095504
2;2017;6;12;5;3;3;6;0;1;0;0;1;0;0;9.617710357;52.53527424
2;2017;6;6;5;3;2;6;0;1;0;0;0;0;0;9.90801568;52.35709412
2;2017;6;16;5;3;2;6;0;1;0;0;1;0;0;9.71536406;52.44080112
2;2017;6;12;4;3;4;6;0;1;0;0;0;0;1;8.040616434;53.20352193
2;2017;6;18;5;3;0;3;1;1;0;0;0;0;0;9.853556177;52.56525309
2;2017;6;6;5;3;3;2;0;1;0;0;0;0;0;10.26003032;52.4784579
2;2017;6;13;4;3;5;2;1;0;0;0;1;0;1;8.220545098;53.14654204
2;2017;6;15;5;3;2;6;0;1;0;1;0;0;0;9.720987617;52.34137715
2;2017;6;14;5;2;5;3;0;1;0;0;1;0;0;9.805359172;52.40815328
2;2017;6;18;4;3;4;7;0;1;0;0;0;0;0;8.417874263;52.90267267
2;2017;6;8;5;3;4;6;1;0;0;0;0;0;0;9.734022788;52.38703614
2;2017;6;6;5;3;2;6;0;1;0;0;0;0;0;9.667839622;52.42789474
2;2017;6;20;5;3;2;2;0;1;0;1;1;0;0;9.442694702;52.64812312
2;2017;6;15;5;3;4;2;1;1;0;0;0;0;0;9.220507814;52.63846931
2;2017;6;14;5;3;5;3;1;1;0;0;0;0;0;10.10861904;52.10871157
2;2017;6;12;4;2;5;3;0;1;0;0;0;0;1;8.578548567;53.3708729
2;2017;6;15;4;2;4;1;0;1;0;0;0;0;1;8.754504222;53.73108462
2;2017;6;9;5;2;2;2;1;1;0;0;0;0;0;10.04270943;52.10252528
2;2017;6;15;4;3;4;1;0;1;0;0;0;0;1;9.748470869;53.49041521
2;2017;6;16;5;3;2;6;0;1;0;0;1;0;0;9.217052805;52.01717429
2;2017;6;17;4;3;2;6;0;1;0;0;0;0;1;10.00861869;53.40652727
2;2017;6;18;4;3;5;3;0;1;0;1;0;0;1;10.00048572;53.40589179
2;2017;6;8;5;3;5;3;0;1;0;0;0;0;0;9.304333572;52.06639397
2;2017;6;23;5;2;3;7;0;1;0;1;0;2;0;10.72738369;52.42477021
2;2017;6;1;4;2;9;1;0;1;0;0;0;2;0;9.525493125;53.4093256
2;2017;6;6;4;2;5;2;0;1;0;0;0;0;0;9.191687893;53.78977762
2;2017;6;9;5;3;0;3;0;1;0;0;0;0;0;10.77356452;52.35197316
2;2017;6;20;4;3;9;1;0;1;0;0;0;0;1;9.516270971;53.51797223
2;2017;6;21;5;3;5;3;0;1;0;1;0;1;0;10.52568037;52.16108967
2;2017;6;6;4;3;5;3;0;1;0;0;0;0;0;9.602124815;52.68509433
2;2017;6;16;5;3;4;2;0;1;0;0;1;0;0;10.24253916;52.08522422
2;2017;6;14;5;3;4;6;0;1;0;0;0;0;0;10.42350058;52.0954558
2;2017;6;13;5;3;3;6;1;1;0;0;0;0;0;10.48824948;52.80181361
2;2017;6;8;5;3;5;3;0;1;0;1;0;0;0;10.62080024;52.42154142
2;2017;5;18;4;3;3;6;0;1;0;0;1;0;0;8.089775632;52.25064407
2;2017;6;15;6;3;3;6;1;1;0;0;0;0;0;10.45460411;52.39530063
2;2017;6;14;5;3;2;6;0;1;0;0;0;0;0;8.025357146;52.12304414
2;2017;6;16;5;3;5;3;1;0;0;0;0;0;0;8.006561137;52.22159979
2;2017;6;21;5;3;2;6;0;1;0;0;0;1;0;8.037087931;52.36463782
2;2017;6;6;5;3;5;2;0;1;0;0;1;0;0;7.842002413;52.5925514
2;2017;6;16;5;3;2;6;0;1;0;0;0;0;0;8.034458967;52.30321994
2;2017;6;12;5;3;5;3;1;1;0;0;0;0;0;8.035162845;52.30092766
2;2017;6;9;5;3;5;3;0;1;0;0;0;0;0;8.061827632;52.24691812
2;2017;6;20;5;3;5;3;1;1;0;0;0;0;0;7.61410175;53.11309884
2;2017;6;18;5;2;5;2;1;1;0;0;0;0;0;7.06791583;52.44101706
2;2017;6;17;5;3;5;3;0;1;0;0;0;0;0;7.311170525;52.39959668
2;2017;6;20;5;3;2;6;0;1;0;0;0;0;0;7.254532093;53.55192775
2;2017;6;12;5;3;0;1;0;1;0;1;0;0;0;7.481963953;53.47243552
2;2017;6;14;5;3;2;2;0;1;0;0;1;0;0;9.004315159;53.01941864
2;2017;6;18;5;3;5;5;0;1;0;0;0;0;0;8.210645945;53.11172169
2;2017;6;19;5;2;3;6;0;1;0;0;1;0;1;8.798541888;53.00634189
2;2017;6;17;5;3;4;2;0;1;0;0;0;0;0;8.80934501;52.67082033
2;2017;6;15;5;3;4;2;0;1;0;0;0;0;0;8.80934501;52.67082033
2;2017;6;13;5;3;5;3;0;1;0;0;0;0;0;8.377772689;52.89893073
2;2017;6;18;5;3;0;1;0;0;0;1;0;0;1;8.633159291;53.05070777
2;2017;6;11;5;3;2;6;0;1;0;0;0;0;0;8.666901741;53.62134527
2;2017;6;15;5;3;2;7;0;1;0;0;0;0;0;8.733635985;53.84229685
2;2017;6;13;5;3;2;6;0;1;0;0;0;0;0;10.0313642;53.41872068
2;2017;6;6;5;3;2;6;0;1;0;0;0;0;0;10.02754704;53.40394928
2;2017;6;9;5;2;3;6;0;1;0;0;0;0;0;10.07847135;53.28777624
2;2017;6;15;5;2;5;3;0;1;0;0;0;0;0;9.925443117;53.29437103
2;2017;6;12;5;3;2;6;0;1;0;1;0;0;0;9.664755692;53.54998946
2;2017;6;17;5;1;3;6;0;0;0;1;1;0;0;9.570460739;53.54449822
2;2017;6;17;5;3;3;6;0;1;0;0;0;0;0;9.668869956;52.77847614
2;2017;6;14;5;2;9;7;0;1;0;0;0;0;0;10.73394522;52.94452637
2;2017;6;18;5;3;5;3;1;1;0;0;0;0;0;11.04363705;53.14790782
2;2017;6;13;5;2;9;1;0;0;0;1;0;0;0;10.95620176;53.26419045
2;2017;6;16;5;3;2;6;0;1;0;0;0;0;0;10.41222472;53.18530471
2;2017;6;16;5;3;9;1;1;0;0;0;0;0;0;10.41188535;53.18519429
2;2017;6;14;5;3;2;6;0;1;0;0;0;0;0;10.4272933;53.29734815
2;2017;6;16;5;3;3;6;1;1;0;0;0;0;0;10.09257527;52.62765885
2;2017;6;11;5;3;2;6;0;1;0;0;0;0;0;9.779778934;52.32755883
2;2017;6;15;5;3;5;3;1;0;0;0;1;0;0;9.64648319;52.39932733
2;2017;6;20;5;3;9;1;0;1;0;0;0;0;1;9.591219912;52.37388464
2;2017;6;15;5;3;5;2;0;1;0;0;1;0;0;9.629429395;52.54934841
2;2017;6;7;5;3;3;2;1;1;0;0;0;0;0;9.971487211;52.36921804
2;2017;6;23;5;3;0;1;1;0;0;0;0;2;1;9.835102766;52.36128605
2;2017;6;19;5;2;3;6;0;1;0;1;0;1;0;9.781359356;52.42507243
2;2017;6;11;5;3;2;6;0;1;0;0;1;0;0;9.13174673;52.20263571
2;2017;6;14;5;3;4;6;0;1;0;0;1;0;0;9.217002903;52.68737125
2;2017;6;19;5;2;9;1;0;0;0;1;0;0;0;10.10100631;52.18133146
2;2017;6;17;5;3;8;7;0;0;0;1;0;0;1;9.869646024;51.91771276
2;2017;6;15;5;3;5;3;0;1;0;0;0;0;0;9.919330125;52.1023118
2;2017;6;6;5;3;5;3;0;1;0;0;0;0;0;9.478392081;52.12731569
2;2017;6;7;5;3;4;2;0;1;0;0;0;0;0;9.270503447;52.16765374
2;2017;6;9;5;3;4;2;0;1;0;1;0;0;0;9.6504884;51.41146713
2;2017;6;19;5;3;8;1;0;0;0;1;0;1;0;10.30040383;51.54611838
2;2017;6;10;5;3;5;3;0;1;0;0;0;0;0;10.05422387;51.59312476
2;2017;6;20;5;3;5;2;0;1;0;0;0;0;1;9.888151361;51.55781396
2;2017;6;20;5;3;1;7;0;0;0;0;1;0;1;9.782676393;51.3959666
2;2017;6;17;5;2;4;2;1;0;0;0;0;0;0;9.938839761;51.50923401
2;2017;6;7;5;3;5;3;1;1;0;0;0;0;0;9.909290756;51.53391794
2;2017;6;6;5;3;2;6;0;1;0;0;0;0;0;9.951430553;51.51920495
2;2017;6;1;5;3;2;6;0;1;0;1;0;2;0;9.940039168;51.52385485
2;2017;6;6;5;3;2;7;0;1;0;0;0;0;0;10.73301308;52.16833625
2;2017;6;15;5;2;4;1;0;1;0;0;1;0;0;10.45927129;52.02162544
2;2017;6;14;5;3;4;6;1;0;0;0;1;0;0;10.30343812;51.8930664
2;2017;6;15;5;3;5;3;1;1;0;0;0;0;0;10.44144303;51.91275973
2;2017;6;21;5;3;5;2;1;1;0;0;0;2;1;10.71532703;52.72931262
2;2017;6;13;5;3;9;1;0;1;0;0;0;0;0;10.73837313;52.42383566
2;2017;6;5;5;3;2;6;0;0;0;0;1;0;0;10.15619185;52.36052494
2;2017;6;17;4;3;2;6;0;1;0;0;1;0;0;8.019528343;52.25158395
2;2017;6;10;4;3;4;6;0;1;0;0;0;0;0;8.48353764;52.16854676
2;2017;6;18;4;3;2;6;0;1;0;0;0;0;0;8.157981411;52.10134329
2;2017;6;7;4;3;5;2;0;1;0;1;0;0;0;8.034969533;52.14969219
2;2017;6;19;4;3;8;1;0;1;0;0;0;0;0;7.528146472;53.18620139
2;2017;6;15;4;3;1;5;0;1;0;0;1;0;0;6.840655383;52.60669179
2;2017;6;5;4;3;5;3;1;1;0;0;0;0;0;7.289289102;52.69375018
2;2017;6;21;4;2;5;3;0;1;0;0;0;0;0;7.604932888;52.57074059
2;2017;6;8;4;3;2;2;0;1;0;0;0;0;0;8.093312999;52.87408962
2;2017;6;10;4;3;2;2;0;0;0;1;0;0;0;9.034226258;53.12645786
2;2017;6;17;4;3;2;6;0;1;0;0;0;0;0;9.139727738;52.92841506
2;2017;6;12;4;3;2;6;0;1;0;1;0;0;0;9.267821575;52.93948593
2;2017;6;14;4;3;5;7;1;1;0;0;0;0;0;8.177753085;53.18942159
2;2017;6;11;4;3;5;3;0;1;0;0;0;0;0;8.173086842;53.18480405
2;2017;6;8;4;3;2;6;0;1;0;0;0;0;0;8.032335708;53.18090008
2;2017;6;21;4;3;5;2;0;1;0;0;0;0;0;8.823566571;52.98761505
2;2017;6;16;4;2;5;3;0;1;0;0;0;0;0;8.492608661;52.6052414
2;2017;6;20;4;3;4;2;0;1;0;1;0;0;0;9.05633753;53.77266882
2;2017;6;17;4;3;0;3;0;0;0;1;0;0;0;10.08325942;53.19159626
2;2017;6;15;4;3;5;3;1;1;0;0;0;0;0;9.876102652;53.30135499
2;2017;6;9;4;2;3;2;0;0;0;1;1;0;0;9.29548126;53.61280617
2;2017;6;20;4;3;9;1;0;0;0;1;0;0;0;9.441092083;53.62329303
2;2017;6;4;4;3;2;6;0;0;0;0;1;0;0;9.590875227;52.83779067
2;2017;6;11;4;3;2;6;0;0;0;0;1;0;0;9.687689961;52.69281994
2;2017;6;19;4;2;7;7;0;0;0;1;0;0;0;9.805981807;53.00487037
2;2017;6;11;4;3;8;1;0;1;0;0;0;0;0;9.794500057;52.95230116
2;2017;6;21;4;1;9;1;0;0;0;1;0;0;0;9.094368167;53.16044337
2;2017;6;22;4;3;8;7;0;1;0;0;0;2;0;9.126835255;53.40791943
2;2017;6;7;4;2;8;7;0;1;0;0;0;0;0;10.70313945;52.9794549
2;2017;6;18;4;3;0;3;1;1;0;0;0;0;0;10.47955923;52.95493816
2;2017;6;9;4;3;2;6;0;1;0;0;0;0;0;10.33023934;53.18729707
2;2017;6;18;4;3;4;2;1;1;0;0;0;0;0;9.729892108;52.38399009
2;2017;6;12;4;3;2;6;0;1;0;0;0;0;0;9.734032159;52.41260238
2;2017;6;14;4;3;2;6;0;1;0;0;0;0;0;9.707882917;52.40992485
2;2017;6;10;4;3;2;6;0;1;0;0;1;0;0;9.593855321;52.33371036
2;2017;6;16;4;3;2;6;0;1;0;0;0;0;0;9.956348648;52.3190384
2;2017;6;13;4;3;2;2;0;1;0;0;0;0;0;9.945259834;52.33345676
2;2017;6;7;4;3;0;7;1;1;0;0;0;0;0;9.752760183;52.45271406
2;2017;6;19;4;2;5;3;1;1;0;0;0;0;0;9.810899281;52.45839564