ULAND;UJAHR;UMONAT;USTUNDE;UWOCHENTAG;UKATEGORIE;UART;UTYP1;IstRad;IstPKW;IstFuss;IstKrad;IstSonstig;LICHT;STRZUSTAND;XGCSWGS84;YGCSWGS84
2;2017;6;17;4;3;2;6;0;1;0;0;0;0;0;9.786108283;52.37224951
2;2017;6;15;4;2;9;1;0;1;0;0;0;0;0;9.479428684;52.33471912
2;2017;6;15;4;3;3;3;0;1;0;0;1;0;0;9.807178524;52.33612492
2;2017;6;14;4;2;6;4;0;1;1;0;0;0;0;9.728501322;52.45411288
2;2017;6;10;4;3;2;6;0;1;0;0;0;0;0;9.65472836;52.42521074
2;2017;6;8;4;2;2;6;0;0;0;0;1;0;0;9.188979921;52.21690648
2;2017;6;8;4;3;2;6;0;1;0;0;1;0;0;9.599054489;52.42308034
2;2017;6;17;4;3;5;3;1;1;0;0;0;0;0;9.927829897;51.76167609
2;2017;6;17;4;3;6;2;0;1;1;0;0;0;0;9.933338335;51.62663622
2;2017;6;19;4;3;2;6;0;1;0;1;0;0;0;9.167319713;52.19841925
2;2017;6;19;4;3;9;6;0;1;0;0;0;0;0;10.14077671;52.07349489
2;2017;6;18;4;2;4;2;1;1;0;0;0;0;0;10.09593821;51.96659972
2;2017;6;5;4;3;0;7;0;0;0;1;0;0;0;9.530861625;52.1220588
2;2017;6;18;4;3;8;1;0;1;0;0;0;0;0;10.68882967;52.205675
2;2017;6;16;4;2;8;1;0;1;0;0;0;0;0;10.5424276;52.05285313
2;2017;6;17;4;3;4;2;0;1;0;0;0;0;0;10.31383611;52.03633929
2;2017;6;4;4;3;6;7;1;0;1;0;0;1;0;10.22246824;52.26888575
2;2017;6;19;4;3;8;1;0;1;0;0;0;0;0;10.09379293;52.26950643
2;2017;6;15;4;3;2;6;0;1;0;0;0;0;0;10.43943419;51.83333613
2;2017;6;10;4;3;2;6;0;1;0;0;0;0;0;10.55551065;51.91554484
2;2017;6;15;4;3;0;6;0;1;0;0;0;0;0;10.37748514;51.98438105
2;2017;6;5;4;3;7;7;0;0;0;1;0;0;0;10.77882705;52.52545645
2;2017;6;7;3;3;5;3;1;1;0;0;0;0;0;7.958204571;52.55646586
2;2017;6;22;3;3;8;6;0;1;0;0;0;2;0;7.391155849;53.07609223
2;2017;6;8;3;3;4;2;0;1;0;0;1;0;0;7.226307177;52.87750601
2;2017;6;15;3;3;2;2;0;1;0;0;1;0;0;7.346240058;52.52269281
2;2017;6;17;3;3;0;7;0;1;1;0;0;0;0;7.611253446;53.64311039
2;2017;6;10;3;2;8;1;0;1;0;0;0;0;0;7.535988523;53.42969475
2;2017;6;10;3;3;8;1;0;1;0;0;0;0;0;7.930197793;53.62105443
2;2017;6;16;3;2;5;3;1;1;0;0;0;0;0;8.085281717;53.57342712
2;2017;6;22;3;3;1;5;0;1;0;0;0;2;0;8.98401732;53.18121147
2;2017;6;9;3;3;0;1;1;0;0;0;0;0;0;8.908123525;53.14250418
2;2017;6;11;3;3;6;5;0;1;1;0;0;0;0;9.04833668;53.00459869
2;2017;6;17;3;3;4;2;0;1;0;0;0;0;0;9.246302163;52.92470285
2;2017;6;7;3;3;5;3;1;1;0;0;0;0;0;9.233589899;52.94819117
2;2017;6;8;3;3;2;6;0;1;0;0;0;0;0;8.193646991;53.15038269
2;2017;6;18;3;2;5;2;1;1;0;0;0;0;0;7.757572984;53.21980759
2;2017;6;16;3;3;5;3;1;1;0;0;0;0;0;7.975377747;53.12076269
2;2017;6;12;3;2;0;1;1;0;0;0;0;0;0;8.091814243;53.11563956
2;2017;6;14;3;3;5;2;1;1;0;0;0;0;0;8.210853101;53.14256261
2;2017;6;17;3;3;2;6;0;1;0;0;1;0;0;8.97126651;52.80451246
2;2017;6;21;3;3;5;3;1;1;0;0;0;0;0;8.567158153;52.56723086
2;2017;6;15;3;2;7;7;1;0;0;0;1;0;0;8.48303191;53.30412104
2;2017;6;23;3;3;9;1;0;1;0;0;0;2;0;8.610039611;53.47125737
2;2017;6;21;3;3;8;1;0;1;0;0;0;1;0;10.19482338;53.29380301
2;2017;6;14;3;3;5;3;1;1;0;0;0;0;0;9.714282421;53.27946379
2;2017;6;12;3;3;5;3;1;1;0;0;0;0;0;9.271021308;53.32191649
2;2017;6;19;3;1;8;1;0;0;0;1;0;0;0;10.31463281;52.58160745
2;2017;6;14;3;3;2;3;0;0;0;1;0;0;0;9.719158876;52.3473509
2;2017;6;17;3;3;6;6;0;1;1;0;0;0;0;9.786890566;52.31909832
2;2017;6;13;3;3;9;7;0;0;0;0;1;0;0;9.530436504;52.36444716
2;2017;6;13;3;3;4;6;0;1;0;0;0;0;0;9.45587226;52.48195584
2;2017;6;20;3;3;8;1;1;0;0;0;0;0;0;9.351961304;52.50063011
2;2017;6;16;3;3;2;2;0;1;0;0;0;0;0;9.605050233;52.45360856
2;2017;6;17;3;3;2;6;0;1;0;0;0;0;0;9.772931669;52.52045399
2;2017;6;17;3;3;5;3;0;1;0;0;0;0;0;10.01450126;52.38281641
2;2017;6;16;3;3;0;7;0;1;0;0;1;0;0;9.82833424;52.41632321
2;2017;6;8;3;3;2;6;0;1;0;0;1;0;0;9.884810247;52.39875614
2;2017;6;11;3;3;2;6;0;0;0;0;1;0;0;9.708812175;52.42965672
2;2017;6;8;3;3;6;4;0;1;1;0;0;0;0;9.740445284;52.36806064
2;2017;6;13;3;3;5;3;1;0;0;0;1;0;0;10.04124535;51.7590106
2;2017;6;20;3;3;2;6;0;1;0;0;1;0;0;9.555394303;52.1162284
2;2017;6;6;3;3;5;3;0;1;0;0;0;0;0;9.374661481;52.04751755
2;2017;6;12;3;3;5;2;1;1;0;0;0;0;0;9.926761934;51.5322523
2;2017;6;16;3;2;5;3;0;1;0;0;0;0;0;10.66046557;52.40126027
2;2017;6;14;3;2;4;2;0;1;0;0;0;0;0;10.34001631;52.1864552
2;2017;6;17;3;3;2;6;0;1;0;0;1;0;0;10.41285329;52.19554953
2;2017;6;11;3;1;2;6;0;0;0;0;1;0;0;10.15090231;52.36109144
2;2017;6;8;3;3;5;3;0;1;0;0;0;0;0;10.49224711;52.20954556
2;2017;6;11;3;2;5;2;1;1;0;0;0;0;0;10.33289413;51.65053399
2;2017;6;7;3;3;6;7;0;1;1;0;0;0;0;9.122156981;52.21000702
2;2017;6;20;3;3;5;3;0;1;0;0;0;0;0;9.84025004;52.25148945
2;2017;6;8;3;3;5;3;1;0;0;1;0;0;0;9.786383121;52.08661647
2;2017;6;11;3;3;5;3;1;1;0;0;0;0;0;9.970064702;52.13645482
2;2017;6;16;2;3;9;6;0;1;0;0;1;0;0;8.041835085;52.3865527
2;2017;6;6;3;2;4;7;0;1;0;0;0;0;0;9.614955729;51.95283033
2;2017;6;16;3;3;2;6;0;1;0;0;1;0;0;9.478510594;52.1986332
2;2017;6;9;3;2;8;1;0;1;0;0;0;0;0;9.971889697;51.39778617
2;2017;6;16;3;3;2;6;0;1;0;0;0;0;0;10.51826686;52.16164236
2;2017;6;17;3;3;2;6;0;1;0;0;0;0;0;10.31312796;52.20148154
2;2017;6;17;3;3;2;6;0;1;0;0;0;0;0;10.31323614;52.20140621
2;2017;6;17;2;3;5;3;1;1;0;0;0;0;0;7.949199957;52.25624277
2;2017;6;10;3;2;5;3;1;1;0;0;0;0;0;10.28201612;52.34062948
2;2017;6;16;3;3;5;2;0;1;0;0;0;0;0;10.60749363;52.73228433
2;2017;6;11;2;3;5;3;0;1;0;0;0;0;0;8.172261677;52.33233335
2;2017;6;10;2;3;4;2;0;1;0;0;0;0;0;8.152142787;52.2653381
2;2017;6;7;2;2;0;6;0;1;0;1;0;0;0;7.960369422;52.43239412
2;2017;6;8;2;3;5;3;1;1;0;0;0;0;0;7.49143081;53.29666578
2;2017;6;3;2;3;2;6;0;1;0;0;1;2;0;7.331891255;53.2140962
2;2017;6;5;2;2;3;6;0;1;0;1;0;0;0;7.352557466;53.10244914
2;2017;6;15;2;3;2;2;0;1;0;0;0;0;0;7.278020862;52.50374054
2;2017;6;16;2;3;5;3;1;0;0;0;1;0;0;6.853131413;52.6069588
2;2017;6;8;2;3;4;2;0;1;0;0;0;0;0;7.61342012;53.63299505
2;2017;6;15;2;2;8;1;0;0;0;0;1;0;1;7.454947292;53.49986856
2;2017;6;0;2;2;2;2;0;0;0;1;1;2;1;8.009267377;52.91316779
2;2017;6;14;2;3;4;2;0;1;0;0;0;0;0;7.747779371;53.17042221
2;2017;6;14;2;3;8;1;0;1;0;0;0;0;0;7.959114867;53.41969635
2;2017;6;11;2;2;9;1;0;1;0;0;0;0;0;8.056015166;53.57060811
2;2017;6;8;2;3;2;6;0;1;0;0;0;0;0;8.729186563;53.03445728
2;2017;6;12;2;3;4;6;0;0;0;0;1;0;0;8.7079197;52.5345161
2;2017;6;14;2;3;5;3;0;1;0;0;0;0;0;8.154087459;52.55982738
2;2017;6;6;2;3;5;3;0;1;0;0;1;0;0;8.676447845;53.35524106
2;2017;6;12;2;2;5;3;1;1;0;0;0;0;0;8.265758009;52.68068139
2;2017;6;16;2;3;5;3;0;1;0;0;1;0;0;9.057000729;53.77156057
2;2017;6;7;2;2;1;5;0;1;0;0;0;0;0;8.061190251;52.80926144
2;2017;6;10;2;2;5;3;0;1;0;0;0;0;0;7.995930836;52.81655352
2;2017;6;7;2;2;1;5;0;1;0;0;0;0;0;8.082111228;53.57288911
2;2017;6;15;2;3;4;2;0;1;0;1;0;0;0;8.821225789;53.19371357
2;2017;6;8;2;3;2;6;0;1;0;1;0;0;0;8.823668741;53.19344425
2;2017;6;16;2;3;4;2;0;1;0;0;0;0;0;9.160653123;52.91988192
2;2017;6;13;2;3;2;6;0;1;0;0;0;0;0;9.046993908;52.98278274
2;2017;6;5;2;3;3;6;0;1;0;1;0;1;0;10.01580344;53.40807655
2;2017;6;6;2;2;4;2;0;1;0;1;0;0;0;9.422765539;52.94896057
2;2017;6;20;2;3;5;3;1;0;0;0;0;0;0;9.273596215;52.90564015
2;2017;6;6;2;3;3;6;0;1;0;0;1;0;0;9.961427466;53.07701356
2;2017;6;16;2;3;2;6;0;1;0;0;0;0;0;8.187998649;53.15355362
2;2017;6;22;2;3;2;3;0;1;0;0;0;1;0;9.459521977;53.09245772
2;2017;6;17;2;2;5;3;1;1;0;0;0;0;0;8.206702275;53.10103762
2;2017;6;15;2;2;5;3;1;1;0;0;0;0;0;11.07477527;53.09661369
2;2017;6;15;2;3;5;2;0;1;0;1;0;0;0;10.05887851;52.65581654
2;2017;6;22;2;3;0;3;1;1;0;0;0;2;0;8.801865071;52.96050192
2;2017;6;21;2;3;5;2;0;1;0;0;0;0;0;9.714321613;52.36215076
2;2017;6;8;2;3;2;2;0;1;0;0;0;0;0;9.861541133;52.38200363
2;2017;6;14;2;3;9;7;0;1;0;0;0;0;0;8.301300992;53.25322492
2;2017;6;7;2;3;5;3;1;1;0;0;0;0;0;8.484760502;53.18693801
2;2017;6;7;2;3;5;2;1;1;0;0;0;0;0;9.793243567;52.41552822
2;2017;6;16;2;2;5;2;1;1;0;0;0;0;0;9.429986461;52.42616844
2;2017;6;14;2;3;0;7;1;0;0;0;0;0;0;8.27728303;52.99041242
2;2017;6;15;2;3;5;2;1;1;0;0;0;0;0;9.416859299;52.42781976
2;2017;6;19;2;3;2;6;0;1;0;0;1;0;0;9.562327395;52.44998279
2;2017;6;13;2;1;5;2;1;1;0;0;0;0;0;8.349589049;53.0218433
2;2017;6;13;2;3;5;3;1;1;0;0;0;0;0;9.963876798;52.31285774
2;2017;6;17;2;3;2;1;0;1;0;0;0;0;0;9.680608056;53.53252615
2;2017;6;8;2;3;2;6;0;1;0;0;0;0;0;9.911317972;52.35591578
2;2017;6;11;2;2;8;1;0;1;0;0;0;0;0;9.956553681;52.30167851
2;2017;6;12;2;2;8;1;0;0;0;1;0;0;0;9.596451664;52.85476155
2;2017;6;11;2;3;5;2;1;1;0;0;0;0;0;9.842174279;52.98674641
2;2017;6;7;2;3;5;3;1;1;0;0;0;0;0;10.50117868;53.2869413
2;2017;6;7;2;2;8;1;1;1;0;0;0;0;0;10.08964704;52.6279214
2;2017;6;7;2;3;2;6;0;1;0;0;0;0;0;10.10844848;52.63879771
2;2017;6;8;2;3;2;6;0;1;0;0;0;0;0;9.764569552;52.34304988
2;2017;6;15;2;3;4;6;0;1;0;0;1;0;0;9.297119416;52.496212
2;2017;6;9;2;3;1;5;1;1;0;0;0;0;0;9.878943177;52.50923531
2;2017;6;19;2;2;2;6;0;1;0;0;1;0;0;10.03210954;52.37909783
2;2017;6;17;2;3;5;3;1;1;0;0;0;0;0;9.712400399;52.40370206
2;2017;6;21;2;3;5;3;1;1;0;0;0;1;0;10.17325436;52.43285572
2;2017;6;12;2;3;0;7;0;1;0;0;1;0;0;9.811648039;52.30556536
2;2017;6;14;2;3;4;7;0;1;0;0;0;0;0;9.976834521;51.67628593
2;2017;6;12;2;3;5;3;1;1;0;0;0;0;0;9.652122801;52.41592036
2;2017;6;8;2;3;7;7;1;0;0;0;0;0;0;9.20637393;52.32004955
2;2017;6;11;2;2;0;5;1;1;0;0;0;0;0;9.731824591;52.43037412
2;2017;6;16;2;3;2;6;0;1;0;0;1;0;0;9.135221981;52.23832163
2;2017;6;9;2;2;2;6;0;0;0;0;1;0;0;9.850492459;52.41114205
2;2017;6;5;2;2;5;2;1;1;0;0;0;0;0;9.464946595;52.4079738
2;2017;6;13;2;3;4;6;0;1;0;0;0;0;0;10.12555257;52.22337666
2;2017;6;6;2;3;3;6;0;1;0;0;1;0;0;9.898230622;52.39752486
2;2017;6;14;2;3;6;4;0;1;1;0;0;0;0;9.192537043;52.32408216
2;2017;6;17;2;3;2;6;0;1;0;0;0;0;0;9.953518497;52.15660081
2;2017;6;0;2;3;9;7;0;1;0;0;0;2;1;9.956257473;52.15741261
2;2017;6;15;2;3;0;3;0;1;0;1;0;0;0;9.76552333;51.50241982
2;2017;6;14;2;2;4;7;0;1;0;0;0;0;0;10.53342508;52.18854683
2;2017;6;0;2;3;7;7;0;1;0;0;0;2;0;10.03206183;52.08517897
2;2017;6;16;2;2;4;6;0;1;0;0;0;0;0;10.43243005;52.2581198
2;2017;6;19;2;2;8;1;0;1;0;0;0;0;0;10.0944447;52.20514354
2;2017;6;20;2;2;8;1;0;1;0;0;0;0;0;10.79134096;52.58659862
2;2017;6;21;2;3;0;7;0;0;0;1;0;1;0;10.08133936;52.04724612
2;2017;6;18;2;3;2;7;0;1;0;0;0;0;0;9.96430818;52.13929616
2;2017;6;18;2;3;2;6;0;1;0;0;0;0;0;9.981880694;52.12218671
2;2017;6;7;2;3;2;6;0;1;0;0;0;0;0;10.00209979;52.16140615
2;2017;6;12;2;3;0;7;0;0;0;0;1;0;0;9.354914561;52.11052345
2;2017;6;8;2;3;5;2;0;0;0;1;1;0;0;10.43749998;52.33520864
2;2017;6;20;2;3;8;1;0;0;0;1;0;1;0;9.827864244;51.46237606
2;2017;6;7;2;3;2;6;0;1;0;1;0;0;0;10.58899585;52.43386698
2;2017;6;8;2;3;2;6;0;1;0;0;1;0;0;9.909474381;51.53401407
2;2017;6;18;1;3;0;1;1;0;0;0;0;0;1;8.200701065;52.1086865
2;2017;6;13;1;2;0;3;0;1;0;1;0;0;0;8.009570987;52.22813851
2;2017;6;15;2;2;5;3;1;1;0;0;0;0;0;10.67254797;52.36871829
2;2017;6;19;1;3;4;1;0;1;0;0;0;0;1;7.990383571;52.39220833
2;2017;6;19;1;3;2;6;0;1;0;0;0;0;1;8.047529317;52.29971376
2;2017;6;17;2;3;8;1;0;1;0;0;0;0;0;10.85440534;52.25208271
2;2017;6;19;1;3;9;1;0;1;0;0;0;0;1;8.049714641;52.27732628
2;2017;6;15;1;3;3;6;0;1;0;1;0;0;0;8.047277396;52.26755969
2;2017;6;15;2;3;2;6;0;1;0;0;0;0;0;11.03734805;52.23224166
2;2017;6;17;1;2;3;2;0;1;0;1;0;0;0;7.334424173;53.15028225
2;2017;6;15;2;2;8;1;0;1;0;0;0;0;0;10.28435674;52.2478486
2;2017;6;18;1;3;8;1;0;1;0;0;0;0;1;7.251582206;52.29288162
2;2017;6;4;1;2;9;1;0;1;0;0;0;1;0;6.780291109;52.51157479
2;2017;6;8;2;3;2;6;0;1;0;0;0;0;0;10.26557709;52.29738029
2;2017;6;18;2;3;2;6;0;1;0;0;0;0;0;10.22468939;52.32671463
2;2017;6;22;2;3;5;3;1;1;0;0;0;2;0;10.32810872;52.16056119
2;2017;6;9;1;2;8;7;0;1;0;0;0;0;0;8.14846928;52.18485171
2;2017;6;18;1;3;2;2;0;1;0;1;0;0;0;8.17458163;52.1769233
2;2017;6;5;1;3;9;7;0;1;0;0;0;0;0;8.021267334;52.34802734
2;2017;6;13;1;3;3;6;0;1;0;0;0;0;0;7.233459474;52.59986582
2;2017;6;0;1;3;5;2;0;1;0;0;0;2;0;8.035028207;52.27153768
2;2017;6;18;1;3;5;3;0;1;0;0;0;0;0;7.724770695;53.32319464
2;2017;6;6;1;3;8;1;0;1;0;0;0;1;0;7.5910263;53.11235496
2;2017;6;19;1;3;5;3;0;1;0;0;0;0;0;7.468253112;52.66233389
2;2017;6;17;1;3;5;2;1;1;0;0;0;0;0;7.314417999;52.5987647
2;2017;6;15;1;3;3;6;0;1;0;0;0;0;0;7.163033615;52.76574271
2;2017;6;14;1;3;2;2;0;1;0;0;0;0;0;7.235672342;52.62509916
2;2017;6;14;1;3;4;2;0;1;0;1;0;0;0;7.381091572;53.65352037
2;2017;6;16;1;3;5;3;1;0;0;0;1;0;0;7.502874436;52.37241814
2;2017;6;9;1;3;5;3;1;1;0;0;0;0;0;8.658780636;53.1832632
2;2017;6;17;1;3;5;3;1;1;0;0;0;0;0;7.610117256;53.6528537
2;2017;6;3;1;3;6;7;0;1;1;0;0;1;0;9.229007901;52.97761793
2;2017;6;11;1;2;5;3;1;1;0;0;0;0;0;7.185847481;53.6033195
2;2017;6;17;1;3;5;3;0;1;0;1;0;0;0;8.007517648;53.63836951
2;2017;6;19;1;2;5;3;1;1;0;0;0;0;1;9.033838826;53.06069872
2;2017;6;6;1;3;9;1;0;1;0;0;0;0;0;8.050130826;53.21700296
2;2017;6;15;1;2;4;6;1;0;0;0;0;0;0;8.643257559;53.04796255
2;2017;6;20;1;3;0;1;1;0;0;0;0;0;0;10.02074072;53.4180358
2;2017;6;5;1;3;9;1;0;1;0;0;0;1;0;9.947782356;53.21506703
2;2017;6;11;1;2;0;1;0;0;0;1;0;0;0;7.991199975;53.23279973
2;2017;6;17;1;2;4;6;0;1;0;0;0;1;1;8.749802304;52.80332713
2;2017;6;2;1;3;7;1;0;1;0;0;0;2;0;8.325787464;52.45310152
2;2017;6;15;1;2;3;6;0;1;0;0;1;0;0;8.543126685;52.95071293
2;2017;6;18;1;3;2;6;0;1;0;0;0;0;0;9.897796729;52.96194434
2;2017;6;6;1;3;9;7;0;1;0;0;0;0;0;8.303764093;53.08718587
2;2017;6;17;1;2;3;6;0;1;0;1;0;0;0;8.438464747;53.40508363
2;2017;6;17;1;3;5;3;1;1;0;0;0;0;0;8.633977589;53.06608172
2;2017;6;13;1;3;4;2;0;1;0;0;0;0;0;9.076119347;53.56917707
2;2017;6;20;1;3;8;7;0;1;0;0;0;0;0;8.738443997;53.83382597
2;2017;6;15;1;3;5;2;0;1;0;0;1;0;0;9.687156034;52.69306777
2;2017;6;14;1;2;3;6;1;0;0;0;0;0;0;9.086798873;53.81209042
2;2017;6;21;1;3;5;3;0;1;0;0;0;0;1;9.594862528;52.85898321
2;2017;6;6;1;3;8;1;0;1;0;0;0;0;0;9.478344849;52.83320117
2;2017;6;18;1;3;5;2;1;1;0;0;0;0;0;9.844425825;52.98831226
2;2017;6;19;1;3;2;6;0;1;0;0;0;0;0;9.878385925;52.94631508
2;2017;6;12;1;1;5;3;0;1;0;0;0;0;0;9.873499333;52.94968447
2;2017;6;4;1;3;8;6;0;1;0;0;1;1;0;9.718364998;53.36078136
2;2017;6;17;1;3;5;3;0;1;0;0;0;0;0;10.73251293;53.01477631
2;2017;6;16;1;1;8;7;0;1;0;0;0;0;0;10.52608681;53.09180865
2;2017;6;21;1;2;8;1;0;1;0;0;0;0;0;10.75920455;52.90521906
2;2017;6;11;1;3;2;6;0;1;0;0;0;0;0;9.740144215;52.36824724
2;2017;6;12;1;2;6;7;0;1;1;0;0;0;0;10.21554876;53.1274115
2;2017;6;13;1;3;9;7;0;1;1;0;0;0;0;9.422248723;52.33142096
2;2017;6;21;1;2;3;6;0;1;0;0;1;0;0;9.823433413;52.50686256
2;2017;6;18;1;3;4;6;0;1;0;0;1;0;0;9.924814036;52.59296308
2;2017;6;19;1;2;5;3;0;1;0;1;0;0;0;9.726761714;52.54457339
2;2017;6;11;1;3;9;7;0;1;0;0;0;0;0;10.26007923;51.72444489
2;2017;6;11;1;3;2;6;0;1;0;1;0;0;0;9.939972686;51.63886672
2;2017;6;19;1;2;8;1;0;0;0;1;0;0;0;9.210864438;51.99631379
2;2017;6;18;1;3;2;6;0;1;0;0;0;0;0;10.04817739;51.78827388
2;2017;6;12;1;3;5;3;1;1;0;0;0;0;0;10.99456119;52.24866857
2;2017;6;3;1;3;8;1;0;1;0;0;0;2;0;10.98199375;52.27681029
2;2017;6;23;1;3;8;6;0;1;0;0;1;2;0;10.28838877;52.13928514
2;2017;6;12;1;3;2;2;0;1;0;0;0;0;0;10.2669955;52.15603188
2;2017;6;9;1;3;5;7;1;1;0;0;0;0;0;10.09965355;52.82940937
2;2017;6;16;1;3;8;1;0;0;0;1;0;0;0;10.47525757;51.80696297
2;2017;6;11;1;3;8;7;0;0;0;1;0;0;0;10.65829938;51.68546141
2;2017;6;19;1;3;2;6;0;1;0;0;0;0;1;9.581148973;52.41787516
2;2017;6;1;1;1;6;6;0;1;1;0;0;2;0;10.50799858;52.75718724
2;2017;6;10;1;3;5;3;1;1;0;0;0;0;0;9.973743492;52.37261827
2;2017;6;18;1;3;2;6;0;1;0;0;0;0;0;9.848596784;52.42773095
2;2017;6;21;7;3;8;7;0;1;0;0;0;0;0;8.340549776;52.37286598
2;2017;6;21;1;3;5;3;1;1;0;0;0;1;0;9.733829621;52.38461117
2;2017;6;23;1;3;3;6;0;1;0;0;0;2;0;9.299419683;52.25316629
2;2017;6;13;1;2;8;1;0;0;0;1;0;0;0;9.567807398;52.19059019
2;2017;6;13;1;2;5;2;0;1;0;1;0;0;0;9.477318934;52.38730396
2;2017;6;21;1;3;8;7;0;0;0;1;0;1;1;9.987111463;51.83968356
2;2017;6;9;1;3;9;1;0;1;0;0;0;0;0;9.949406969;51.67386517
2;2017;6;17;1;3;8;1;0;1;0;0;0;0;1;9.126298613;52.62509057
2;2017;6;19;7;3;5;2;0;1;0;0;0;0;0;7.699321237;53.01961564
2;2017;6;16;1;3;8;1;0;0;0;1;0;0;0;9.094128522;52.79816732
2;2017;6;17;7;3;2;2;0;1;0;0;0;0;0;7.149453203;52.33913856
2;2017;6;20;1;3;9;1;0;1;0;0;0;1;1;10.0566509;51.95323076
2;2017;6;19;7;2;8;1;0;1;0;0;0;0;0;7.916336369;53.06127466
2;2017;6;8;7;2;4;7;0;1;0;0;1;0;0;7.804167094;53.01149933
2;2017;6;16;7;3;2;6;0;1;0;0;0;0;0;8.048084965;53.21850169
2;2017;6;23;7;3;8;1;0;1;0;0;0;2;0;8.193641995;53.11405128
2;2017;6;15;1;3;2;6;0;1;0;0;0;0;0;10.0347857;51.78151433
2;2017;6;22;7;2;8;7;0;1;0;0;0;2;0;8.571490688;52.54107678
2;2017;6;12;7;3;2;6;0;0;0;1;1;0;0;8.709531358;53.0062955
2;2017;6;18;1;3;5;3;0;1;0;1;0;0;0;10.56300883;52.12100706
2;2017;6;17;7;3;9;7;0;1;0;0;0;0;0;8.572436973;52.95787883
2;2017;6;10;1;3;2;6;1;1;0;0;0;0;0;10.79446414;52.14274835
2;2017;6;12;7;3;2;6;0;1;0;0;0;0;0;8.652218115;52.99119916
2;2017;6;0;1;3;1;7;0;1;0;0;0;2;0;10.40055736;52.0499432
2;2017;6;10;1;3;2;2;0;1;0;0;0;0;0;10.40150957;52.25861843
2;2017;6;13;7;3;9;7;0;1;0;0;0;0;0;8.620764764;53.8400456
2;2017;6;0;1;3;9;1;0;1;0;0;0;2;0;10.27213388;52.18642823
2;2017;6;12;1;2;5;2;0;1;0;0;0;0;0;10.53486755;51.8988883
2;2017;6;15;1;3;2;2;0;1;0;0;0;0;0;10.47218658;52.26778511
2;2017;6;17;7;3;8;1;0;0;0;1;0;0;0;8.194488983;52.22711643
2;2017;6;12;7;3;5;3;0;1;0;0;1;0;0;10.01997001;53.25753024
2;2017;6;18;7;2;4;1;0;0;0;1;0;0;0;9.741415815;53.2489364
2;2017;6;17;7;2;0;7;1;0;0;0;0;0;0;9.553104444;53.54523122
2;2017;6;20;7;1;4;2;0;1;0;1;0;0;0;9.593921268;52.83237586
2;2017;6;1;7;3;8;1;0;0;0;1;0;2;0;9.911149567;52.99343007
2;2017;6;1;7;3;9;1;0;1;0;0;0;2;0;7.973610969;52.34586861
2;2017;6;17;7;3;8;1;0;0;0;1;0;0;0;9.290661612;53.29427036
2;2017;6;18;7;2;5;7;0;1;0;0;0;0;0;9.020740995;53.46582121
2;2017;6;17;7;3;5;2;0;1;0;0;0;0;0;7.983283304;52.29466151
2;2017;6;14;7;2;3;1;0;1;0;0;0;0;0;9.201132382;53.11078926
2;2017;6;14;7;3;5;3;0;1;0;0;0;0;0;9.412170973;53.11290097
2;2017;6;16;7;3;2;6;0;1;0;0;0;0;0;8.012278314;52.29558372
2;2017;6;22;7;3;7;7;0;0;0;1;0;1;0;10.14513495;53.17125128
2;2017;6;9;7;3;5;3;1;1;0;0;0;0;0;9.970365843;52.31500054
2;2017;6;11;7;2;5;3;1;1;0;0;0;0;0;7.554731412;52.47450392
2;2017;6;10;7;3;9;7;0;1;0;0;0;0;0;10.27046076;51.72747434
2;2017;6;17;7;2;8;1;0;1;0;0;0;0;0;8.182685471;52.6598264
2;2017;6;12;7;1;8;1;0;0;0;1;0;0;0;9.338852798;52.29404916
2;2017;6;17;7;2;5;2;0;1;0;1;0;0;0;7.969548906;52.87308942
2;2017;6;2;7;3;5;3;0;1;0;0;0;2;0;7.948666937;52.71688148
2;2017;6;12;7;3;2;6;0;1;0;0;0;0;0;9.8471467;52.26274616
2;2017;6;12;7;3;8;1;0;0;0;0;1;0;0;7.949367801;53.51953884
2;2017;6;20;7;3;2;6;0;1;0;0;0;0;0;8.20310896;53.2593839
2;2017;6;11;7;3;2;6;0;1;0;1;0;0;0;7.983350132;53.12587754
2;2017;6;2;7;2;9;1;0;1;0;0;0;2;1;8.042406687;53.10446682
2;2017;6;16;7;3;4;2;1;1;0;0;0;0;0;8.192874544;53.14348963
2;2017;6;13;7;3;5;3;0;1;0;0;0;0;0;8.360655847;53.51292672
2;2017;6;10;7;3;0;7;0;1;0;0;1;0;0;8.480827642;53.2895946
2;2017;6;14;7;2;9;1;0;1;0;0;0;0;0;9.716180789;51.89029963
2;2017;6;16;7;3;5;3;1;1;0;0;0;0;0;8.417155252;52.88660475
2;2017;6;15;7;3;5;3;0;1;0;0;1;0;0;9.886385043;51.52778788
2;2017;6;19;7;2;8;1;0;1;0;0;0;0;0;8.539051945;53.66661981
2;2017;6;16;7;3;4;2;0;1;0;0;0;0;0;10.53934275;52.03115265
2;2017;6;11;7;3;5;3;0;1;0;0;0;0;0;10.25852349;52.38607758
2;2017;6;9;7;3;5;3;0;1;0;0;1;0;0;9.654959834;53.2721778
2;2017;6;16;7;2;2;7;0;1;0;0;1;0;0;10.35163131;52.15296798