ULAND;UJAHR;UMONAT;USTUNDE;UWOCHENTAG;UKATEGORIE;UART;UTYP1;IstRad;IstPKW;IstFuss;IstKrad;IstSonstig;LICHT;STRZUSTAND;XGCSWGS84;YGCSWGS84
2;2017;6;10;7;2;8;1;0;0;0;1;0;0;0;10.19140942;51.83838804
2;2017;6;10;7;3;4;2;0;1;0;0;0;0;0;9.997744363;53.0834486
2;2017;6;15;7;3;2;6;0;1;0;0;0;0;0;10.53166124;52.41437304
2;2017;6;7;6;3;5;2;1;1;0;0;0;0;0;7.963528419;52.23678144
2;2017;6;14;6;2;9;7;0;1;0;1;0;0;0;8.038276607;52.27751976
2;2017;6;15;6;3;5;3;1;1;0;0;0;0;0;7.385352564;53.27466281
2;2017;6;13;7;3;5;3;0;1;0;0;0;0;0;9.999172457;53.01699051
2;2017;6;14;6;2;5;3;0;1;0;0;0;0;0;7.333930017;53.16921233
2;2017;6;14;6;3;2;6;0;1;0;1;0;0;0;7.485053437;53.23617189
2;2017;6;9;7;3;0;6;1;0;0;1;0;0;0;9.661925095;53.06633781
2;2017;6;8;6;2;5;3;0;1;0;0;0;0;0;7.145073015;52.51034756
2;2017;6;16;7;3;2;2;0;1;0;1;0;0;0;9.124740961;53.23424289
2;2017;6;7;6;2;5;3;1;1;0;0;0;0;0;8.257060734;52.66515409
2;2017;6;12;7;3;2;6;0;1;0;0;0;0;0;10.42146713;52.91177863
2;2017;6;18;7;3;1;5;0;1;0;0;0;0;0;10.40876256;53.18020261
2;2017;6;21;6;3;7;7;0;1;0;0;0;0;0;8.100264043;52.68133396
2;2017;6;13;7;2;4;6;0;1;0;1;0;0;0;10.37480131;53.26428694
2;2017;6;22;7;2;7;7;0;0;0;1;0;2;0;10.26440504;52.64737533
2;2017;6;15;7;3;5;2;1;1;0;0;0;0;0;9.422173818;52.42936713
2;2017;6;15;7;3;0;7;1;0;0;0;0;0;0;9.417808821;52.57667376
2;2017;6;3;7;3;9;1;0;1;0;0;0;2;0;9.541678825;52.33991386
2;2017;6;18;6;2;6;4;0;1;1;0;0;0;0;7.97339995;53.41699922
2;2017;6;10;6;2;2;6;0;1;0;0;0;0;0;8.057459012;53.38496109
2;2017;6;14;6;3;2;2;0;1;0;0;0;0;0;9.21473372;52.83608006
2;2017;6;10;6;3;0;5;1;1;0;0;0;0;0;9.231888676;52.91578926
2;2017;6;15;6;2;5;3;1;1;0;0;0;0;0;8.148471998;53.20567814
2;2017;6;18;7;3;2;6;0;1;0;0;0;0;0;9.960170983;52.31722926
2;2017;6;13;6;3;9;1;0;1;0;0;0;0;0;7.900135523;53.1260863
2;2017;6;16;6;3;5;3;0;1;0;0;0;0;0;8.699326025;53.00517602
2;2017;6;20;7;2;5;3;1;1;0;0;0;0;0;9.805898779;52.48210842
2;2017;6;6;6;3;5;3;1;1;0;0;0;0;0;8.607651727;53.15075298
2;2017;6;18;7;2;8;1;0;0;0;1;0;0;0;9.655221826;52.35004636
2;2017;6;20;6;3;5;3;1;1;0;0;0;0;0;8.631312536;53.05758163
2;2017;6;13;7;3;2;7;0;1;0;0;1;0;0;9.456134121;52.37539228
2;2017;6;12;6;3;2;6;0;1;0;0;0;0;0;8.574676926;53.43600779
2;2017;6;7;7;3;2;6;0;1;0;1;0;0;0;9.782034425;52.42474321
2;2017;6;3;7;3;3;6;0;1;0;0;1;2;0;9.492621782;52.3996504
2;2017;6;12;7;3;5;3;0;1;0;1;0;0;0;9.090137295;52.19678244
2;2017;6;11;7;2;4;2;0;1;0;0;0;0;0;9.391004457;52.2502538
2;2017;6;7;7;3;5;2;0;1;0;0;0;0;0;9.367623742;52.32690115
2;2017;6;10;7;3;5;3;0;1;0;0;0;0;0;9.743502896;52.08108509
2;2017;6;7;7;3;8;7;0;1;0;0;0;0;0;10.16341969;51.9982675
2;2017;6;15;7;3;8;1;0;0;0;1;0;0;0;9.918229641;51.99750464
2;2017;6;13;7;2;8;7;0;1;0;0;0;0;0;9.917517763;52.26001796
2;2017;6;15;7;3;8;1;0;1;0;0;0;0;0;10.17230076;52.32470202
2;2017;6;16;7;2;8;1;0;0;0;1;0;0;0;10.40288183;51.87842072
2;2017;6;20;6;2;4;2;0;1;0;1;0;0;0;8.696647668;53.86325816
2;2017;6;10;7;2;6;4;0;1;1;0;0;0;0;10.4332976;51.95560859
2;2017;6;16;6;3;8;1;0;1;0;0;0;0;0;8.593420285;53.7567549
2;2017;6;22;7;2;5;3;0;1;0;0;0;2;0;10.36317268;52.47992565
2;2017;6;21;6;3;9;1;0;1;0;0;0;1;0;10.21630841;53.33712076
2;2017;6;17;7;2;4;1;0;1;0;0;0;0;0;10.48645955;52.43300662
2;2017;6;15;6;3;0;7;1;1;0;0;0;0;0;9.924755079;53.40331937
2;2017;6;12;6;3;3;6;0;1;0;0;1;0;0;8.200497685;52.33496178
2;2017;6;16;6;3;8;1;0;1;0;0;0;0;0;9.884064765;53.40566851
2;2017;6;7;6;2;4;6;0;1;0;0;0;0;0;8.411581339;52.30609254
2;2017;6;15;6;3;0;3;0;1;0;1;0;0;1;7.97063958;52.40365002
2;2017;6;11;6;3;5;3;1;1;0;0;0;0;1;9.610559903;53.41314742
2;2017;6;18;6;2;4;2;0;1;0;0;1;0;0;7.838602189;52.54007645
2;2017;6;19;6;3;6;4;0;1;1;0;0;0;0;7.47588857;53.13782271
2;2017;6;19;6;3;8;1;0;1;0;0;0;0;0;7.513141552;52.86580222
2;2017;6;23;6;3;6;4;0;1;1;0;0;2;0;9.468535055;53.58397344
2;2017;6;11;6;2;2;6;0;1;0;0;0;0;0;9.734486553;52.61442041
2;2017;6;17;6;3;5;3;0;1;0;0;0;0;0;7.004516267;52.53397313
2;2017;6;17;6;3;5;2;0;1;0;0;0;0;1;9.843465995;52.98679822
2;2017;6;13;6;3;9;1;0;1;0;0;0;0;1;7.350435201;52.5968057
2;2017;6;13;6;3;5;2;0;1;0;0;0;0;1;9.248210063;53.10262745
2;2017;6;11;6;3;5;3;1;1;0;0;0;0;0;10.5905415;53.0792919
2;2017;6;15;6;3;8;1;0;1;0;0;0;0;1;7.16874229;52.69854205
2;2017;6;5;6;2;5;3;1;1;0;0;0;0;1;10.57391003;52.96111243
2;2017;6;13;6;3;2;6;0;1;0;0;0;0;0;10.36866239;53.28885164
2;2017;6;15;6;3;2;2;0;1;0;0;0;0;0;7.542623951;52.53635166
2;2017;6;16;6;3;2;6;0;1;0;0;1;0;0;10.42681398;53.29549828
2;2017;6;14;6;2;2;6;0;1;0;0;0;0;1;7.187188147;52.81017413
2;2017;6;13;6;3;9;1;0;1;0;0;0;0;0;10.24628632;52.74369759
2;2017;6;8;6;3;5;3;0;1;0;0;0;0;0;7.568529261;52.40159948
2;2017;6;8;6;3;5;3;1;0;0;0;0;0;0;9.847949688;52.36003339
2;2017;6;3;6;3;7;7;0;1;0;0;0;2;0;7.660453527;53.55139421
2;2017;6;14;6;2;4;6;0;1;0;0;0;0;1;7.187310535;53.41377679
2;2017;6;22;6;2;0;7;1;0;0;0;0;1;1;7.473028629;53.46823429
2;2017;6;13;6;3;2;6;0;1;0;0;0;0;1;7.497489899;53.45683823
2;2017;6;10;6;3;4;6;1;0;0;0;0;0;1;7.386569566;53.47892882
2;2017;6;21;6;3;5;3;0;1;0;0;0;0;0;9.763887725;52.55138302
2;2017;6;14;6;3;2;6;0;1;0;0;0;0;1;8.198531028;52.59163324
2;2017;6;12;6;2;1;7;0;1;0;0;0;0;0;8.015224181;52.83180212
2;2017;6;15;6;3;2;6;0;1;0;0;0;0;0;9.97038686;52.38842252
2;2017;6;13;6;2;2;6;0;1;0;0;1;0;1;8.270924067;53.16592098
2;2017;6;13;6;3;9;1;0;1;0;0;0;0;1;8.20310896;53.2593839
2;2017;6;15;6;3;5;2;0;1;0;0;0;0;0;9.734129137;52.43851869
2;2017;6;16;6;3;2;6;0;1;0;0;0;0;1;8.832179889;52.98427003
2;2017;6;8;6;3;5;2;0;1;0;0;0;0;0;8.943255175;52.82103061
2;2017;6;14;6;3;2;6;0;1;0;0;0;0;1;8.823757187;52.94598745
2;2017;6;17;6;3;5;3;0;1;0;0;1;0;1;8.876878418;52.68409794
2;2017;6;19;6;3;5;2;0;1;0;0;0;0;0;8.511310707;52.61163254
2;2017;6;16;6;3;0;1;1;0;0;0;0;0;0;9.734284415;52.38723416
2;2017;6;15;6;2;2;6;0;1;0;0;0;0;0;9.63983423;52.42250605
2;2017;6;4;6;3;9;7;0;1;0;0;0;0;0;8.207893996;53.00339481
2;2017;6;13;6;3;2;6;0;1;0;0;0;0;0;10.00976229;51.70687048
2;2017;6;15;6;3;9;1;0;1;0;0;0;0;1;8.288150742;53.39370407
2;2017;6;10;6;3;1;5;0;1;0;0;0;0;0;9.067881586;52.5370991
2;2017;6;14;6;3;2;6;0;1;0;0;0;0;1;10.89103264;52.24919074
2;2017;6;14;6;1;4;6;0;1;0;0;1;0;1;8.304895455;53.2569834
2;2017;6;8;6;3;1;5;0;1;0;0;0;0;0;10.19655157;53.36605408
2;2017;6;14;6;3;0;1;1;0;0;0;0;0;0;11.00697273;52.21509674
2;2017;6;17;6;3;2;2;0;1;0;0;0;0;0;10.20403577;52.30376998
2;2017;6;18;6;3;5;3;0;1;0;0;0;0;1;9.609883899;53.56899972
2;2017;6;9;6;3;5;3;0;1;0;0;0;0;0;10.41183753;52.19994206
2;2017;6;8;6;3;2;6;0;1;0;0;0;0;0;9.66700993;53.46393754
2;2017;6;8;6;3;8;1;0;0;0;0;1;0;0;10.3767147;51.97734213
2;2017;6;18;6;3;2;6;0;1;0;0;0;0;1;9.676124844;52.79922838
2;2017;6;12;6;3;5;3;0;1;0;1;0;0;0;9.052226033;53.52715644
2;2017;6;19;6;3;9;1;0;1;0;0;0;0;1;9.380377347;53.19789892
2;2017;6;19;6;3;5;3;0;1;0;0;0;0;1;10.41885179;53.02856953
2;2017;6;7;2;2;8;7;0;1;0;0;0;0;1;7.332294835;52.59767326
2;2017;6;17;2;2;4;6;0;1;0;0;1;0;0;7.667830467;53.62035919
2;2017;6;19;2;2;6;4;0;1;1;0;0;0;0;7.838844198;53.45349439
2;2017;6;17;2;3;3;6;1;1;0;0;0;0;0;7.734848256;53.41125742
2;2017;6;6;2;2;8;1;0;1;0;0;0;0;1;8.184268143;52.52166912
2;2017;6;16;2;3;4;7;0;1;0;0;0;0;0;8.106218785;52.85792699
2;2017;6;16;2;3;5;3;1;1;0;0;0;0;0;8.607668712;53.19830229
2;2017;6;16;2;3;2;6;0;1;0;1;0;0;0;8.593694468;53.22398918
2;2017;6;18;2;3;3;2;0;0;0;0;1;0;0;8.973697382;53.05865748
2;2017;6;13;2;2;5;3;1;0;0;0;1;0;0;9.013167629;53.01731445
2;2017;6;17;2;3;4;2;0;1;0;0;0;0;0;9.101870844;52.93972171
2;2017;6;11;2;2;8;1;0;1;0;0;0;0;0;8.214485467;53.14344417
2;2017;6;6;2;3;2;6;1;0;0;0;0;0;0;8.214745547;53.14655425
2;2017;6;23;2;2;8;1;0;0;0;1;0;2;0;9.028364111;52.77766194
2;2017;6;0;2;3;9;1;0;0;0;1;1;2;0;8.493232451;52.60414371
2;2017;6;14;2;3;9;1;0;1;0;0;0;0;0;8.423104154;52.84135858
2;2017;6;16;2;3;4;2;0;1;0;0;0;0;0;8.628206533;53.49576623
2;2017;6;6;2;3;5;3;0;1;0;0;1;0;0;9.800403516;53.46432031
2;2017;6;22;2;3;9;1;0;1;0;0;0;2;0;9.904618551;53.40184656
2;2017;6;11;2;3;2;6;0;1;0;0;0;0;0;10.01608762;53.38725819
2;2017;6;5;2;3;2;1;0;0;0;0;1;0;1;10.0298756;53.42344326
2;2017;6;12;2;2;8;1;0;1;0;0;0;0;0;9.642536483;53.48440624
2;2017;6;9;2;2;5;2;1;1;0;0;0;0;0;9.638860911;52.90681067
2;2017;6;8;2;3;1;7;1;1;0;0;0;0;0;9.590491627;52.86228905
2;2017;6;16;2;3;8;6;0;1;0;0;0;0;0;9.378914932;53.3387854
2;2017;6;17;2;3;1;6;0;1;0;0;0;0;0;9.146650534;53.48698076
2;2017;6;13;2;3;5;3;0;1;0;0;0;0;0;9.227253469;53.11285655
2;2017;6;16;2;3;2;6;0;1;0;0;0;0;0;10.10880208;52.6359086
2;2017;6;17;2;3;1;5;1;1;0;0;0;0;0;9.715540898;52.36673232
2;2017;6;13;2;3;3;7;0;1;0;0;0;0;0;9.790278162;52.55943616
2;2017;6;12;2;3;2;6;0;1;0;0;1;0;0;9.839648747;52.41760716
2;2017;6;12;2;3;2;6;0;1;0;0;0;0;0;9.969793059;52.38998885
2;2017;6;7;2;3;9;1;0;1;0;0;0;0;1;9.582660021;52.35342387
2;2017;6;9;2;3;5;3;1;0;0;1;0;0;0;9.799437382;52.40944017
2;2017;6;8;2;1;8;1;0;0;0;1;0;0;1;9.822839662;52.30882561
2;2017;6;9;2;3;8;1;0;1;0;0;0;0;1;9.613451085;51.63691342
2;2017;6;13;2;1;5;3;0;1;0;0;0;0;0;10.06680775;51.78958558
2;2017;6;17;2;3;3;6;0;1;0;0;0;0;0;9.126275535;52.20674635
2;2017;6;17;2;3;5;3;0;1;0;0;0;0;0;9.083965289;52.28674349
2;2017;6;12;2;3;8;1;0;1;0;0;0;0;0;9.063837219;52.27489451
2;2017;6;17;2;3;2;6;0;1;0;0;0;0;0;9.447652385;52.03431943
2;2017;6;7;2;3;2;2;0;1;0;0;1;0;0;9.642734751;51.43002205
2;2017;6;12;2;3;8;1;0;1;0;0;0;0;1;10.30414175;51.55230096
2;2017;6;9;2;3;8;1;0;1;0;0;0;0;1;9.769359322;51.56329931
2;2017;6;19;2;2;5;2;0;0;0;1;1;0;0;10.39634904;52.35948508
2;2017;6;16;2;3;0;7;0;1;0;0;0;0;0;10.38239211;52.1782034
2;2017;6;7;2;3;9;1;0;1;0;0;0;0;1;10.52562264;51.76524983
2;2017;6;21;2;2;0;6;1;0;0;1;0;0;0;10.51280522;52.55594739
2;2017;6;18;2;3;2;6;0;1;0;0;0;0;0;10.53180689;52.38715069
2;2017;6;11;1;3;2;2;0;1;0;0;0;0;0;7.390962661;53.42635485
2;2017;6;7;1;3;8;7;0;1;0;0;0;0;1;7.759392436;52.98438178
2;2017;6;23;1;3;8;7;0;1;0;0;0;2;1;8.023006083;52.89136083
2;2017;6;13;1;3;8;1;0;1;0;0;0;0;1;9.160035686;52.96674075
2;2017;6;19;1;3;5;2;0;1;0;0;0;0;0;7.805669354;53.21812235
2;2017;6;13;1;2;5;2;0;0;0;1;1;0;0;7.897440105;53.22467929
2;2017;6;15;1;1;8;1;0;0;0;1;0;0;0;9.111802776;53.55728509
2;2017;6;11;1;3;8;1;0;1;0;0;0;0;1;9.939308278;53.36375378
2;2017;6;15;1;3;2;6;0;1;0;0;0;0;0;9.932092981;53.01401103
2;2017;6;10;1;3;2;6;0;1;0;0;1;0;1;9.666773082;52.77051344
2;2017;6;15;1;3;9;6;0;1;0;0;0;0;1;9.98154056;52.87292663
2;2017;6;14;1;3;0;1;1;0;0;0;0;0;0;9.247745641;53.31088235
2;2017;6;12;1;2;8;1;0;0;0;1;0;0;1;9.409848745;53.1101398
2;2017;6;14;1;3;2;6;0;1;0;0;0;0;0;10.59057031;53.0805206
2;2017;6;15;1;2;4;6;0;1;0;0;0;0;1;10.4868114;52.83239151
2;2017;6;23;1;3;8;1;0;1;0;0;0;2;0;10.33313981;53.18256214
2;2017;6;17;1;3;5;3;0;1;0;0;1;0;1;9.715801769;52.24378286
2;2017;6;17;1;3;2;6;0;1;0;0;0;0;1;9.761807742;52.2607914
2;2017;6;22;1;3;5;3;0;1;0;1;0;2;1;9.58891147;52.3956566
2;2017;6;18;1;3;0;6;0;1;0;0;1;0;1;9.768444427;52.33845196
2;2017;6;12;1;3;3;7;0;1;0;0;0;0;1;9.730215378;52.37110589
2;2017;6;13;1;3;9;1;0;1;0;0;0;0;1;9.813320815;52.32239875
2;2017;6;11;1;2;8;6;0;0;0;1;0;0;0;9.74629341;52.18845021
2;2017;6;6;1;3;5;3;1;1;0;0;0;0;0;9.732545713;52.38341609
2;2017;6;8;1;2;8;1;0;0;0;1;0;0;1;10.23499599;51.82068336
2;2017;6;12;1;3;0;1;0;0;0;1;0;0;1;10.51242463;51.65124685
2;2017;6;12;1;3;2;6;0;0;0;1;0;0;0;9.530703565;51.98248067
2;2017;6;13;1;3;9;1;0;0;0;1;0;0;1;10.30256137;51.54903163
2;2017;6;19;1;3;2;7;0;1;0;1;0;0;0;9.951148162;51.52018722
2;2017;6;3;1;3;9;1;0;1;0;0;0;2;0;10.01592103;51.60106303
2;2017;6;12;1;3;4;6;1;0;0;0;0;0;0;10.54041617;52.16504732
2;2017;6;11;1;3;2;6;0;1;0;0;0;0;1;10.53459502;52.37930174
2;2017;6;14;1;3;9;1;0;1;0;0;0;0;1;10.47957998;52.29793822
2;2017;6;9;7;2;9;1;0;0;0;1;0;0;0;7.935636507;52.05961802
2;2017;7;19;1;3;5;3;0;1;0;0;0;0;0;9.765224736;51.39872686
2;2017;6;20;7;3;9;1;0;1;0;0;0;0;1;7.973610969;52.34586861
2;2017;7;15;1;3;2;6;0;1;0;0;0;0;0;9.926286277;51.67915665
2;2017;7;19;1;3;2;6;0;1;0;0;0;0;0;10.79896919;52.43710481
2;2017;6;16;7;3;4;6;0;1;0;0;1;0;0;8.291383332;52.41796922
2;2017;7;21;1;3;2;6;0;1;0;0;0;1;0;11.11902052;52.20826265
2;2017;7;2;7;2;9;1;0;1;0;0;0;2;1;8.242411882;52.20857921
2;2017;6;9;7;3;8;1;0;1;0;0;0;0;1;7.511570357;53.22687872
2;2017;6;9;7;2;8;1;0;1;0;0;0;0;1;7.407437737;53.24491592
2;2017;7;2;7;2;9;1;0;1;0;0;0;2;1;8.372156876;52.37501956
2;2017;7;13;7;3;2;6;0;1;0;0;0;0;1;7.940839043;52.67396375
2;2017;6;15;7;2;4;1;0;1;0;0;0;0;0;7.496790565;52.82083093
2;2017;6;10;7;2;4;1;0;1;0;1;0;0;1;7.104530357;52.42240039
2;2017;7;14;7;2;8;1;0;1;0;0;0;0;1;8.154753156;52.27146515
2;2017;6;4;7;3;4;6;0;1;0;0;0;1;1;7.341092274;52.86057631
2;2017;7;11;7;3;0;3;1;1;0;0;0;0;1;8.068127047;52.28164442
2;2017;6;12;7;2;9;1;0;1;0;0;0;0;0;7.199307487;52.51821244
2;2017;6;22;7;3;8;1;0;1;0;0;0;2;1;7.262139509;53.53860123
2;2017;6;10;7;3;9;1;0;1;0;0;0;0;1;7.483014267;53.65542678
2;2017;7;20;7;3;3;6;1;0;0;0;1;0;0;8.054828673;52.26404954
2;2017;6;18;7;1;8;1;0;0;0;1;0;0;1;9.219062164;52.97951787
2;2017;7;20;7;2;2;2;0;1;0;0;0;0;0;7.487929534;53.07929166
2;2017;7;19;7;3;9;1;0;0;0;1;0;0;0;7.257903246;52.33929117
2;2017;7;3;7;3;2;6;0;1;0;0;1;2;1;7.265024742;52.34068569
2;2017;7;8;7;3;6;4;0;1;1;0;0;0;1;7.597644296;53.63860629
2;2017;6;6;7;3;8;1;0;1;0;0;0;1;1;8.063623085;53.32868813
2;2017;7;7;7;3;8;1;0;1;0;0;0;0;1;7.68779057;53.50125288
2;2017;6;15;7;3;1;5;1;1;0;0;0;0;0;8.009862213;53.18313914
2;2017;7;9;7;3;5;3;0;1;0;0;0;0;1;7.171227678;53.5043574
2;2017;6;13;7;2;5;3;1;1;0;0;0;0;1;8.190051318;53.1283749
2;2017;7;11;7;3;2;6;0;1;0;0;0;0;1;7.385568099;53.48135909
2;2017;6;12;7;3;2;6;0;1;0;0;0;0;0;8.759039153;52.99024138
2;2017;6;10;7;3;2;6;0;1;0;0;1;0;1;8.788599758;52.98032186
2;2017;6;0;7;3;8;1;0;0;0;1;0;2;0;8.852236502;52.88650103
2;2017;6;17;7;3;5;3;1;1;0;0;0;0;1;8.572350568;53.04594217
2;2017;7;11;7;3;2;6;0;1;0;0;1;0;1;8.103775551;53.52865889
2;2017;6;2;7;3;0;1;1;0;0;0;0;2;1;8.34920721;53.02178363
2;2017;6;22;7;3;8;1;0;1;0;0;0;2;1;10.03892483;53.34609847
2;2017;6;18;7;3;2;6;0;1;0;0;0;0;1;10.08653476;53.26558531
2;2017;6;15;7;3;8;1;0;1;0;0;0;0;1;9.878725872;53.40330673
2;2017;6;11;7;3;1;5;0;1;0;0;1;0;1;10.04585178;53.39033621
2;2017;6;12;7;3;2;6;0;1;0;0;0;0;1;9.870948481;53.28743653
2;2017;6;13;7;3;8;1;0;1;0;0;0;0;1;9.128731264;53.81149975
2;2017;6;15;7;3;2;7;0;1;0;0;1;0;0;9.900927852;52.96388215
2;2017;6;12;7;3;2;6;0;1;0;0;0;0;0;9.916132884;52.97346378
2;2017;6;0;7;3;2;6;0;1;0;0;0;2;0;10.78340877;53.16989079
2;2017;6;18;7;3;4;2;1;1;0;0;0;0;0;10.03165994;52.63991373
2;2017;7;12;7;3;4;6;0;1;0;0;0;0;1;9.07020924;53.127921
2;2017;6;18;7;3;4;6;0;1;0;1;0;0;0;9.73003942;52.31879518
2;2017;6;14;7;3;6;4;0;1;1;0;0;0;0;9.801744724;52.43192474
2;2017;7;17;7;2;0;1;1;0;0;0;0;0;0;9.049726051;53.00005493
2;2017;6;9;7;2;4;1;0;1;0;0;0;0;0;9.615235736;52.53082988
2;2017;7;12;7;3;5;3;0;1;0;0;0;0;1;9.116057126;52.99514963
2;2017;6;14;7;3;1;5;1;1;0;0;0;0;0;9.991888453;51.69993389
2;2017;6;16;7;3;8;1;0;1;0;0;0;0;0;9.247642772;52.32606271
2;2017;7;11;7;3;5;3;1;1;0;0;0;0;1;8.197940847;53.16862029
2;2017;7;10;7;1;6;4;0;1;1;0;0;0;0;8.729209319;52.89635324
2;2017;7;12;7;3;9;1;0;1;0;0;0;0;1;8.599784419;53.14526919
2;2017;7;10;7;3;0;1;0;1;0;0;0;0;1;8.425869606;52.8901636
2;2017;6;20;7;3;5;3;1;1;0;0;0;0;0;9.799591702;51.98331912
2;2017;7;17;7;2;8;1;0;0;0;1;0;0;0;8.539454783;53.66691043
2;2017;6;18;7;3;2;7;0;1;0;1;0;0;0;10.19150049;52.05722836
2;2017;7;16;7;3;2;6;0;1;0;0;0;0;0;8.597128561;53.34939833
2;2017;7;6;7;3;8;1;0;1;0;0;0;0;1;9.309547268;53.54353578
2;2017;6;16;7;3;4;6;0;1;0;1;0;0;0;9.990900162;52.1851604
2;2017;7;11;7;3;2;6;0;1;0;0;0;0;1;9.437132303;53.59434876
2;2017;7;11;7;3;5;3;1;1;0;0;0;0;1;9.412245918;52.79440918
2;2017;6;22;7;2;8;1;0;0;0;1;0;2;1;9.213834161;51.98329552
2;2017;6;15;7;3;5;3;0;1;0;0;1;0;0;10.95622523;52.13761474
2;2017;7;11;7;2;9;1;0;1;0;0;0;0;1;9.051301687;53.18877209
2;2017;7;14;7;2;9;7;0;1;0;0;0;0;1;11.08016027;52.94059636
2;2017;6;12;7;2;4;1;0;0;0;1;1;0;0;10.66109069;52.36819111
2;2017;6;14;7;3;5;3;1;1;0;0;0;0;0;11.04294395;52.21598716
2;2017;7;10;7;3;9;1;0;1;0;0;0;0;1;9.629557979;52.42168374
2;2017;6;16;7;3;7;7;0;1;0;0;0;0;0;10.46102396;52.14581646
2;2017;7;0;7;3;8;1;0;1;0;0;0;2;1;9.655902799;52.406381
2;2017;6;16;7;3;5;2;0;1;0;0;0;0;0;10.33219017;52.22695536
2;2017;7;8;7;3;5;3;0;1;0;0;0;0;1;9.815250054;52.36367895
2;2017;6;23;7;3;8;1;1;0;0;0;0;2;0;10.56836528;51.95604354
2;2017;6;16;6;2;4;6;0;1;0;0;0;0;0;8.333205927;52.14648921
2;2017;7;12;7;3;2;6;0;1;0;0;0;0;1;9.733565087;52.38439276
2;2017;6;5;6;3;2;6;0;1;0;1;0;0;0;7.981114638;52.63839688
2;2017;7;11;7;3;9;1;0;1;0;0;0;0;1;9.811815631;52.40946375
2;2017;7;18;7;3;5;3;0;1;0;0;0;0;1;9.75733304;52.31988672
2;2017;7;11;7;3;2;6;0;1;0;0;0;0;1;9.725972645;52.60387881
2;2017;7;12;7;3;2;6;0;1;0;0;0;0;1;10.13391322;52.4592734
2;2017;6;21;6;3;8;1;0;1;0;0;0;0;0;8.07690188;52.26062313
2;2017;6;14;6;3;5;2;0;1;0;1;0;0;0;7.471080549;53.32064629
2;2017;7;18;7;2;4;6;0;1;0;0;0;0;1;9.798525826;52.35193319
2;2017;7;16;7;3;8;6;0;1;0;0;0;0;1;9.675990223;51.81516839
2;2017;7;18;7;3;9;1;0;1;0;0;0;0;1;9.820865369;51.84260513
2;2017;7;20;7;3;8;1;0;1;0;0;0;0;1;9.133080921;52.24412821
2;2017;7;12;7;3;2;6;0;1;0;0;0;0;1;9.916970261;52.20113422
2;2017;7;10;7;3;9;1;0;1;0;0;0;0;1;9.709711635;52.00022788
2;2017;6;13;6;3;2;6;0;1;0;1;0;0;0;7.392829711;53.22743132
2;2017;7;14;7;3;2;6;0;1;0;0;0;0;1;10.01006052;52.17752875
2;2017;6;20;6;2;4;1;0;1;0;0;0;1;0;7.666309157;52.82704121
2;2017;7;13;7;3;9;1;0;1;0;0;0;0;1;9.967896643;52.15007659
2;2017;6;9;6;3;5;5;0;1;0;0;0;0;0;7.46567826;53.4713616
2;2017;7;16;7;2;8;1;0;0;0;1;0;0;1;9.437585119;51.78804548
2;2017;6;9;6;3;5;3;1;1;0;0;0;0;0;7.745588477;53.16821945
2;2017;6;16;6;3;5;2;1;1;0;0;0;0;0;7.965139417;53.61262387
2;2017;7;22;7;2;9;1;0;1;0;0;0;2;1;9.550352017;52.0739105
2;2017;6;15;6;3;4;6;0;1;0;0;0;0;0;9.149500561;52.96126381
2;2017;6;20;6;3;8;1;0;1;0;0;0;0;1;9.187891976;53.03126177
2;2017;7;14;7;3;9;1;0;1;0;0;0;0;1;9.614778834;51.52232154
2;2017;6;16;6;2;5;3;1;0;0;0;0;0;0;9.156034358;52.96894988
2;2017;7;9;7;3;8;1;0;0;0;1;0;0;0;10.05853458;51.54716508
2;2017;6;5;6;3;9;1;0;1;0;0;0;1;0;8.225320886;53.2820849
2;2017;6;13;6;3;5;3;1;1;0;0;0;0;0;8.82488586;52.94048241
2;2017;6;18;6;3;2;6;0;1;0;0;0;0;0;8.341239789;53.12113452
2;2017;6;22;6;3;4;1;0;1;0;0;0;1;1;10.017028;53.42696023
2;2017;6;15;6;2;2;6;0;1;0;1;1;0;0;9.650027934;53.47496664
2;2017;6;14;6;3;9;6;0;1;0;0;0;0;0;9.694124899;52.67232623
2;2017;7;16;7;2;8;1;0;1;0;0;0;0;1;10.22139435;51.49066032
2;2017;6;0;6;3;2;7;0;1;0;0;1;2;0;9.731994497;52.86543275
2;2017;7;18;7;2;9;1;0;0;0;0;1;0;1;9.64945452;51.3727701
2;2017;7;17;7;3;8;1;0;1;0;0;0;0;1;9.87960793;51.56210195
2;2017;6;16;6;3;5;3;0;1;0;1;0;0;0;9.583166536;52.76299699
2;2017;7;16;7;3;4;1;0;1;0;0;0;0;1;9.926751973;51.53280974
2;2017;6;22;6;3;0;1;0;0;0;1;0;2;1;9.579157324;52.98500349
2;2017;7;7;7;3;8;1;0;1;0;0;0;0;1;10.87737959;52.25248459
2;2017;6;14;6;3;5;3;1;1;0;0;0;0;0;10.54518896;52.95669956
2;2017;7;1;7;3;9;1;0;1;0;0;0;2;1;10.45069898;52.14138344
2;2017;7;15;7;3;4;1;0;1;0;0;0;0;1;10.34695052;52.21461231
2;2017;6;2;6;3;0;7;0;0;0;1;0;2;1;9.984627669;52.66066795