ULAND;UJAHR;UMONAT;USTUNDE;UWOCHENTAG;UKATEGORIE;UART;UTYP1;IstRad;IstPKW;IstFuss;IstKrad;IstSonstig;LICHT;STRZUSTAND;XGCSWGS84;YGCSWGS84
2;2017;6;17;4;3;8;1;0;1;0;0;0;0;0;10.56219296;52.3836903
2;2017;6;15;4;3;4;1;0;1;0;0;0;0;0;10.53711024;52.35163903
2;2017;6;13;4;3;5;2;0;1;0;0;0;0;0;10.54433161;52.33968517
2;2017;6;10;4;3;5;3;0;1;0;0;0;0;0;10.46097243;52.36058682
2;2017;6;17;3;3;2;6;0;1;0;0;0;0;0;8.261251128;52.62902803
2;2017;6;13;3;3;5;3;0;1;0;0;1;0;0;7.961604617;52.74923866
2;2017;6;23;3;3;2;6;0;1;0;0;0;2;1;8.098826354;53.52868326
2;2017;6;15;3;3;8;1;0;1;0;0;0;0;0;8.842448195;53.25298154
2;2017;6;15;3;3;2;6;0;1;0;0;0;0;0;9.050462566;53.06055132
2;2017;6;16;3;3;8;1;0;1;0;0;0;0;0;8.40476775;52.31088526
2;2017;6;14;3;3;8;1;0;1;0;0;0;0;0;9.007252781;52.9516878
2;2017;6;20;3;3;5;3;0;1;0;0;0;0;1;8.19823318;53.24845327
2;2017;6;15;3;3;2;6;0;1;0;0;0;0;0;7.957670528;52.46854488
2;2017;6;14;3;3;5;2;0;1;0;0;0;0;0;7.955959019;53.18537536
2;2017;6;18;3;3;5;3;1;1;0;0;0;0;0;8.084267552;52.31015101
2;2017;6;12;3;2;9;1;0;1;0;0;0;0;0;8.709319955;52.99688358
2;2017;6;12;3;3;2;2;0;1;0;0;0;0;0;8.054134671;52.2656242
2;2017;6;4;3;2;9;1;0;1;0;0;0;1;0;8.783101134;52.55124528
2;2017;6;18;3;3;2;6;0;1;0;0;0;0;0;7.232275426;53.33975032
2;2017;6;9;3;3;5;3;1;1;0;0;0;0;0;7.708404116;52.86604706
2;2017;6;10;3;3;6;2;0;1;1;0;0;0;0;7.517830452;52.83232418
2;2017;6;8;3;3;2;2;0;1;0;0;0;0;0;7.436713098;53.07961857
2;2017;6;10;3;2;4;2;0;1;0;0;0;0;0;7.030930252;52.49219243
2;2017;6;11;3;2;4;1;0;1;0;0;1;0;0;7.443663404;52.68870989
2;2017;6;16;3;3;3;2;0;1;0;0;0;0;0;7.775535294;53.4485874
2;2017;6;19;3;2;0;1;0;0;0;1;0;0;0;7.135183757;53.48034114
2;2017;6;12;3;3;4;6;0;1;0;0;1;0;0;8.083384733;52.73325476
2;2017;6;16;3;3;8;3;1;0;0;1;0;0;0;8.02628773;53.40687329
2;2017;6;7;3;3;2;2;0;1;0;0;0;0;0;8.879524428;53.31959449
2;2017;6;16;3;2;8;7;0;0;0;0;1;0;0;8.181044335;52.95364307
2;2017;6;18;3;1;4;6;0;1;0;1;0;0;0;8.774957294;53.2324394
2;2017;6;14;3;3;5;3;0;1;0;0;0;0;0;8.582012257;53.44127015
2;2017;6;13;3;3;2;6;0;1;0;0;0;0;0;9.020369533;53.08433545
2;2017;6;12;3;3;0;7;0;0;0;1;1;0;0;8.595676964;53.45992907
2;2017;6;7;3;3;5;3;0;1;0;0;0;0;0;9.133655819;53.09547194
2;2017;6;17;3;3;2;6;0;1;0;0;1;0;0;9.731949041;53.45429247
2;2017;6;17;3;3;3;2;1;1;0;0;0;0;0;9.120052419;52.99850134
2;2017;6;13;3;2;9;6;0;1;0;0;1;0;0;9.453371114;53.686062
2;2017;6;6;3;3;5;2;0;1;0;0;0;0;0;7.855156188;53.16384228
2;2017;6;12;3;3;5;3;1;1;0;0;0;0;0;7.980791579;53.12463722
2;2017;6;14;3;2;5;3;0;1;0;0;0;0;0;10.08750606;52.98219237
2;2017;6;7;3;3;5;2;0;1;0;0;0;0;0;7.929249806;53.12205717
2;2017;6;9;3;3;5;3;1;1;0;0;0;0;0;8.229777569;53.13595905
2;2017;6;15;3;3;5;3;1;1;0;0;0;0;0;9.065068094;52.87642107
2;2017;6;13;3;3;5;3;0;1;0;0;0;0;0;9.320955823;53.28385294
2;2017;6;17;3;3;0;7;0;0;0;1;0;0;0;9.690933527;52.37688938
2;2017;6;15;3;3;4;1;0;1;0;0;1;0;0;8.724473546;52.61157121
2;2017;6;20;3;3;9;1;0;1;0;0;0;1;1;9.453626982;52.44648514
2;2017;6;13;3;3;4;2;0;1;0;0;0;0;0;8.476718571;53.50503155
2;2017;6;17;3;3;5;3;0;1;0;0;0;0;0;9.573808234;52.28252013
2;2017;6;10;3;3;3;6;0;1;0;0;0;0;0;9.822886987;52.42615631
2;2017;6;17;3;3;2;6;0;1;0;0;0;0;0;8.207561975;53.03519234
2;2017;6;19;3;3;5;3;1;1;0;0;0;0;0;9.782710328;52.37202597
2;2017;6;16;3;2;4;2;1;1;0;0;0;0;0;9.628243025;52.21240788
2;2017;6;15;3;3;2;6;0;1;0;0;0;0;0;8.594828384;53.04386724
2;2017;6;9;3;2;0;7;1;0;0;0;0;0;0;9.722203983;52.37835203
2;2017;6;8;3;3;2;2;0;1;0;0;1;0;0;8.802606801;53.44676661
2;2017;6;11;3;3;2;6;0;1;0;0;0;0;0;9.11526872;52.19369662
2;2017;6;17;3;2;8;1;0;1;0;0;0;0;0;8.733591544;53.57921343
2;2017;6;17;3;3;2;6;0;1;0;0;1;0;0;9.844447461;51.96720697
2;2017;6;17;3;2;8;7;0;1;0;0;0;0;0;10.31316043;53.42839072
2;2017;6;22;3;3;5;3;0;1;0;1;0;1;0;9.712496399;53.28112472
2;2017;6;4;3;1;9;1;0;1;0;0;0;0;0;9.283072592;53.59731268
2;2017;6;19;3;2;2;6;0;0;0;0;1;0;0;9.695170275;52.66932228
2;2017;6;12;3;3;5;3;1;1;0;0;0;0;0;9.594704699;52.85853092
2;2017;6;13;3;2;5;3;0;1;0;1;0;0;0;9.860501893;52.0000288
2;2017;6;11;3;3;5;3;0;1;0;0;0;0;0;9.812625017;53.17216727
2;2017;6;22;3;3;7;7;0;0;0;1;0;2;0;9.369494306;53.33400967
2;2017;6;8;3;2;9;7;0;0;0;0;1;0;0;9.812522479;51.97991762
2;2017;6;16;3;3;5;2;0;1;0;0;0;0;0;9.580197285;52.98549318
2;2017;6;17;3;3;3;6;0;1;0;0;1;0;0;9.216180473;53.13053001
2;2017;6;14;3;3;9;1;0;1;0;0;0;0;0;9.838871582;51.48270333
2;2017;6;9;3;3;5;3;0;1;0;0;0;0;0;10.3466549;53.18652313
2;2017;6;21;3;3;3;6;0;1;0;0;0;1;0;10.08045585;52.63415938
2;2017;6;12;3;3;2;6;0;1;0;0;0;0;0;10.08939737;52.62225145
2;2017;6;16;3;3;3;2;1;1;0;0;0;0;0;9.756551101;52.33412653
2;2017;6;12;3;3;5;2;1;1;0;0;0;0;0;9.665448965;52.33401557
2;2017;6;18;3;3;2;5;0;1;0;0;0;0;0;10.51835269;52.13978527
2;2017;6;12;3;3;8;1;0;0;0;1;0;0;0;10.30996397;51.80563865
2;2017;6;18;3;3;6;6;0;0;1;1;0;0;0;9.991961469;52.37543813
2;2017;6;19;3;3;5;3;0;1;0;0;0;0;0;10.42919655;52.5910414
2;2017;6;16;3;3;2;6;0;1;0;0;0;0;0;10.26564192;52.47881121
2;2017;6;9;3;3;2;6;0;0;0;0;1;0;0;10.53385753;52.31341498
2;2017;6;17;2;3;3;6;0;1;0;0;1;0;0;8.069982522;52.48878838
2;2017;6;15;3;2;4;6;1;0;0;0;0;0;0;9.507872556;52.34036166
2;2017;6;16;3;2;4;6;0;1;0;0;1;0;0;9.67068435;52.24539347
2;2017;6;7;2;2;8;7;0;1;0;0;0;0;1;8.29187083;52.25054485
2;2017;6;20;2;3;5;3;0;1;0;0;0;0;0;7.784580981;52.46416127
2;2017;6;13;3;1;2;6;0;1;0;0;1;0;0;10.0577697;52.46784844
2;2017;6;6;2;3;2;2;0;1;0;0;0;0;1;7.988551479;52.57099476
2;2017;6;14;3;3;3;6;0;1;0;0;0;0;0;9.764061968;52.50818896
2;2017;6;11;2;3;4;2;0;1;0;0;0;0;0;7.313824519;52.62251447
2;2017;6;13;3;2;2;6;0;0;0;0;1;0;0;9.18132505;52.21556903
2;2017;6;14;3;3;3;6;0;1;0;0;1;0;0;9.660160879;52.42641513
2;2017;6;8;3;3;9;1;0;0;0;1;0;0;0;9.613751777;51.63426679
2;2017;7;11;2;3;2;6;0;1;0;0;1;0;0;9.309595766;53.6128232
2;2017;7;9;2;3;8;1;0;1;0;0;0;0;1;9.46624996;52.4542529
2;2017;7;13;2;3;5;3;0;1;0;0;0;0;0;9.248835621;53.59012406
2;2017;7;10;2;3;8;1;0;0;0;0;1;0;0;9.537178779;53.33665559
2;2017;7;13;2;3;5;3;1;1;0;0;0;0;0;9.179837504;53.42973053
2;2017;7;9;2;3;8;7;0;0;0;0;1;0;0;9.299517822;53.20261117
2;2017;7;16;2;3;9;7;0;0;0;0;1;0;0;10.58122064;53.21768996
2;2017;7;18;2;2;5;3;1;1;0;0;0;0;0;9.727014892;52.36656617
2;2017;7;17;2;3;2;2;0;1;0;0;0;0;0;9.91838416;52.7096588
2;2017;7;6;2;3;8;1;0;0;0;0;1;0;1;9.62932231;52.42184383
2;2017;7;13;2;3;9;1;0;1;0;0;0;0;1;9.732410133;52.49266837
2;2017;7;8;2;3;0;3;1;1;0;0;0;0;0;9.730173979;52.36894195
2;2017;7;9;2;3;2;6;0;1;0;0;0;0;1;9.831264469;52.42268155
2;2017;7;7;2;3;6;4;1;0;1;0;0;0;1;9.737916869;52.36840273
2;2017;7;10;2;3;3;6;0;1;0;1;0;0;0;9.7615293;52.34586553
2;2017;7;13;2;3;8;1;0;1;0;0;0;0;1;9.812875168;51.84935184
2;2017;7;23;2;3;7;7;0;0;0;1;0;2;0;10.08369593;51.69034967
2;2017;7;14;2;3;2;6;0;1;0;0;0;0;1;9.088343815;52.16914781
2;2017;7;8;2;2;0;1;0;0;0;1;1;0;1;9.415969918;52.65199285
2;2017;7;10;2;3;8;1;0;1;0;0;1;0;1;9.887224827;52.29701736
2;2017;7;13;2;3;2;6;0;0;0;0;1;0;1;9.485068132;51.82256301
2;2017;7;19;2;2;5;3;0;1;0;0;1;1;0;9.274841017;52.13321892
2;2017;7;6;2;3;8;1;0;1;0;0;0;1;1;9.925791855;51.67811821
2;2017;7;16;2;3;9;1;0;1;0;0;0;0;1;10.22917154;52.08497625
2;2017;7;6;2;2;8;1;0;1;0;0;0;0;0;10.25861348;52.38850819
2;2017;7;22;2;3;4;2;0;1;0;0;0;2;0;10.32517387;52.14821233
2;2017;7;18;2;3;6;6;1;0;1;0;0;0;0;9.663748802;52.32393573
2;2017;7;5;2;3;9;1;0;1;0;0;0;1;0;10.4255787;52.36865408
2;2017;7;11;2;3;4;6;1;1;0;0;0;0;0;9.472721364;52.29983774
2;2017;7;14;2;2;2;6;0;0;0;0;1;0;0;10.31951541;52.33783886
2;2017;7;20;2;3;2;6;0;1;0;0;0;0;0;9.611385076;52.43380745
2;2017;7;18;2;3;2;6;0;1;0;0;0;0;0;9.820017205;52.40648281
2;2017;7;3;2;2;2;6;0;1;0;0;1;2;0;10.72064607;52.29668128
2;2017;7;8;1;3;3;6;0;1;0;0;0;0;0;8.143510054;52.19763861
2;2017;7;16;2;3;5;3;1;0;0;0;1;0;0;9.777362214;52.32822006
2;2017;7;15;2;3;2;6;0;1;0;0;0;0;0;9.735688714;52.40066343
2;2017;7;18;1;2;4;2;1;1;0;0;0;0;0;7.917471386;52.20986049
2;2017;7;13;1;3;8;1;0;0;0;1;0;0;0;8.01620748;52.17846869
2;2017;7;10;2;3;2;6;0;1;0;0;1;0;0;9.804901582;52.31790428
2;2017;7;16;1;3;5;3;0;1;0;0;0;0;0;7.831771201;52.47715891
2;2017;7;16;1;3;5;2;0;1;0;0;0;0;0;7.660723706;53.30412722
2;2017;7;10;2;3;3;7;1;0;0;0;1;0;0;9.76181512;52.34592643
2;2017;7;14;1;3;5;3;1;1;0;0;0;0;0;7.747652643;53.30749136
2;2017;7;4;2;2;2;6;0;0;0;0;1;2;1;9.337320929;52.2764123
2;2017;7;14;1;3;4;2;0;1;0;0;0;0;0;7.635067056;53.24933555
2;2017;7;19;1;3;8;1;0;1;0;0;0;0;0;7.259825908;52.8677638
2;2017;7;7;2;2;5;3;0;1;0;0;0;0;1;9.219232982;52.33272383
2;2017;7;9;1;2;8;1;0;1;0;0;0;0;0;7.379716636;52.70405994
2;2017;7;14;1;3;8;1;0;1;0;0;0;0;0;7.417731058;52.50752945
2;2017;7;15;1;3;0;6;0;0;1;1;0;0;0;7.40238347;53.36908625
2;2017;7;23;1;3;8;1;0;1;0;0;0;2;0;8.260979696;52.87506045
2;2017;7;20;1;3;2;6;0;1;0;0;1;0;0;8.229872875;52.66880614
2;2017;7;0;1;3;5;3;0;1;0;1;0;2;0;8.802531719;53.22078833
2;2017;7;17;2;2;4;2;0;1;0;0;0;0;0;9.150537525;52.65174497
2;2017;7;16;2;3;2;2;0;1;0;0;0;0;0;9.88635789;51.52729098
2;2017;7;17;1;3;8;7;0;1;0;0;0;0;0;8.656364765;53.03098254
2;2017;7;7;2;3;5;3;0;1;0;0;1;0;1;10.52136504;52.02575863
2;2017;7;17;1;3;2;6;0;1;0;0;1;0;0;8.65569182;53.03114607
2;2017;7;17;2;3;0;7;0;0;1;0;1;0;0;10.35774289;52.10652558
2;2017;7;15;2;2;5;3;1;1;0;0;0;0;0;10.08841691;52.30383255
2;2017;7;19;1;2;8;1;0;0;0;1;0;0;0;8.242587497;53.54998936
2;2017;7;19;2;3;1;5;0;1;0;0;0;0;0;10.47857949;51.90530445
2;2017;7;19;2;3;5;3;0;1;0;0;0;0;0;10.60421034;52.73255149
2;2017;7;22;1;3;5;3;1;1;0;0;0;1;0;8.633387407;53.0514179
2;2017;7;18;2;2;5;3;0;1;0;0;0;0;0;10.42232996;52.3504309
2;2017;7;19;1;2;4;2;0;1;0;0;0;0;0;7.652221903;53.30718073
2;2017;7;4;1;2;9;1;0;1;0;0;0;1;0;9.800792587;53.45752047
2;2017;7;15;1;3;4;6;0;1;0;1;0;0;0;6.979198791;52.51427459
2;2017;7;11;1;2;5;3;1;1;0;0;0;0;0;10.15890687;53.30167517
2;2017;7;20;1;3;8;1;0;1;0;0;0;0;0;7.08453639;52.64879805
2;2017;7;13;1;3;2;2;1;0;0;0;0;0;0;10.23030697;53.37306176
2;2017;7;12;1;3;5;3;1;1;0;0;0;0;0;9.568686603;53.54453552
2;2017;7;20;1;3;8;1;0;1;0;0;0;0;0;9.418179414;53.62633347
2;2017;7;19;1;3;2;6;0;1;0;0;0;0;0;9.685628235;52.70329935
2;2017;7;11;1;3;2;6;0;1;0;0;0;0;0;10.01404548;53.01692482
2;2017;7;20;1;3;8;1;0;1;0;0;0;0;0;7.191286238;53.62036586
2;2017;7;11;1;3;2;6;0;1;0;0;0;0;0;10.10054295;53.08961024
2;2017;7;21;1;3;5;3;1;1;0;0;0;1;0;9.803858884;53.11079718
2;2017;7;21;1;3;3;6;0;1;0;0;0;0;0;9.509489919;53.29260446
2;2017;7;10;1;3;5;3;0;1;0;0;1;0;0;11.04793823;53.12897082
2;2017;7;10;1;2;6;4;0;1;1;0;0;0;0;11.16916679;52.95673318
2;2017;7;14;1;3;2;6;0;0;0;1;0;0;0;10.73455986;53.29527036
2;2017;7;19;1;3;2;6;0;1;0;0;0;0;1;8.210591604;52.57458508
2;2017;7;18;1;3;2;6;0;1;0;0;0;0;0;9.733639038;52.36896205
2;2017;7;9;1;3;0;7;0;1;0;1;0;0;1;7.915202682;53.65741556
2;2017;7;12;1;3;8;1;0;0;0;1;0;0;1;9.218504843;52.89695961
2;2017;7;21;1;3;8;1;0;1;0;0;0;1;1;9.286483854;52.87136589
2;2017;7;22;1;3;9;1;0;1;0;0;0;0;1;8.665262374;52.76696848
2;2017;7;13;1;3;0;7;1;0;0;0;0;0;0;9.745045186;52.36747132
2;2017;7;10;1;3;6;7;0;1;1;0;0;0;1;8.649163591;53.88015333
2;2017;7;17;1;3;2;2;0;1;0;0;0;0;0;9.759716581;52.33515309
2;2017;7;12;1;3;8;1;0;0;0;1;0;0;0;9.623672048;52.16785398
2;2017;7;17;1;3;8;1;0;0;0;1;0;0;0;9.740888856;52.29931264
2;2017;7;13;1;3;2;2;0;1;0;0;0;0;0;9.698509177;52.34561997
2;2017;7;13;1;3;5;2;0;1;0;0;0;0;0;9.714575325;52.36107643
2;2017;7;2;1;3;9;1;0;1;0;0;0;2;0;9.77062927;53.02395828
2;2017;7;9;1;3;0;3;0;1;0;1;0;0;0;10.00108837;51.71427483
2;2017;7;3;1;3;7;7;0;1;0;0;0;2;0;9.75501817;52.0501841
2;2017;7;14;1;3;5;3;0;1;0;0;0;0;0;9.944050407;51.93419756
2;2017;7;11;1;2;9;7;0;0;0;1;0;0;0;9.651876415;51.97010777
2;2017;7;21;1;2;8;7;0;1;0;0;0;1;0;10.03074851;52.1387681
2;2017;7;10;1;3;0;1;0;0;0;1;0;0;1;9.75452773;51.95665872
2;2017;7;22;1;2;8;1;0;1;0;0;0;2;1;10.16648801;52.54363585
2;2017;7;18;1;3;2;6;0;1;0;0;0;0;0;9.774104588;52.37101203
2;2017;7;2;1;2;9;1;0;1;0;0;0;2;0;9.407078157;51.89881282
2;2017;7;14;1;3;5;2;0;1;0;0;0;0;0;9.724633556;52.24306897
2;2017;7;14;1;2;1;2;0;1;0;0;0;0;0;9.562961788;52.07796808
2;2017;7;17;1;3;5;3;0;1;0;0;0;0;0;9.461162492;52.46841951
2;2017;7;12;1;3;4;6;1;0;0;1;0;0;0;9.412175702;52.50522716
2;2017;7;14;1;3;5;3;1;1;0;0;0;0;0;9.634976265;52.09047128
2;2017;7;13;1;3;4;1;0;1;0;0;0;0;0;9.918985487;52.34115358
2;2017;7;3;1;3;9;1;0;1;0;0;0;2;0;9.865094612;51.77430282
2;2017;7;7;1;3;8;1;0;1;0;0;0;0;0;9.417717448;52.05925422
2;2017;7;8;1;3;5;2;0;1;0;1;0;0;1;10.27089975;52.06372447
2;2017;7;13;1;3;9;1;0;1;0;0;0;0;0;9.864995807;51.85835119
2;2017;7;22;1;3;7;7;0;0;0;1;0;2;1;9.400763803;52.3947498
2;2017;7;12;1;3;5;3;0;1;0;0;0;0;0;10.36325312;52.47990501
2;2017;7;11;1;3;0;7;1;0;0;0;1;0;0;9.807310551;52.19215733
2;2017;7;18;7;2;0;7;1;0;0;0;0;0;0;8.130236022;52.3078436
2;2017;7;17;7;3;0;1;1;0;0;0;0;0;0;8.35256305;52.1902047
2;2017;7;15;7;3;5;3;1;1;0;0;0;0;0;8.242901647;52.2806268
2;2017;7;12;7;2;7;7;0;1;0;0;1;0;0;8.124714418;52.32122735
2;2017;7;14;7;3;5;3;0;1;0;0;0;0;0;8.070603817;52.23515183
2;2017;7;16;7;3;2;6;0;1;0;0;0;0;0;8.02449849;52.29077715
2;2017;7;11;7;2;2;6;0;1;0;0;1;0;0;8.030366427;52.23908588
2;2017;7;22;7;3;2;6;0;1;0;0;0;1;0;7.693242545;52.85135378
2;2017;7;11;7;3;5;3;0;1;0;0;0;0;0;7.082834979;52.44073845
2;2017;7;11;7;3;2;6;0;1;0;0;1;0;0;7.616950653;53.66638497
2;2017;7;20;7;2;4;6;0;1;0;0;1;0;0;8.101501782;52.59731478
2;2017;7;15;7;3;5;3;0;1;0;0;0;0;0;9.051932094;53.00368712
2;2017;7;14;7;3;9;1;0;1;0;0;0;0;1;9.230564109;52.92400057
2;2017;7;10;7;3;2;6;0;1;0;0;0;0;0;9.251859416;52.96933876
2;2017;7;14;1;3;2;6;0;1;0;1;0;0;0;9.532041751;51.86666767
2;2017;7;5;7;3;9;7;0;1;0;0;0;1;0;8.566572596;52.57114515
2;2017;7;6;1;3;8;1;0;1;0;0;0;0;0;9.418393404;52.06172392
2;2017;7;2;1;3;7;7;0;1;1;0;0;2;0;9.362849789;52.10423326
2;2017;7;23;7;3;8;1;0;1;0;0;0;2;0;8.526099162;53.08625883
2;2017;7;11;1;3;3;6;0;1;0;0;0;0;0;10.82511689;52.43939086
2;2017;7;12;1;3;8;1;0;0;0;1;0;0;0;10.53367192;51.8448378
2;2017;7;12;7;2;8;1;0;1;0;0;0;0;1;8.618466435;53.32737626
2;2017;7;5;7;3;8;1;0;1;0;0;0;1;1;8.591141328;53.82390635
2;2017;7;10;1;3;8;1;0;1;0;0;0;0;0;10.63535062;51.8993017
2;2017;7;7;1;2;8;1;0;1;0;0;0;0;0;10.3771174;51.97536382
2;2017;7;11;7;3;2;6;0;1;0;0;0;0;0;9.675320899;52.79700136
2;2017;7;13;7;3;1;5;0;1;0;0;0;0;0;9.662261022;52.70516004
2;2017;7;9;1;2;4;7;0;1;0;0;1;0;0;10.53109641;52.34532293
2;2017;7;15;7;3;2;6;0;1;0;1;0;0;1;9.905207688;52.9933846
2;2017;7;17;7;3;3;6;0;1;0;0;1;0;0;8.188139372;52.10481513
2;2017;7;11;7;3;2;2;0;1;0;1;0;0;0;9.005929606;53.37740331
2;2017;7;14;7;3;2;2;0;1;0;0;0;0;1;9.325150609;53.15404323
2;2017;7;7;7;3;7;7;0;1;0;0;0;0;1;9.489823143;53.20168575
2;2017;7;16;7;3;2;6;0;1;0;0;0;0;0;8.045779566;52.2604726
2;2017;7;12;7;3;9;1;0;1;0;0;0;0;0;10.05492429;52.59717832
2;2017;7;14;7;3;1;5;1;1;0;0;0;0;0;8.067622336;52.28154712
2;2017;7;7;7;3;9;1;0;1;0;0;0;0;0;7.256638757;52.46918496
2;2017;7;0;7;3;0;1;0;0;0;0;1;2;1;7.208667774;52.74802261
2;2017;7;9;7;3;2;6;0;1;0;0;0;0;0;7.21173654;52.48114597
2;2017;7;20;7;3;2;6;0;1;0;0;0;0;0;9.732939002;52.42111407
2;2017;7;12;7;3;5;3;0;1;0;0;0;0;0;7.565341354;53.58795067
2;2017;7;9;7;2;2;7;0;0;0;1;1;0;0;9.07604966;52.52276195
2;2017;7;11;7;2;7;7;1;0;0;0;0;0;0;7.812992406;53.48257952
2;2017;7;20;7;2;6;4;0;1;1;0;0;0;0;9.036119067;52.26274087
2;2017;7;13;7;3;4;1;0;1;0;0;0;0;0;7.777881589;53.56776478
2;2017;7;16;7;2;8;7;0;0;0;1;0;0;0;10.13853307;52.0530568
2;2017;7;21;7;3;7;7;0;0;0;1;0;0;0;9.208073386;52.07517341
2;2017;7;12;7;2;8;1;0;0;0;0;1;0;0;11.00866717;52.29635442
2;2017;7;0;7;3;9;1;0;1;0;0;0;2;1;10.87133675;52.47085184
2;2017;7;14;7;2;5;2;0;1;0;1;0;0;0;7.088036753;53.49431735
2;2017;7;13;7;3;9;1;0;1;0;0;0;0;0;10.37730913;52.07381499
2;2017;7;17;7;3;5;3;0;1;0;1;0;0;0;10.1614835;52.24823764
2;2017;7;6;6;3;0;1;0;0;0;1;0;0;1;8.335548445;52.19329762
2;2017;7;16;6;3;6;4;0;1;1;0;0;0;1;8.133801756;52.31096734
2;2017;7;12;6;2;5;3;0;1;0;1;0;0;0;8.149546209;52.32223134
2;2017;7;17;6;3;5;3;0;1;0;0;0;0;0;7.99567882;52.57449561
2;2017;7;20;6;3;2;6;0;1;0;1;0;0;0;8.078547633;52.28512521
2;2017;7;15;6;3;6;4;0;1;1;0;0;0;0;8.065605972;52.2810536
2;2017;7;13;6;2;3;2;1;1;0;0;0;0;0;7.597879561;52.67369381
2;2017;7;19;6;3;5;3;1;1;0;0;0;0;0;7.793410821;53.57189461
2;2017;7;16;6;3;5;3;0;1;0;0;0;0;0;7.837394073;53.45603327
2;2017;7;14;7;3;5;2;0;1;0;1;0;0;0;7.971842031;52.85126663
2;2017;7;16;6;2;8;1;0;0;0;0;1;0;0;7.597853132;53.438514
2;2017;7;4;6;3;9;1;0;1;0;0;0;1;0;7.387355935;53.4536856
2;2017;7;10;7;3;5;3;1;1;0;0;0;0;1;8.01508629;53.50048841
2;2017;7;12;6;3;5;3;0;1;0;0;1;0;0;8.229974764;52.85462542
2;2017;7;23;7;2;4;2;0;1;0;0;0;2;0;7.804720749;53.1771638
2;2017;7;15;6;3;5;3;0;1;0;0;1;0;0;8.909386523;53.14903146
2;2017;7;14;6;3;2;6;0;1;0;0;0;0;0;9.157795739;52.91385241
2;2017;7;11;7;3;5;3;1;1;0;0;0;0;0;8.869959632;52.98582363
2;2017;7;17;7;3;5;3;1;1;0;0;0;0;0;8.828169424;52.91960475
2;2017;7;7;7;2;3;1;0;1;0;1;0;0;0;8.434285552;52.91459225
2;2017;7;2;7;3;2;6;0;1;0;0;1;2;0;8.286082739;53.10154678
2;2017;7;11;6;3;5;3;1;1;0;0;0;0;0;9.324740145;52.94166054
2;2017;7;17;7;1;4;6;0;1;0;0;0;0;0;8.445408395;53.43561821
2;2017;7;12;6;3;0;7;0;0;0;0;1;0;0;8.498890821;53.50998182
2;2017;7;17;7;3;5;3;1;1;0;0;0;0;0;8.478053781;53.10158382
2;2017;7;10;7;3;5;3;0;1;0;1;0;0;0;8.682039758;53.05683061
2;2017;7;11;6;3;5;3;0;1;0;0;0;0;0;8.341324476;53.12118405
2;2017;7;11;7;3;5;3;0;1;0;0;0;0;0;9.682718071;53.4650376
2;2017;7;17;7;2;5;3;0;0;0;1;1;0;0;9.619552605;52.91223632
2;2017;7;13;6;3;0;2;1;1;0;0;0;0;0;8.623281602;53.06462341
2;2017;7;11;6;3;2;6;0;1;0;1;0;0;0;8.831967652;53.4489017
2;2017;7;11;7;3;5;3;1;1;0;0;0;0;0;9.610586426;52.86628779
2;2017;7;10;7;2;3;2;0;1;0;0;0;0;0;9.658955642;52.77661293
2;2017;7;17;6;3;8;7;0;1;0;0;0;0;0;8.693437306;53.41576598
2;2017;7;20;6;3;5;2;1;1;0;0;0;0;0;8.597362785;53.59517205
2;2017;7;5;7;3;8;6;0;1;0;0;0;1;1;9.457902247;53.27241383
2;2017;7;17;6;2;1;7;0;1;0;1;0;0;0;9.13624851;53.70156322
2;2017;7;15;7;3;2;2;0;1;0;0;0;0;0;10.52903168;53.07948854
2;2017;7;17;6;3;2;6;0;1;0;0;0;0;0;10.03102412;53.39003879
2;2017;7;14;7;3;5;3;1;0;0;0;0;0;0;10.36743505;53.24714268
2;2017;7;13;6;3;5;3;1;1;0;0;0;0;0;9.700108138;53.2803039
2;2017;7;12;6;3;5;3;1;1;0;0;0;0;0;9.617775622;53.47857803
2;2017;7;11;7;3;2;6;0;1;0;0;0;0;0;10.12945709;52.62143336
2;2017;7;23;6;3;9;1;0;1;0;0;0;2;0;9.086347493;53.8100881
2;2017;7;10;7;3;2;6;0;1;0;0;0;0;0;9.698494738;52.3474795
2;2017;7;9;7;3;6;4;1;0;1;0;0;0;0;9.744675282;52.36901864
2;2017;7;13;7;3;2;6;1;0;0;0;0;0;0;9.724591235;52.60299341
2;2017;7;22;7;2;2;6;0;1;0;0;0;2;0;9.718922043;52.3335251
2;2017;7;14;6;3;2;6;0;1;0;0;0;0;0;9.433333099;53.59345505
2;2017;7;11;6;3;9;1;0;1;0;0;0;0;0;9.67001728;52.78603746
2;2017;7;21;7;3;9;1;0;0;0;1;0;0;0;9.89521547;51.72977594
2;2017;7;12;7;3;8;1;0;1;0;0;0;0;1;9.850119191;51.64603365
2;2017;7;22;7;2;6;4;0;1;1;0;0;2;0;9.799979777;51.99427856
2;2017;7;19;7;2;2;6;0;1;0;1;0;0;0;9.973517296;51.93890886
2;2017;7;16;7;3;2;6;0;1;0;1;0;0;0;9.932742104;52.23180434
2;2017;7;15;7;2;0;1;0;0;0;1;0;0;0;9.338979385;52.01485367
2;2017;7;20;6;2;9;1;0;1;0;0;0;0;1;9.411941511;52.76828251