ULAND;UJAHR;UMONAT;USTUNDE;UWOCHENTAG;UKATEGORIE;UART;UTYP1;IstRad;IstPKW;IstFuss;IstKrad;IstSonstig;LICHT;STRZUSTAND;XGCSWGS84;YGCSWGS84
2;2017;7;10;7;3;4;1;0;1;0;0;0;0;0;9.686728224;51.44759495
2;2017;7;11;6;3;5;3;0;1;0;0;0;0;0;9.691900015;53.12685859
2;2017;7;21;7;3;5;2;0;1;0;1;0;0;0;10.17861423;51.89408788
2;2017;7;23;6;2;9;1;0;0;0;1;0;2;0;9.440860844;53.03092594
2;2017;7;17;7;3;9;1;0;0;0;1;0;0;0;10.46739478;51.80625564
2;2017;7;11;6;2;8;6;0;1;0;0;0;0;0;9.973841217;52.63493637
2;2017;7;13;6;3;2;6;0;1;0;0;1;0;0;9.968465374;52.80148502
2;2017;7;15;7;3;5;3;0;1;0;1;0;0;0;10.53657491;51.80245983
2;2017;7;18;6;3;2;6;0;1;0;0;0;0;0;9.714826609;52.39846725
2;2017;7;9;6;3;4;7;0;1;0;0;0;0;0;9.593056432;52.40668073
2;2017;7;6;7;3;8;7;0;1;0;0;0;0;1;10.52727636;51.96257852
2;2017;7;21;6;3;5;3;1;1;0;0;0;1;1;9.724980457;52.45403674
2;2017;7;20;6;3;8;1;0;1;0;0;0;0;0;7.862846923;52.44221536
2;2017;7;21;6;3;9;1;0;1;0;0;0;2;1;9.932136113;52.44129039
2;2017;7;21;6;2;8;1;0;1;0;0;0;1;1;9.7788464;52.55391784
2;2017;7;14;6;3;2;6;0;1;0;0;1;0;0;10.1048307;52.36401899
2;2017;7;6;6;1;5;3;1;1;0;0;0;0;0;9.734573449;52.43843302
2;2017;7;5;6;3;4;1;0;1;0;0;0;1;0;9.826239365;52.08971739
2;2017;7;13;6;3;4;6;0;1;0;0;0;0;0;9.822323218;51.99534573
2;2017;7;14;6;2;5;3;0;1;0;1;0;0;0;8.030658546;52.50563303
2;2017;7;3;6;2;5;1;0;1;0;0;0;2;0;9.977383407;52.11004855
2;2017;7;16;6;2;4;1;0;1;0;0;0;0;1;7.539264419;52.56267158
2;2017;7;17;6;3;5;2;0;1;0;0;0;0;1;7.92871601;53.07501252
2;2017;7;18;6;3;2;6;0;1;0;0;0;0;0;10.02872106;51.77478569
2;2017;7;21;6;3;8;7;0;1;0;0;0;1;0;8.049712218;52.81002591
2;2017;7;19;6;3;5;2;0;1;0;1;0;0;0;10.05470502;52.25584046
2;2017;7;13;6;3;5;3;1;1;0;0;0;0;0;8.012261855;53.3901198
2;2017;7;9;6;3;0;2;0;1;0;0;0;0;0;10.40288328;52.59109395
2;2017;7;17;6;3;0;6;0;1;0;1;0;0;1;8.791671017;53.21807122
2;2017;7;17;6;3;2;6;0;1;0;0;1;0;0;9.246111635;52.96033568
2;2017;7;12;6;3;2;6;0;1;0;0;0;0;0;10.52600548;52.27542139
2;2017;7;10;5;3;5;3;1;1;0;0;0;0;0;8.045126175;52.1588913
2;2017;7;16;6;3;2;6;0;1;0;0;0;0;1;8.274060511;53.15473952
2;2017;7;14;6;3;9;1;0;0;0;1;0;0;1;7.903629687;53.27993965
2;2017;7;11;5;2;4;2;0;1;0;1;0;0;0;7.93010544;52.54764329
2;2017;7;19;5;3;2;6;0;1;0;0;0;0;0;7.751639602;53.25746821
2;2017;7;16;6;3;2;6;0;1;0;0;0;0;1;8.193723453;53.15080392
2;2017;7;0;5;3;7;7;0;1;0;0;0;2;0;7.761598597;53.26147037
2;2017;7;19;5;2;2;2;0;1;0;0;0;0;0;7.420032833;53.0620318
2;2017;7;15;6;3;5;3;0;0;0;0;1;0;1;8.069350661;53.1771431
2;2017;7;15;5;2;8;1;0;0;0;1;0;0;0;7.391941673;53.0396053
2;2017;7;13;6;3;2;6;0;1;0;0;0;0;0;8.068800836;53.18318152
2;2017;7;7;5;3;2;2;0;1;0;0;0;0;0;6.961033749;52.47341227
2;2017;7;10;6;3;2;6;0;1;0;0;0;0;0;8.21156405;53.11305424
2;2017;7;16;5;2;5;3;0;1;0;0;0;0;0;7.264005162;52.60055923
2;2017;7;5;6;3;5;3;0;1;0;0;0;0;0;8.453746839;53.48205733
2;2017;7;0;6;3;9;7;0;1;0;0;0;2;0;8.423676715;53.15424233
2;2017;7;22;6;3;5;2;0;1;0;0;0;1;0;8.417392695;52.88933313
2;2017;7;9;6;3;2;6;0;1;0;0;0;0;0;9.960551445;53.3786124
2;2017;7;8;6;3;3;6;0;1;0;0;1;0;0;9.961725025;53.37858988
2;2017;7;14;6;2;2;2;0;1;0;0;0;0;0;9.975833505;53.39490838
2;2017;7;13;6;3;5;3;0;1;0;1;0;0;0;9.495932706;53.45044354
2;2017;7;16;6;3;5;3;0;1;0;0;0;0;0;9.387723835;53.74652271
2;2017;7;13;5;3;0;7;1;0;0;0;0;0;0;7.328906809;52.5221743
2;2017;7;17;5;1;9;1;0;0;0;1;0;0;0;7.438934239;53.58910193
2;2017;7;11;5;3;5;3;1;1;0;0;0;0;0;8.094927405;52.47800512
2;2017;7;10;5;2;3;2;1;0;0;0;1;0;0;7.861058803;52.79555712
2;2017;7;1;6;3;0;1;0;0;0;0;1;2;0;9.809465558;52.91982551
2;2017;7;14;5;3;2;6;0;1;0;0;0;0;0;7.951686224;53.39038242
2;2017;7;15;6;3;2;6;0;1;0;0;0;0;0;9.619552605;52.91223632
2;2017;7;11;6;2;8;1;0;1;0;0;0;0;0;10.91118303;53.0697243
2;2017;7;15;6;3;1;5;0;1;0;1;0;0;0;10.10786943;52.60594577
2;2017;7;14;6;3;3;6;0;1;0;0;1;0;0;9.720753963;52.33908515
2;2017;7;15;5;3;3;2;1;1;0;0;0;0;0;8.116233588;53.52779306
2;2017;7;11;6;3;2;6;0;1;0;0;0;0;0;9.611348512;52.43350989
2;2017;7;13;5;3;2;2;0;1;0;0;0;0;0;8.5905959;53.24341933
2;2017;7;12;6;3;5;2;0;1;0;0;0;0;0;9.876286012;52.43503717
2;2017;7;18;5;3;6;6;1;0;1;0;0;0;0;8.969424348;53.0291702
2;2017;7;7;6;2;5;3;0;1;0;0;0;0;0;9.243659018;52.23812528
2;2017;7;19;5;3;2;6;0;1;0;0;0;0;0;8.024716809;53.4465824
2;2017;7;13;5;3;5;3;0;1;0;0;0;0;0;7.770306083;53.23952747
2;2017;7;19;6;3;5;5;0;1;0;0;0;0;1;9.388469357;52.37821528
2;2017;7;17;5;1;4;6;0;1;0;0;1;0;0;8.798540576;52.67066733
2;2017;7;21;5;2;8;1;0;0;0;1;0;0;0;8.461552098;53.25726882
2;2017;7;23;6;3;9;1;0;1;0;0;0;2;1;10.14794486;52.13957984
2;2017;7;8;5;3;5;3;0;1;0;0;1;0;0;8.682313533;53.34350771
2;2017;7;20;5;3;4;2;0;1;0;0;0;0;0;8.628447964;53.58061222
2;2017;7;11;6;3;5;3;1;1;0;0;0;0;0;10.02046691;52.09476873
2;2017;7;13;5;3;2;2;0;1;0;1;0;0;0;8.979065605;53.74727168
2;2017;7;12;6;3;4;2;0;1;0;0;1;0;0;9.968006878;52.18645433
2;2017;7;18;5;2;2;6;0;1;0;0;0;0;0;10.02752771;53.4038704
2;2017;7;15;6;2;5;3;0;1;0;1;0;0;0;9.449870048;51.79854476
2;2017;7;12;6;2;5;3;1;1;0;0;0;0;0;9.271616763;51.97467175
2;2017;7;11;6;3;2;6;0;1;0;0;0;0;0;9.544024238;52.11825738
2;2017;7;22;6;3;8;7;0;1;0;0;0;2;1;9.21121893;52.15417225
2;2017;7;9;6;3;0;7;1;1;0;0;0;0;0;9.35488239;52.11940148
2;2017;7;13;6;3;5;3;1;1;0;0;0;0;0;10.23662845;51.51838617
2;2017;7;14;6;3;4;2;1;1;0;0;0;0;0;9.917955143;51.53546538
2;2017;7;17;5;3;2;6;0;1;0;0;0;0;0;9.753595577;52.88106988
2;2017;7;18;6;3;5;3;0;1;0;0;0;0;0;10.56479543;51.95441203
2;2017;7;14;6;3;2;6;0;1;0;0;0;0;0;10.53811498;52.44067254
2;2017;7;15;6;2;4;7;0;1;0;0;0;0;0;10.53876258;52.36390339
2;2017;7;14;5;3;3;6;0;1;0;0;1;0;0;8.113030197;52.53556255
2;2017;7;13;5;3;2;6;0;1;0;0;1;0;0;8.004775562;52.26309495
2;2017;7;16;5;3;3;6;0;1;0;0;1;0;0;8.036338609;52.29738186
2;2017;7;19;5;3;0;1;1;0;0;0;0;0;0;9.273817816;53.30670449
2;2017;7;18;5;3;2;2;0;1;0;0;0;0;0;7.432051261;53.0800897
2;2017;7;16;5;2;3;6;0;1;0;0;0;0;0;7.211767501;52.48111053
2;2017;7;5;5;3;2;6;0;1;0;0;0;0;0;7.190260472;52.63357214
2;2017;7;11;5;3;0;1;0;0;0;1;0;0;0;7.434140185;53.5901464
2;2017;7;16;5;2;5;3;0;1;0;1;0;0;0;10.75181401;52.98670193
2;2017;7;14;5;3;5;3;0;1;0;0;0;0;0;7.198871511;53.59745106
2;2017;7;15;5;3;5;3;0;1;0;1;0;0;0;8.002296914;53.4867719
2;2017;7;7;5;3;5;3;0;1;0;0;0;0;0;11.11396752;53.11786805
2;2017;7;10;5;2;1;5;0;1;0;0;0;0;0;8.013097717;53.50903155
2;2017;7;15;5;3;6;4;0;1;1;0;0;0;0;10.73548398;53.18610877
2;2017;7;12;5;3;2;6;0;1;0;0;0;0;0;9.168011968;53.01836245
2;2017;7;11;5;3;2;6;0;1;0;0;0;0;0;10.10088199;52.60824264
2;2017;7;14;5;3;5;3;1;1;0;0;0;0;0;9.726761118;52.37574057
2;2017;7;18;5;3;2;6;0;1;0;0;0;0;0;8.026907762;53.4480109
2;2017;7;5;5;3;5;3;1;1;0;0;0;1;0;9.786845448;52.33527243
2;2017;7;7;5;3;5;3;0;1;0;1;0;0;0;9.7853836;52.20035508
2;2017;7;22;5;3;2;6;0;1;0;0;0;2;0;9.667177605;52.42933659
2;2017;7;17;5;3;3;6;0;1;0;0;1;0;0;9.651797308;52.42464743
2;2017;7;20;5;3;4;6;0;1;0;0;0;0;0;8.006472948;53.28730568
2;2017;7;10;5;3;2;1;0;0;0;1;1;0;0;9.858439516;52.30680195
2;2017;7;9;5;3;5;2;1;1;0;0;0;0;0;7.762698866;53.21962769
2;2017;7;17;5;1;6;4;0;0;1;0;1;0;0;9.830236479;51.99043036
2;2017;7;10;5;3;4;6;0;1;0;0;0;0;0;8.708713725;52.97892601
2;2017;7;10;5;2;5;3;0;1;0;1;0;0;0;8.845422829;53.61136223
2;2017;7;19;5;2;5;3;1;1;0;0;0;0;0;9.174367774;53.68575994
2;2017;7;20;5;3;3;6;0;1;0;0;1;0;0;10.07145454;53.38608548
2;2017;7;18;5;3;4;2;0;1;0;0;0;0;0;9.801526849;53.24033256
2;2017;7;13;5;3;9;1;0;0;0;1;0;0;1;9.435352644;53.4701863
2;2017;7;3;5;2;9;1;0;0;0;0;1;1;0;9.539199212;53.39740676
2;2017;7;12;5;3;2;2;0;1;0;0;0;0;0;9.830101131;51.98377916
2;2017;7;17;5;3;2;6;0;1;0;0;0;0;0;9.388840259;53.70793201
2;2017;7;16;5;3;0;2;0;1;0;1;0;0;0;9.3097639;53.61279008
2;2017;7;12;5;3;8;7;0;1;0;0;0;0;0;9.403774136;51.69671775
2;2017;7;19;5;3;9;1;0;0;0;1;0;0;0;9.57048979;53.54377516
2;2017;7;10;5;3;3;6;0;1;0;0;1;0;0;9.349030862;52.08835704
2;2017;7;18;5;3;5;3;1;1;0;0;0;0;0;9.97452711;53.10283718
2;2017;7;7;5;3;5;3;0;1;0;0;1;0;0;9.642043504;51.4226311
2;2017;7;21;5;3;8;1;0;1;0;0;0;1;1;9.977911319;51.48062868
2;2017;7;15;5;3;6;4;0;1;1;0;0;0;0;9.844430338;52.98683573
2;2017;7;13;5;3;0;7;0;0;0;0;1;0;0;9.940220584;51.52906152
2;2017;7;11;5;3;9;7;0;1;0;1;0;0;0;10.01476015;51.75985562
2;2017;7;16;5;3;2;6;0;1;0;0;0;0;0;9.225003846;53.11254116
2;2017;7;11;5;3;5;3;0;1;0;0;0;0;0;9.342406305;53.05923226
2;2017;7;7;5;3;3;2;0;1;0;1;0;0;0;10.29108384;52.13041521
2;2017;7;10;5;3;4;7;0;1;0;0;1;0;0;10.54939949;52.44355217
2;2017;7;11;5;3;9;1;0;1;0;0;0;0;0;9.341097699;53.23130027
2;2017;7;1;4;3;7;7;0;1;0;0;0;2;0;8.239962365;52.28335192
2;2017;7;15;4;3;2;6;0;1;0;0;1;0;0;7.978432654;52.65028117
2;2017;7;5;5;3;7;7;0;1;0;0;0;1;0;9.407921986;53.02836998
2;2017;7;7;4;2;8;6;0;1;0;0;0;0;1;7.399875243;53.29320196
2;2017;7;15;5;3;2;6;0;1;0;0;0;0;0;10.55088355;52.97467118
2;2017;7;19;4;3;3;6;0;1;0;0;0;0;0;7.762235719;53.26161267
2;2017;7;7;4;3;9;1;0;1;0;0;0;0;1;7.215640173;53.38843661
2;2017;7;20;5;3;4;6;1;0;0;0;0;0;0;10.08098881;52.62747099
2;2017;7;2;5;3;9;1;0;0;0;1;0;2;0;9.806161808;52.3718175
2;2017;7;1;5;3;7;7;0;1;0;0;0;2;0;9.800033684;52.35221181
2;2017;7;16;5;3;5;3;0;1;0;0;0;0;0;9.461085552;52.40285688
2;2017;7;16;5;3;5;7;0;1;0;1;0;0;0;9.527997738;52.19656441
2;2017;7;20;5;3;2;6;0;1;0;0;0;0;0;9.399939867;52.53633357
2;2017;7;15;5;3;5;3;1;1;0;0;0;0;0;9.929338753;52.34545608
2;2017;7;21;5;3;2;6;0;1;0;0;0;1;0;9.745295089;52.45285636
2;2017;7;15;5;3;2;6;0;1;0;0;0;0;0;9.79629609;52.39530585
2;2017;7;17;5;3;0;1;0;0;0;1;0;0;0;9.735209219;52.40570421
2;2017;7;16;4;3;4;6;0;1;0;0;0;0;0;6.89292216;52.57463332
2;2017;7;10;5;2;8;1;0;0;0;1;0;0;0;9.297369122;52.25208445
2;2017;7;19;5;2;5;2;0;1;0;1;0;0;0;9.14725955;52.33090259
2;2017;7;13;4;2;3;2;0;1;0;0;1;0;0;7.255572722;52.86982747
2;2017;7;18;5;3;9;1;0;1;0;0;0;0;0;9.812811534;52.14652436
2;2017;7;22;4;3;7;7;0;1;0;0;1;2;0;7.534049268;52.66671001
2;2017;7;14;5;3;5;3;0;1;0;0;0;0;0;10.0098308;52.02376977
2;2017;7;16;4;2;2;6;0;1;0;0;0;0;0;7.434081653;52.4038612
2;2017;7;8;4;3;5;2;0;1;0;0;0;0;0;7.612858297;53.64967403
2;2017;7;11;5;3;2;6;0;0;0;1;1;0;0;10.0102841;52.17653658
2;2017;7;15;4;2;5;3;1;1;0;0;0;0;0;7.756705309;52.7047013
2;2017;7;23;4;3;0;6;0;1;0;1;0;2;0;8.023347426;52.84358818
2;2017;7;12;4;3;3;6;1;0;0;0;0;0;0;8.175751248;53.39385452
2;2017;7;18;4;3;0;7;0;1;0;0;0;0;0;8.219143106;53.12397761
2;2017;7;17;4;3;5;3;0;1;0;0;0;0;0;8.872916766;52.99817882
2;2017;7;14;4;3;4;3;1;1;0;0;0;0;0;8.759039153;52.99024138
2;2017;7;18;5;3;5;3;0;1;0;0;0;0;0;9.625176588;51.88196576
2;2017;7;18;4;3;8;1;0;0;0;0;1;0;0;8.369097411;52.55005934
2;2017;7;11;5;3;2;2;0;1;0;0;1;0;0;9.447671954;52.14440416
2;2017;7;14;4;2;9;1;0;0;0;0;1;0;0;8.358070064;52.60580995
2;2017;7;18;5;2;5;3;0;1;0;0;0;0;0;10.30443454;52.16699792
2;2017;7;15;5;3;8;6;0;1;0;1;0;0;0;10.52490516;51.83276116
2;2017;7;13;5;3;5;3;0;1;0;0;0;0;0;10.42115723;52.33662926
2;2017;7;16;5;3;2;6;0;1;0;0;1;0;0;10.52348573;52.23697751
2;2017;7;14;4;3;5;3;0;1;0;0;0;0;1;8.465532311;52.193422
2;2017;7;7;4;2;4;2;0;1;0;0;0;0;1;10.06938915;53.30833091
2;2017;7;14;4;3;8;1;0;1;0;0;0;0;1;8.105242475;52.34594542
2;2017;7;13;4;2;5;3;0;1;0;1;0;0;0;9.71274571;53.28121431
2;2017;7;16;4;3;3;2;0;1;0;0;1;0;1;8.061475067;52.14129793
2;2017;7;7;4;3;2;6;0;1;0;0;0;0;1;9.666989731;53.06693038
2;2017;7;7;4;3;8;1;0;0;0;1;0;0;1;9.666961599;53.06692887
2;2017;7;14;4;3;5;3;0;1;0;0;0;0;1;8.363403152;52.32184348
2;2017;7;14;4;2;5;3;0;1;0;0;0;0;0;9.086163087;53.22664681
2;2017;7;8;4;3;2;2;0;1;0;0;0;0;0;9.15012214;53.48595608
2;2017;7;13;4;3;2;6;0;1;0;0;0;0;1;7.958896388;52.49562475
2;2017;7;18;4;3;8;1;0;0;0;0;1;0;0;10.09771448;52.61228224
2;2017;7;10;4;3;0;7;0;0;0;0;1;0;0;9.685862742;52.37914431
2;2017;7;8;4;2;0;7;0;1;1;0;0;0;1;8.029083283;52.27450677
2;2017;7;19;4;3;4;1;0;1;0;0;0;0;0;9.791953948;52.31545264
2;2017;7;18;4;3;5;3;1;1;0;0;0;0;0;7.207589111;53.39244047
2;2017;7;11;4;3;5;3;1;1;0;0;0;0;0;9.799422205;52.40950223
2;2017;7;16;4;3;5;3;1;1;0;0;0;0;0;9.359719338;52.45420342
2;2017;7;6;4;2;4;6;0;1;0;0;1;0;1;7.797593718;53.35102691
2;2017;7;18;4;2;5;3;1;0;0;0;1;0;0;7.213899108;52.51232718
2;2017;7;14;4;3;2;6;0;1;0;0;0;0;0;7.951179354;53.00615024
2;2017;7;18;4;3;5;3;0;1;0;0;0;0;0;8.059506496;52.81250186
2;2017;7;7;4;3;2;2;0;1;0;0;0;0;1;7.956801212;53.38984739
2;2017;7;15;4;3;4;2;0;1;0;0;0;0;1;8.821211372;53.19385839
2;2017;7;16;4;3;0;7;1;0;0;0;1;0;0;9.556222434;52.20330383
2;2017;7;16;4;3;5;3;1;1;0;0;0;0;0;7.98905457;53.19461485
2;2017;7;12;4;3;4;2;0;1;0;0;0;0;1;8.450751244;53.47114486
2;2017;7;15;4;3;2;6;0;1;0;0;0;0;0;8.674962646;53.04111335
2;2017;7;16;4;3;4;1;0;1;0;0;0;0;1;8.637893509;53.49477756
2;2017;7;9;4;3;0;1;0;1;0;1;0;0;1;8.893186569;53.79589991
2;2017;7;16;4;3;0;6;0;1;0;0;1;0;1;10.07499866;53.2976799
2;2017;7;8;4;3;4;6;0;1;0;0;0;0;0;9.493275867;52.59598001
2;2017;7;13;4;3;5;3;0;1;0;0;0;0;1;9.795711704;53.46274953
2;2017;7;15;4;3;5;2;0;1;0;0;0;0;0;9.462937803;52.31435582
2;2017;7;8;4;3;6;4;0;0;1;0;1;0;1;10.02338505;53.42209621
2;2017;7;17;4;3;0;7;0;0;0;0;1;0;0;9.743255606;52.36817294
2;2017;7;18;4;3;9;1;0;1;0;0;0;0;1;10.13784934;52.92952783
2;2017;7;10;4;3;3;6;0;1;0;0;0;0;0;9.899225321;52.40231401
2;2017;7;5;4;3;3;6;0;1;0;0;1;0;0;9.23777734;52.23085582
2;2017;7;19;4;3;1;5;0;1;0;1;0;0;0;9.106301642;52.15780587
2;2017;7;14;4;3;3;5;1;1;0;0;0;0;1;9.790899609;53.11470667
2;2017;7;16;4;3;8;1;0;1;0;0;0;0;1;9.288354052;53.39752973
2;2017;7;14;4;3;5;3;0;1;0;0;1;0;1;10.57541483;52.96371584
2;2017;7;12;4;2;4;6;0;1;0;0;0;0;1;10.56893601;52.98693254
2;2017;7;6;4;2;8;1;0;1;0;0;0;0;0;9.497546756;51.76658393
2;2017;7;14;4;3;2;6;0;1;0;0;0;0;0;9.382562016;52.10215241
2;2017;7;20;4;2;8;1;0;1;0;0;0;0;0;9.931611347;51.69016536
2;2017;7;11;4;3;5;3;0;1;0;0;0;0;0;10.25854214;52.38749317
2;2017;7;14;4;3;5;3;0;1;0;0;0;0;1;10.75588984;53.23291893
2;2017;7;6;4;3;5;3;0;1;0;0;0;0;0;10.24741541;52.22746097
2;2017;7;19;4;2;4;2;0;1;0;1;0;0;0;10.41114446;52.20334847
2;2017;7;16;4;3;5;2;0;0;0;0;1;0;0;10.40897906;52.34771091
2;2017;7;18;3;2;0;1;0;0;0;1;0;0;0;8.094035975;52.22748468
2;2017;7;8;3;3;8;1;0;0;0;1;0;0;0;7.90747807;52.65849891
2;2017;7;17;4;3;2;6;0;1;0;0;1;0;1;9.720613448;52.42150532
2;2017;7;14;3;3;5;2;0;1;0;0;0;0;0;8.045838619;52.26804596
2;2017;7;14;3;3;4;6;0;1;0;0;0;0;0;7.633261309;53.14029656
2;2017;7;11;4;3;2;6;0;1;0;0;0;0;1;9.735658982;52.39501767
2;2017;7;14;4;3;5;3;0;1;0;0;1;0;1;9.735863089;52.29636406
2;2017;7;20;4;3;8;1;0;1;0;0;0;0;1;9.462871551;52.3428647
2;2017;7;7;4;3;4;1;0;1;0;0;0;0;1;9.490494325;52.3891003
2;2017;7;21;4;3;2;6;0;1;0;0;0;0;1;9.618389011;52.42860282
2;2017;7;12;4;3;2;2;0;1;0;0;0;0;1;9.928295204;52.34467878
2;2017;7;7;3;3;2;7;0;1;0;0;0;0;0;7.444624053;53.30303725
2;2017;7;19;4;3;9;7;0;1;0;0;0;0;1;9.886133955;52.51004397
2;2017;7;23;4;3;9;1;0;0;0;0;1;0;1;9.405876726;52.33231414
2;2017;7;16;3;2;8;7;0;1;0;0;0;0;0;7.432346791;53.23033243
2;2017;7;18;4;2;8;6;0;1;0;1;0;0;1;9.734953809;52.39308917
2;2017;7;2;4;3;3;6;1;0;0;0;0;2;0;9.7640905;52.34318528
2;2017;7;16;3;3;0;7;0;0;0;0;1;0;0;7.602231116;52.98149991
2;2017;7;14;4;3;5;3;1;1;0;0;0;0;1;9.651721015;52.41711416
2;2017;7;15;4;2;6;4;0;0;1;0;1;0;1;9.748420911;52.36282363
2;2017;7;13;4;2;2;2;0;1;0;0;0;0;1;9.777470118;52.55363466
2;2017;7;16;4;3;9;1;0;1;0;0;0;0;1;9.672378374;51.79205803
2;2017;7;14;4;2;4;1;0;1;0;0;0;0;1;9.84872109;51.65575018
2;2017;7;21;4;2;8;1;0;0;0;1;0;1;0;8.738007299;52.47825398
2;2017;7;19;4;3;5;3;0;1;0;1;0;0;1;9.060120964;52.68542752
2;2017;7;15;4;3;2;1;0;1;0;0;0;0;1;9.734989918;52.17322611
2;2017;7;15;4;3;9;1;0;1;0;0;0;1;1;10.03882627;52.19049863
2;2017;7;15;3;3;4;2;0;1;0;1;0;0;0;7.156854507;53.40911019
2;2017;7;13;4;3;2;6;0;1;0;0;0;0;1;10.1228678;52.10494625
2;2017;7;7;4;3;2;6;0;1;0;0;0;0;1;10.02509297;52.09712948
2;2017;7;16;3;3;0;1;0;0;0;1;0;0;0;8.215994193;52.66255639
2;2017;7;14;4;3;8;1;0;1;0;0;0;0;1;10.04955515;51.44451988
2;2017;7;21;2;3;5;3;1;1;0;0;0;1;0;7.8528204;53.01648339
2;2017;7;7;3;3;2;6;0;1;0;0;0;0;0;8.772272029;53.21193278
2;2017;7;6;3;3;5;3;0;1;0;0;0;0;0;9.30827578;52.89926214
2;2017;7;17;4;3;8;1;0;1;0;0;0;0;1;9.759994989;51.56551235
2;2017;7;14;3;3;3;6;0;1;0;0;1;0;0;9.281843908;52.93306612
2;2017;7;14;3;2;4;6;0;1;0;0;1;0;0;8.799533471;52.61306908
2;2017;7;13;3;2;9;1;0;1;0;0;0;0;0;8.538845755;52.50579026
2;2017;7;18;3;3;2;6;0;1;0;1;0;0;0;8.330710182;53.52618268
2;2017;7;15;3;3;2;6;0;1;0;0;1;0;0;8.186346101;53.33833726
2;2017;7;16;3;3;5;2;0;1;0;1;0;0;0;8.273829745;53.00466196
2;2017;7;15;3;3;2;6;0;1;0;0;0;0;0;8.529383295;53.0629286
2;2017;7;10;4;3;2;6;0;1;0;0;0;0;1;9.871111068;51.58864005
2;2017;7;11;3;3;5;3;1;1;0;0;0;0;0;8.447893215;52.94122687
2;2017;7;11;4;3;8;1;0;0;0;0;1;0;1;10.64222506;52.10261231
2;2017;7;8;3;3;5;3;1;1;0;0;0;0;0;9.909655665;53.3327
2;2017;7;8;4;3;2;2;0;1;0;0;1;0;1;10.49052788;52.13618349
2;2017;7;19;4;3;9;1;0;1;0;0;0;0;1;10.35485226;52.03473017
2;2017;7;18;4;3;3;1;1;1;0;0;0;0;1;10.48289161;51.89869109
2;2017;7;16;4;3;5;3;0;1;0;0;0;0;1;10.76113878;52.49789461
2;2017;7;6;3;3;5;3;0;1;0;0;0;0;0;9.570215006;53.50738834
2;2017;7;16;4;3;3;6;0;1;0;0;0;0;1;10.52452409;52.46779042
2;2017;7;10;4;3;9;1;0;1;0;0;0;0;1;10.49009332;52.28354634
2;2017;7;9;3;3;5;3;1;1;0;0;0;0;0;9.684158862;53.48337527
2;2017;7;13;3;3;5;3;0;1;0;0;1;0;0;8.424514078;52.23165171
2;2017;7;9;3;3;3;6;0;1;0;0;0;0;0;9.347176732;53.5493347
2;2017;7;12;3;3;3;7;0;1;0;0;0;0;0;8.023524198;52.29125356
2;2017;7;14;3;3;2;6;0;1;0;0;0;0;0;9.416212755;53.11534146
2;2017;7;0;3;1;6;6;0;1;1;0;0;2;0;9.414050453;53.12848052
2;2017;7;11;3;3;5;3;1;0;0;0;0;0;0;8.036516161;52.28109122
2;2017;7;18;3;3;5;3;1;1;0;0;0;0;0;10.15941468;53.16317806
2;2017;7;20;3;3;5;3;1;1;0;0;0;0;0;9.733770851;52.41764258
2;2017;7;17;2;3;5;3;0;1;0;0;0;0;0;7.716683174;52.75728495
2;2017;7;9;2;3;2;6;0;1;0;0;1;0;0;7.966268429;53.3482954
2;2017;7;11;3;3;2;6;0;1;0;0;0;0;0;9.812800592;52.40953699
2;2017;7;15;3;3;2;6;0;1;0;0;0;0;0;9.440764179;52.33055829
2;2017;7;10;3;2;5;3;0;1;0;0;0;0;0;7.083184939;52.35849514
2;2017;7;18;3;3;9;1;0;1;0;0;0;0;0;7.049578286;52.44153481
2;2017;7;14;3;3;2;6;0;1;0;0;0;0;0;7.483900834;53.47235924
2;2017;7;8;3;3;5;3;1;1;0;0;0;0;0;8.013303544;53.50352776
2;2017;7;20;3;3;8;1;0;1;0;0;0;0;1;9.24085135;52.89315811
2;2017;7;17;3;3;5;3;1;1;0;0;0;0;0;9.609083254;52.40595872
2;2017;7;16;3;3;4;2;0;1;0;0;0;0;1;9.226924983;52.98437675
2;2017;7;18;3;3;3;6;0;1;0;0;0;1;0;8.990054529;53.04408377
2;2017;7;17;3;3;5;2;0;1;0;0;0;0;0;9.99549305;52.4440085
2;2017;7;16;3;2;8;1;0;1;0;0;0;0;1;8.145486915;53.30188854
2;2017;7;16;3;3;8;1;0;1;0;0;0;0;1;8.01115975;53.24683748
2;2017;7;16;3;3;2;6;0;1;0;0;1;0;0;9.349416051;52.28055582
2;2017;7;3;3;3;7;7;0;1;0;0;1;2;1;7.972702504;53.25240209
2;2017;7;16;3;3;4;6;0;1;0;0;0;0;1;8.066179986;53.214257
2;2017;7;18;3;3;2;2;0;1;0;0;0;0;0;9.222667635;52.76197063
2;2017;7;15;3;2;5;3;0;0;0;0;1;0;0;7.987852907;53.23829026
2;2017;7;14;3;3;3;2;1;1;0;0;0;0;0;9.847400934;52.23654425
2;2017;7;14;3;2;4;6;0;1;0;0;1;0;0;8.692216244;52.63263767
2;2017;7;15;2;3;5;3;0;1;0;0;0;0;0;9.081304439;53.00037551